{"type":"FeatureCollection", "features": [
{"type":"Feature","geometry":{"type":"Polygon","coordinates":[[[90.54483049600003,23.08013315200003],[90.5160954100001,23.080759794000187],[90.51477265400007,23.069425298000112],[90.51632076499999,23.057945931],[90.51098259300011,23.057536461999973],[90.50679575800018,23.061375466000186],[90.50165128300006,23.05827544600004],[90.50620214700018,23.047353419000046],[90.51110253900009,23.04227684300014],[90.50075414800017,23.03988905300008],[90.49515308600019,23.033436694000102],[90.49335341500006,23.0209900590001],[90.48958193900006,23.020769168000015],[90.47472524300008,23.013368800000023],[90.45687782800013,23.012956097000085],[90.45345286899999,23.018250861000126],[90.44355722200004,23.016329485000142],[90.41880345300012,23.00669066300003],[90.41526131300014,23.007510726000078],[90.41161177000009,23.021390836000137],[90.41885329600007,23.030268285000034],[90.42499223300007,23.034471424000117],[90.42582072500005,23.041310763000126],[90.41312262800005,23.04588460100001],[90.40994334100014,23.043942153000046],[90.40229950500009,23.04870888300013],[90.39596367600012,23.049413214000026],[90.3845137780001,23.056176881],[90.37833194100011,23.054453224000156],[90.36942999200016,23.058781992000036],[90.3663090300002,23.056908080000028],[90.35171223900011,23.05603790000015],[90.33087649100008,23.057429572000046],[90.31216883300016,23.053280443000176],[90.31057273300007,23.049787701000014],[90.31160275400009,23.034607344000165],[90.32154769300007,23.02029017300009],[90.3284655970001,23.014282426000136],[90.32994738800005,23.002642228000184],[90.32798851800015,22.993324915000073],[90.3225850300002,22.985030408000114],[90.31625436900015,22.981456099000013],[90.2922260150001,22.97607105800006],[90.28989889000002,22.974222995],[90.27500313000019,22.97630427400003],[90.25695387400015,22.96611436300003],[90.25822532300009,22.974180833000105],[90.25062741600004,22.97859725100011],[90.24412517700017,22.97618768700005],[90.23928699900006,22.968146758000046],[90.2354002850002,22.966345595000178],[90.22923516300006,22.985498269000175],[90.22881335700015,22.99255449700013],[90.23274048100018,23.006373178000104],[90.23241232800012,23.03184261700011],[90.23784297200007,23.045865499000058],[90.23529104900018,23.050358440000082],[90.22680255700004,23.055518829000107],[90.22037085500011,23.06897601600008],[90.21436603799998,23.074419343000045],[90.20455149100019,23.068012408000072],[90.19954010800006,23.059911800000066],[90.19156410600004,23.062777853000114],[90.1805516600001,23.064072359000136],[90.17904462100006,23.06710949600017],[90.16288862900018,23.07071502700012],[90.15655869500011,23.066428889000065],[90.15771621900012,23.062268966000033],[90.15317471000014,23.054852170000117],[90.1463180360002,23.055539843000076],[90.13662984299998,23.053038904000175],[90.14304122200014,23.049352272000135],[90.14279631900007,23.044476732000135],[90.13637830900018,23.044349158000102],[90.12730845700003,23.026138624000055],[90.12965341500006,23.02409968699999],[90.12637909200015,23.005129905000047],[90.09415512300018,23.006570590000138],[90.09271400400019,22.99996574200003],[90.08743659700008,22.988699519000022],[90.08283748600013,22.983383543000173],[90.07747600200008,22.983031690000075],[90.0690430140001,22.967613194000137],[90.05908908100008,22.971250934000068],[90.05688357700006,22.96229956200017],[90.05850940700009,22.958929478000186],[90.05697295300018,22.947141321000117],[90.06108664300018,22.942885011000044],[90.05671709100011,22.931632207000177],[90.03591233000009,22.934116641],[90.03284599900013,22.91816183500009],[90.02662353200003,22.905220182000164],[90.02212512900002,22.898838666000074],[90.02308079700009,22.892280162000134],[90.01867930600014,22.88846857700014],[90.01803743600016,22.86843667100004],[90.01075062600012,22.86641380800006],[90.0018053550001,22.86668742400019],[89.99273408200014,22.86409914400008],[89.98775721800013,22.86569327000018],[89.9826343680001,22.859698997000066],[89.97562155700007,22.85726578200007],[89.96964769500016,22.859008237000126],[89.96700684400008,22.854098591000138],[89.95292695100011,22.853387095000073],[89.94507410600005,22.862351876000105],[89.94095427600007,22.860952642000143],[89.94359785100005,22.852423159000068],[89.94232238600011,22.84596310300003],[89.94880987100015,22.83580682900009],[89.94892125700017,22.823789867000073],[89.93803276800008,22.82350360900017],[89.91737281100018,22.808990710000103],[89.9161710690002,22.79979833100009],[89.93317065300005,22.793238880000104],[89.93832303600016,22.788227265000103],[89.93999884400006,22.78321420500015],[89.93266093800008,22.78213852600004],[89.92513985900013,22.783630399000117],[89.91888688800015,22.782104027000116],[89.91649687900019,22.77706171400007],[89.90797414800011,22.7752855330001],[89.90734323200013,22.75654249000013],[89.91288051800018,22.752484949000063],[89.92510759700014,22.754521478000072],[89.9331978680001,22.75197981600013],[89.93297952700004,22.74532412600007],[89.92931088900008,22.739062167000043],[89.92718270600017,22.7218067500001],[89.91536785900018,22.724395881000135],[89.90899636200015,22.72713186800013],[89.90388992700014,22.726071929000113],[89.88864775500002,22.718801162999966],[89.87457227200008,22.70991733500017],[89.86661568100016,22.706581958000186],[89.86125615300011,22.702317979000043],[89.86043014000006,22.695932645000028],[89.86558985100004,22.691097215000127],[89.87404841400007,22.69347772200001],[89.90105753300008,22.696529790000113],[89.91574083700016,22.693755787000043],[89.93200617000008,22.68433224200004],[89.9371022380002,22.678518814000086],[89.93305188700003,22.674142547000088],[89.92063703200017,22.66743950400013],[89.90782852800015,22.65636957600009],[89.90486099800012,22.657476906000056],[89.90330785400005,22.665673963000188],[89.89602535300008,22.676735807000057],[89.89339598200007,22.676153670000133],[89.88700039000008,22.66704998000006],[89.88937171900005,22.656655695000097],[89.90026850600009,22.65043410200019],[89.91198813800008,22.646604649000153],[89.91626248600005,22.647228399000028],[89.92653895800015,22.64416199200008],[89.9236949050001,22.635918477000075],[89.92276048500008,22.62149998500007],[89.91550366300004,22.60371377200005],[89.92474153700005,22.603803557000106],[89.95014604600016,22.600450588000058],[89.95797799200017,22.59731580600004],[89.96204187800015,22.592499488000158],[89.96170067700007,22.579036616000167],[89.95603264600015,22.55836778200012],[89.95138849500017,22.54636935999997],[89.94552107100003,22.5373696530001],[89.92982469300017,22.521502174000034],[89.92058532500005,22.51109072700001],[89.92366868700009,22.507955164],[89.94010280100008,22.508962628000063],[89.96226056700004,22.508332445000065],[89.96651850400013,22.506366229000093],[89.96583001500011,22.49270891900005],[89.95140468,22.49118612900014],[89.9410944920001,22.49260490500012],[89.92312858100019,22.49893445400005],[89.91314751800007,22.50456434200015],[89.88967044200018,22.50423152700006],[89.88326480800009,22.501932378000163],[89.88035875800017,22.49725063400001],[89.88114819000009,22.489296777000163],[89.88565446899997,22.480801285000155],[89.8975187170002,22.473378776000175],[89.91128332200003,22.47184566900006],[89.92526809800017,22.47630297900008],[89.93690778900003,22.473627104000116],[89.9404788240002,22.4709250250001],[89.9435868830002,22.463499358000035],[89.94123223500009,22.454427018000104],[89.93136176500013,22.44554081300015],[89.92480082400004,22.44313804],[89.91021511600007,22.444380266000167],[89.89929075200018,22.440358179000157],[89.89138701400009,22.435377542000083],[89.88594049900001,22.428231996000022],[89.87749470900008,22.425999265000144],[89.86967521100019,22.417706630999987],[89.87037017200004,22.40732475800013],[89.87769144000009,22.397255175],[89.89360142700008,22.38320707100013],[89.89883188100015,22.3736477920001],[89.89867714000007,22.36180618200018],[89.89395546999998,22.346621247000087],[89.8884145290001,22.337206170000115],[89.87370500700018,22.317957066000076],[89.86637321100017,22.303324812000028],[89.85939566899998,22.279364666000106],[89.85735738700009,22.259114875000023],[89.85881086000018,22.246662406000098],[89.86392978900017,22.22441983600004],[89.87664683900005,22.208488926000143],[89.88200461200006,22.200100007000117],[89.88496833200014,22.191318493000097],[89.88667947800019,22.164309218000085],[89.8913323210001,22.15447846400008],[89.89190074800018,22.14752913600006],[89.89613889700007,22.12629200200007],[89.89671153400013,22.11265490000011],[89.89545423700008,22.10059086600006],[89.89180505600007,22.088658495000118],[89.8783249990002,22.05783469199997],[89.87861925400011,22.045286339000086],[89.88550486600013,22.037008792999984],[89.88695831200016,22.02771846600001],[89.89085395200004,22.01494787100006],[89.89628135300018,22.01111397300008],[89.90159744300018,21.998019566000153],[89.90519410000013,21.970041442000024],[89.9096849880001,21.965334690000134],[89.95426657000019,21.96647344900009],[89.96660884700009,21.969870467000135],[89.97754649400008,21.975677762000032],[89.98334311200011,21.981173743000113],[89.99847470200012,21.9833697630001],[90.00446024300004,21.982861514000092],[90.02633526700004,21.986717227000156],[90.03047073400018,21.98529582700013],[90.03035973400006,21.975957748000155],[90.0403715280001,21.976055822999967],[90.05495167400016,21.97077538400015],[90.04940411800015,21.964909176000106],[90.03115239200008,21.957252303000075],[90.02202649800012,21.95044393800015],[90.01335836000004,21.934275486000104],[90.00879425000005,21.915121988000067],[90.00742541500006,21.903205329],[90.0074247980001,21.891288585999973],[90.00924777900019,21.877244061000113],[90.01790925000017,21.860219691000168],[90.0279385730002,21.853833005000013],[90.04024656500019,21.849150472000076],[90.07845878500012,21.84508690400014],[90.07942796100019,21.83948039200004],[90.08708580500019,21.827374489000192],[90.10379581200016,21.811102298000037],[90.11034198599998,21.80758353700014],[90.125663707,21.802628411000114],[90.1472541550001,21.79714673500007],[90.16392864300008,21.794851944000186],[90.1773526730002,21.79440667900019],[90.19741160900008,21.800405578000152],[90.20572846400012,21.804809289000104],[90.21914898100005,21.80650164800005],[90.2341544160002,21.815775173000077],[90.239715731,21.821445527000094],[90.2515333290001,21.829175211000177],[90.2750173020001,21.828525789000082],[90.30337415700006,21.82847609700002],[90.31068068700012,21.827233791000083],[90.31226971300015,21.83155839200009],[90.32393156100011,21.830971245000057],[90.36044204300015,21.824024695000162],[90.40918224500007,21.815587942000093],[90.42532266400013,21.815237717000173],[90.43609141700006,21.81728757900015],[90.46914298200016,21.799776084000086],[90.47893756700006,21.799612464000063],[90.48591571200006,21.803386596000053],[90.49489313700008,21.818741230000057],[90.5333973700001,21.869663718000083],[90.54104004800007,21.875127210000016],[90.59605942800016,21.894776746000105],[90.59616375000007,21.870815036000124],[90.59346277100013,21.847834577000015],[90.59526642500015,21.844340805000115],[90.67526514600013,21.84258096100018],[90.80270023400004,21.839694577000103],[90.85741606600004,21.838527058000068],[90.8565537240001,21.977940265000143],[90.85577961100012,22.048806309000042],[90.95622516300011,22.027563443000076],[90.96193957200018,22.049041261000127],[90.97369795300006,22.076429242000188],[90.97906690900004,22.09208615700004],[90.99311559200004,22.12155672000017],[91.0060901290002,22.149839635000035],[91.01097734100011,22.166451169000084],[91.01711906600013,22.17820826400009],[91.02130978300005,22.191879196],[91.01928571600018,22.210083893000046],[91.01957029900018,22.228151161000085],[91.01613368800014,22.242871687000047],[91.01507916200012,22.256860234999976],[91.01935537100019,22.27354191699999],[91.02367076600012,22.29430651300015],[91.0225875980002,22.30427989400016],[91.01244728900008,22.320927297000082],[91.00914127800019,22.332706963000078],[91.00902128799999,22.33989652500003],[91.00087360600014,22.368000290000168],[90.99417409300014,22.37989623900006],[90.99059015900008,22.389167848000113],[90.97129040900018,22.422038081000096],[90.95576466900008,22.45304449800011],[90.94596253300011,22.471012784000152],[90.93140775300003,22.493551730000036],[90.92935530400013,22.49817727100003],[90.90922604900004,22.53228851100016],[90.89490900599998,22.55482976200011],[90.8722636550001,22.57801399500005],[90.84468196800015,22.60345435300019],[90.826542093,22.623150850000115],[90.81663486400015,22.63644428000015],[90.81014137400007,22.64220427700019],[90.80352241400004,22.64478721300003],[90.78905784300008,22.65406393000012],[90.78346108300008,22.661044723000145],[90.77900573700003,22.674408546000166],[90.7765877220001,22.70113828900014],[90.77283738100004,22.71953222200017],[90.77316336400008,22.726748154000177],[90.77025732800018,22.76228736000013],[90.76617350600014,22.77892796600014],[90.75548542300015,22.78967416],[90.74701637400011,22.795039084],[90.72941354000005,22.802073832000133],[90.72511146900018,22.80566832900007],[90.71914822000019,22.815738182000075],[90.7175719060001,22.82697349400013],[90.71749352300014,22.860800645999973],[90.7161408140002,22.86847001600006],[90.69175055800008,22.867914006000035],[90.688063618,22.86674439600006],[90.68005074100006,22.859247468000092],[90.6723090810001,22.865090929000132],[90.68141973299998,22.871481517000063],[90.68151969900009,22.87429942900019],[90.66797374600009,22.883033253],[90.66252232900013,22.884060965000117],[90.6633951610001,22.895642352000152],[90.66062784500008,22.903033957000048],[90.67354693800007,22.900019129000157],[90.6945007610002,22.901121295000053],[90.69910686800017,22.903746108000064],[90.70154151999998,22.91174269000004],[90.69420563000017,22.92475537200005],[90.68117633500009,22.936322202000156],[90.67578550100012,22.94234546299998],[90.65757937900008,22.97793322200016],[90.63717859100018,22.99883324700005],[90.617619386,23.002460717000133],[90.6149838820001,23.00467504600016],[90.59538698600011,23.030342926000117],[90.57136902300016,23.04943935299997],[90.5538821610001,23.06825651600002],[90.54483049600003,23.08013315200003]]]},"properties":{"adm1_name":"Barishal","adm1_pcode":"BD10"}},
{"type":"Feature","geometry":{"type":"MultiPolygon","coordinates":[[[[91.30347730600016,23.9961569030001],[91.29612663900008,24.000712002000114],[91.29590992900006,24.00740725300011],[91.30224375800003,24.013924012000132],[91.30886960100014,24.017473063000068],[91.30993325800017,24.026812977000134],[91.3135802290002,24.031577025000104],[91.31269696600003,24.041233847000115],[91.30413523300012,24.045300824000094],[91.30420777500007,24.057286142],[91.2924087290001,24.06260597],[91.28563856300002,24.063028748000193],[91.28472523100015,24.07408320100012],[91.28851143300005,24.078948230000037],[91.28886175700012,24.086808721000182],[91.29278188200016,24.087992503000066],[91.29254300400015,24.094638815],[91.28137809700013,24.094192415],[91.27981225800016,24.090860493000037],[91.26989620200004,24.097939709000116],[91.27125023000013,24.114206238000122],[91.28408394600012,24.112006051000094],[91.284725955,24.118477873000188],[91.27230862300007,24.12429144200007],[91.27096500100009,24.142854579000073],[91.26208930800016,24.14293876200003],[91.26186772000011,24.148058715000047],[91.26821536700015,24.14942953800005],[91.26854402200007,24.159655125000143],[91.27519339800011,24.158071256000085],[91.27737500700005,24.168925838000064],[91.27584202000008,24.172027131999982],[91.2775466290002,24.182774429000062],[91.28407055600007,24.182128735000106],[91.28506002600005,24.187547757000175],[91.2971014150001,24.18771215800018],[91.30803244900017,24.192422960000044],[91.31507262100001,24.189118174000157],[91.31523844000014,24.196946161000085],[91.3133161500001,24.20523012900003],[91.30028840800009,24.203533533000154],[91.29807547300004,24.19999664700009],[91.2866970120001,24.196474180000052],[91.27700827400014,24.200375610000094],[91.27677548900016,24.20431036700012],[91.28317877300009,24.21197766900019],[91.28505245300005,24.219012444000043],[91.29100014599999,24.215124172],[91.29760919700016,24.214413288000173],[91.29946839200011,24.223274395000146],[91.30656638900018,24.222073551999983],[91.30762332200015,24.227338265000128],[91.31433825400012,24.228558242000076],[91.314748157,24.232033674000036],[91.32400938400008,24.231142915000135],[91.32369439400009,24.23686867200007],[91.32788553100005,24.242516787000113],[91.32554587900012,24.260746944000118],[91.32154678900014,24.265628805000176],[91.30748738200009,24.269012586000088],[91.30248035900019,24.266856660000087],[91.29413437300008,24.259121107000112],[91.29280544900007,24.253479350000077],[91.28483942800011,24.244877589000055],[91.2863768810002,24.241062762000183],[91.28164688900017,24.232559824000077],[91.288458274,24.22812930000015],[91.27445999700006,24.225165473000118],[91.25836110900013,24.2266404290001],[91.24687138700017,24.22972409700003],[91.23392749200008,24.235385655000186],[91.23029130800012,24.23400632000005],[91.20983416200016,24.237518425000076],[91.20481414300002,24.23996266600011],[91.19610531400008,24.240277454000022],[91.18162704800011,24.25613335500003],[91.17527979,24.26551884900016],[91.16011499700016,24.257827847000044],[91.15429236500017,24.256332405000137],[91.14982872100012,24.249654089000046],[91.13955097799999,24.244294880999973],[91.10904705200011,24.240772468000102],[91.10185413900012,24.241833918],[91.08724967600011,24.24109232000012],[91.08131467200008,24.23682685000017],[91.07871816400018,24.230017887000145],[91.081148928,24.225261220000164],[91.09094726500012,24.217720486000076],[91.08861429200005,24.211009128000057],[91.07525068200016,24.21495619700005],[91.05330051100003,24.21512539500003],[91.0480703660001,24.21616617700016],[91.03908442200003,24.213734752000164],[91.02649572200005,24.195078373000115],[91.01068537200018,24.179914672000166],[90.99122528900006,24.17027973],[90.98555627000007,24.163678540999967],[90.98424239000008,24.158647611000106],[90.99733621900015,24.142839270000138],[91.00454896000014,24.137727730000165],[91.02539230700017,24.12942498299998],[91.04089310700016,24.11894332600008],[91.048045748,24.1083415330001],[91.05080400500009,24.101020641000105],[91.05007444600017,24.09012279000018],[91.04264338900003,24.078871121000134],[91.03646678600012,24.072015522000186],[91.0262762370001,24.066342620000114],[91.01977207400012,24.060709969000072],[91.01203778100012,24.05804290100002],[90.99518539400009,24.045020353999973],[90.9795822320001,24.027784833000055],[90.97046866200014,24.01301103800006],[90.96900678000014,24.002595764000034],[90.97389515200013,23.98232992300018],[90.97352752700016,23.974445551000088],[90.97009542800015,23.96870522200004],[90.95908059700014,23.963116232],[90.95434432600001,23.959059006000075],[90.9531935490001,23.939291676000153],[90.94868100500014,23.92637291200009],[90.94057241600007,23.92226598100018],[90.93253001200009,23.915247779000026],[90.925271839,23.901486836000174],[90.92328853900005,23.89385123500017],[90.91737777800012,23.879334370000095],[90.90686887600015,23.868556387000126],[90.89917937900009,23.86478334200018],[90.88997821100014,23.86589576800003],[90.87824641700007,23.87214534200018],[90.86605994500019,23.877211196000133],[90.85796453300003,23.878536782000026],[90.83924353600014,23.866928042000154],[90.83334737400008,23.864548576000118],[90.82355692100009,23.86401192800008],[90.81212714700013,23.86614769900018],[90.78640339900016,23.865922208000086],[90.77063722200018,23.86502648000004],[90.7659916990001,23.863633908999986],[90.76108590200016,23.85791394000006],[90.7593427590001,23.85232952700011],[90.76031809800008,23.841928967],[90.76648311200017,23.825182570000095],[90.76738556000004,23.810121815000116],[90.76278967400009,23.797660163000046],[90.756179337,23.78897682100012],[90.74742609700019,23.78148901100019],[90.74189024200018,23.772018525000135],[90.73481311100016,23.764372856000023],[90.72335684200004,23.747639025000012],[90.72118216400008,23.73760548700011],[90.72354592500017,23.72502174300007],[90.72961806500001,23.71610561500006],[90.73648626600016,23.70935317800013],[90.73958402900001,23.702040451000187],[90.74132228100012,23.69025423800008],[90.7388432460001,23.681956515000024],[90.73302106500006,23.669925578000118],[90.72227215800018,23.664839181],[90.713016998,23.665171089000125],[90.70400681300015,23.6673801230001],[90.6953231660001,23.671971573000064],[90.67968921100015,23.6828795240001],[90.668373341,23.679895520000116],[90.66351956300008,23.674577203000183],[90.64992894000011,23.677636561000156],[90.6434799290002,23.673203800000124],[90.64246058300006,23.662908962000074],[90.63636061800008,23.639337202000036],[90.63190473100008,23.628001768000047],[90.62519797900012,23.61919549000004],[90.63567199700003,23.614922106000165],[90.64066617100008,23.61449961],[90.6504807890002,23.618471406000026],[90.66345001700017,23.59479921200017],[90.66314221700009,23.58925466200003],[90.647629731,23.58909429900018],[90.64413293300004,23.582095190000075],[90.6477426030001,23.573027476000163],[90.65462162300014,23.5714066970001],[90.6673393210001,23.57133455100012],[90.67348576300009,23.567719933000035],[90.68478500100008,23.55813917500012],[90.6866585910002,23.547590140000068],[90.69660781200014,23.529463104],[90.7072341670002,23.519405047000134],[90.70679615000012,23.51075176000012],[90.7030209290001,23.50498133900004],[90.68729357400008,23.495824905000063],[90.67946175200007,23.49342274999998],[90.66505684100008,23.49535235800016],[90.65125206200014,23.501911789000133],[90.64145090400012,23.504355091000093],[90.63425663900017,23.501966102000097],[90.63041606600012,23.496286703000067],[90.62390827200005,23.491489536000074],[90.6129549490002,23.489868761000025],[90.60424280299998,23.49526359200007],[90.59450009300019,23.491866445000085],[90.57627093299999,23.49342864500005],[90.57757740200003,23.485761932000116],[90.5841995240001,23.48371512100016],[90.58173715800012,23.47210843500011],[90.57771287300011,23.470885933000034],[90.57873703600006,23.460009148000097],[90.57437841600017,23.443220073000134],[90.54637473700012,23.407485728000097],[90.53853974200018,23.390459162000184],[90.53875488500012,23.379713095],[90.54170760500017,23.378342107000094],[90.55247422900015,23.36358560600013],[90.56130249400007,23.359554111000023],[90.57121503600013,23.351184369000123],[90.57476487500008,23.3376273720001],[90.58161841800006,23.33643167500003],[90.56762504100016,23.320680029000016],[90.56149369400009,23.30859592600001],[90.55583620200008,23.305253645000164],[90.55455255800007,23.297869334000154],[90.562468647,23.288496666000015],[90.56419725900008,23.281600673000128],[90.57336351600009,23.270337396000116],[90.58182620500014,23.25260192000013],[90.59265262800017,23.252543370000126],[90.59555090000015,23.2473972520001],[90.59205013200005,23.22663720800017],[90.59480343500007,23.212043264000044],[90.59307939700005,23.200751908000143],[90.58968658200007,23.195995296000035],[90.58773928000005,23.187123242000155],[90.58043965200005,23.182335826000156],[90.57994443500019,23.173699920000047],[90.57536552400018,23.169173151000052],[90.56630612000004,23.164824967000186],[90.56548092000014,23.152624427000035],[90.56712884500013,23.14060691399999],[90.5610567560002,23.134818166000116],[90.55564177600013,23.12453068399998],[90.53733949500008,23.11860067800012],[90.52720869199999,23.11665210600006],[90.52883739000009,23.104553655000075],[90.53292154600018,23.093544424000186],[90.54483049600003,23.08013315200003],[90.5538821610001,23.06825651600002],[90.57136902300016,23.04943935299997],[90.59538698600011,23.030342926000117],[90.6149838820001,23.00467504600016],[90.617619386,23.002460717000133],[90.63717859100018,22.99883324700005],[90.65757937900008,22.97793322200016],[90.67578550100012,22.94234546299998],[90.68117633500009,22.936322202000156],[90.69420563000017,22.92475537200005],[90.70154151999998,22.91174269000004],[90.69910686800017,22.903746108000064],[90.6945007610002,22.901121295000053],[90.67354693800007,22.900019129000157],[90.66062784500008,22.903033957000048],[90.6633951610001,22.895642352000152],[90.66252232900013,22.884060965000117],[90.66797374600009,22.883033253],[90.68151969900009,22.87429942900019],[90.68141973299998,22.871481517000063],[90.6723090810001,22.865090929000132],[90.68005074100006,22.859247468000092],[90.688063618,22.86674439600006],[90.69175055800008,22.867914006000035],[90.7161408140002,22.86847001600006],[90.71749352300014,22.860800645999973],[90.7175719060001,22.82697349400013],[90.71914822000019,22.815738182000075],[90.72511146900018,22.80566832900007],[90.72941354000005,22.802073832000133],[90.74701637400011,22.795039084],[90.75548542300015,22.78967416],[90.76617350600014,22.77892796600014],[90.77025732800018,22.76228736000013],[90.77316336400008,22.726748154000177],[90.77283738100004,22.71953222200017],[90.7765877220001,22.70113828900014],[90.77900573700003,22.674408546000166],[90.78346108300008,22.661044723000145],[90.78905784300008,22.65406393000012],[90.80352241400004,22.64478721300003],[90.81014137400007,22.64220427700019],[90.81663486400015,22.63644428000015],[90.826542093,22.623150850000115],[90.84468196800015,22.60345435300019],[90.8722636550001,22.57801399500005],[90.89490900599998,22.55482976200011],[90.90922604900004,22.53228851100016],[90.92935530400013,22.49817727100003],[90.93140775300003,22.493551730000036],[90.94596253300011,22.471012784000152],[90.95576466900008,22.45304449800011],[90.97129040900018,22.422038081000096],[90.99059015900008,22.389167848000113],[90.99417409300014,22.37989623900006],[91.00087360600014,22.368000290000168],[91.00902128799999,22.33989652500003],[91.00914127800019,22.332706963000078],[91.01244728900008,22.320927297000082],[91.0225875980002,22.30427989400016],[91.02367076600012,22.29430651300015],[91.01935537100019,22.27354191699999],[91.01507916200012,22.256860234999976],[91.01613368800014,22.242871687000047],[91.01957029900018,22.228151161000085],[91.01928571600018,22.210083893000046],[91.02130978300005,22.191879196],[91.01711906600013,22.17820826400009],[91.01097734100011,22.166451169000084],[91.0060901290002,22.149839635000035],[90.99311559200004,22.12155672000017],[91.02107207400019,22.118432611],[91.0237424290001,22.10336414300008],[91.03459823800006,22.093687509000063],[91.04771000100004,22.087580919000175],[91.05359737400016,22.092992517000084],[91.06131349999998,22.09595412200008],[91.06643973100006,22.10210019700014],[91.07707847400019,22.11081227400001],[91.0916613920001,22.124389555000164],[91.09288481300018,22.128633769000146],[91.10127750300006,22.135971063000056],[91.10881659100016,22.136656215000073],[91.11023817500018,22.140896666],[91.12552579000004,22.142456284000104],[91.13371558000017,22.14942284099999],[91.14852920400017,22.165766182000027],[91.16009387200012,22.17270748700014],[91.16372896200016,22.18044320200005],[91.16810202500005,22.181335537999985],[91.17552512300017,22.19107617000003],[91.17799870400006,22.202146277000168],[91.17933667900002,22.219692138000028],[91.18333557400007,22.223174674],[91.18925499099998,22.242536484000084],[91.187073893,22.26639025600008],[91.18978230300013,22.26969675700019],[91.20814607100004,22.26937602000004],[91.20860367300008,22.276395637000064],[91.20106270800005,22.323390618000076],[91.18725541300012,22.374314293999987],[91.21840991099998,22.36139725099997],[91.22752978900019,22.361208865000037],[91.22492596500018,22.41595764300007],[91.22277074500005,22.434017764000032],[91.2214030090002,22.452995982000175],[91.21394656700016,22.458883612000022],[91.19069255600004,22.458644344000163],[91.19130691500015,22.469684077000068],[91.18414562500004,22.507488479000074],[91.19492575800018,22.5078241330001],[91.20266610700014,22.504635755000095],[91.22413927400004,22.507126777000167],[91.23468771700016,22.50453689300008],[91.24571921300003,22.50423687300014],[91.25253157600014,22.506693406000068],[91.26329005600019,22.51879765600006],[91.23696211500004,22.53972659300007],[91.2388593890002,22.544350174999977],[91.25367616400018,22.543205679000152],[91.26970883300004,22.543134109999983],[91.26584667800017,22.528062351000074],[91.26577714299998,22.520430506000025],[91.28202847500012,22.501408407000042],[91.29085738500004,22.483532806000085],[91.29715047700006,22.48747911700002],[91.30301189900007,22.48706828400003],[91.30660241200007,22.49466929400012],[91.3136405360001,22.494612068000038],[91.31758176000005,22.497849587000132],[91.31843592800004,22.505474899999967],[91.32778261800013,22.50140133600007],[91.33489076700005,22.50860904700005],[91.33182527400015,22.515173783000023],[91.33888887600017,22.51766003600011],[91.3435746470002,22.516893910000135],[91.33861662100014,22.530016134000164],[91.35304861700018,22.525898701000074],[91.35555118400003,22.54186459700003],[91.35486489800007,22.55168156600007],[91.34988923000014,22.56298877900008],[91.3381709300001,22.564902226000072],[91.32361365100007,22.558537634000118],[91.31645162600017,22.575527395000165],[91.30870915500003,22.590771589999974],[91.29964796900009,22.605294536000088],[91.27271444600012,22.636917903000153],[91.28534172900015,22.651250644000072],[91.31120302500017,22.661798441000144],[91.31735481200013,22.655549660000133],[91.33151470900015,22.65964384200015],[91.3443192420001,22.65726986200019],[91.36640000600005,22.65443669800004],[91.36704731900005,22.659613293000177],[91.37523223500011,22.670840000000112],[91.37566393500015,22.686003228000118],[91.37906138800014,22.684833709000088],[91.39673349300011,22.671376477000024],[91.40038893100007,22.670509100000118],[91.40681401000012,22.6838561080001],[91.40271258600006,22.688929635000022],[91.39956451800015,22.696790102000023],[91.3922263130001,22.704811227000107],[91.38375034400013,22.707777242000134],[91.3829388690001,22.71597395800012],[91.42955168600008,22.69789783599998],[91.43962546500006,22.697561394000047],[91.453045497,22.690673050000157],[91.48695759800006,22.656865367000023],[91.49634278200017,22.65020068000007],[91.50400642400012,22.64145178800004],[91.517220689,22.632185013000026],[91.51926184000007,22.629072359000077],[91.5199081400001,22.61955368200006],[91.53957048300009,22.594872550000048],[91.55629382900014,22.5803014870001],[91.5608369900001,22.574109183000076],[91.57660458100008,22.547675790000085],[91.59261286400005,22.527371064000135],[91.61573040200005,22.496598553000183],[91.62242327300004,22.482205162000014],[91.6328046370001,22.457155515000125],[91.63653930400011,22.44467460700008],[91.64490438100012,22.40642948800013],[91.69289955200009,22.408320384000092],[91.73901568500008,22.408891853000057],[91.74509110600013,22.398977913000067],[91.7468149890002,22.385080700000174],[91.75158466400006,22.3771043000001],[91.74231074400012,22.377082526000095],[91.74533462500011,22.358506695000074],[91.7517378280001,22.305214550000017],[91.75496704900007,22.285085211000137],[91.75840917400018,22.278066834000015],[91.76280671700016,22.27511109699998],[91.77331889000016,22.262960333000024],[91.77719389900005,22.253116911000063],[91.77635507399998,22.250023876],[91.77852853000007,22.232131923000168],[91.78643932500012,22.22534408300004],[91.79825712500002,22.219799689000126],[91.81216897200011,22.2078371610001],[91.8139359060001,22.1987322330001],[91.80869329200016,22.189204008],[91.81135205400005,22.17292973100001],[91.81527874200003,22.161973723000187],[91.81916187600018,22.158159127000033],[91.8260481640001,22.14539473300016],[91.82993720100006,22.132111564000013],[91.83797106100008,22.116221398000107],[91.84255379100017,22.110495974000173],[91.8481399010002,22.10854084400006],[91.85768793500006,22.108208999],[91.86459288500009,22.07526645500019],[91.87003408600009,22.065651761000083],[91.87158787800001,22.055853396000032],[91.88073864699999,22.042287772000066],[91.8780829860001,22.030803714000058],[91.88016768700004,22.020421214000066],[91.8838460450001,22.01751161200019],[91.88525891400019,22.008042492000072],[91.88239020800012,21.988127813000176],[91.88233158499997,21.977214457000116],[91.87926992900015,21.96249051200016],[91.87763151900015,21.94574302300009],[91.87995109900004,21.94081034600009],[91.89889677200006,21.94047959000011],[91.89914377600007,21.936026694000077],[91.9065960160001,21.93103656],[91.90424450600005,21.91971408],[91.90436901400005,21.913020638999967],[91.90728288600008,21.894583878000162],[91.91271554600019,21.879461582000033],[91.91432160300008,21.857779702000187],[91.9040103820002,21.859095777999983],[91.9032985560001,21.850233204000176],[91.89269301600012,21.819981269000095],[91.86411200100008,21.755389517000083],[91.85574984400017,21.73148714299998],[91.87282302000011,21.722236459000044],[91.8690489380001,21.712161709999975],[91.85890431700017,21.69724079700012],[91.85465847100005,21.68513654999998],[91.85447056300012,21.67224624700009],[91.8435610520001,21.647662111999978],[91.84222405500009,21.62456071500003],[91.84558430200019,21.60140718100007],[91.84644567000004,21.587041947000046],[91.85269459000017,21.57503278900009],[91.85329547400016,21.56239545800014],[91.85053079300013,21.553523303000134],[91.84976193300008,21.544994719000044],[91.84274083900004,21.53955355000005],[91.8419030980001,21.533887394000033],[91.84726928600014,21.51895250900003],[91.86637943000005,21.49556045999998],[91.88655546400014,21.4810558370001],[91.893937941,21.474460643999976],[91.90078240200012,21.475637495000115],[91.908730273,21.472464343000127],[91.91763654700009,21.474154602000056],[91.92131963600013,21.47930633400017],[91.92183030500019,21.490962238],[91.94123134400002,21.497761497000113],[91.9442462790002,21.503484365000077],[91.95165001000004,21.498105697000028],[91.96177471200019,21.499935549000043],[91.97564150200003,21.480601195000133],[91.97039329000006,21.47635298600005],[91.960782908,21.47309057700005],[91.95350978200008,21.46753570500016],[91.94661979,21.465711365],[91.9475268700001,21.458612774000017],[91.95094829800007,21.454809602000125],[91.95681013400014,21.443114962000095],[91.97744474300009,21.42142327200014],[91.9864403860002,21.410734001000094],[92.01739343000008,21.368234520000044],[92.02043054,21.36274996600008],[92.03366103900004,21.323291053000105],[92.03502232800014,21.31478351800007],[92.04267665000003,21.304034049000165],[92.04290460300012,21.298391375000108],[92.04798883100017,21.286239237000075],[92.0457541630002,21.276070322000066],[92.04730793700014,21.269722909000052],[92.04684065200013,21.26066589000004],[92.043766349,21.234494905000076],[92.0467387170001,21.223556037000094],[92.04549550500013,21.214422570000124],[92.04713977300008,21.208031170000083],[92.04713727800015,21.187979789000053],[92.04617854900016,21.18457084800019],[92.05378440800018,21.170841553000116],[92.05443823700017,21.16702923700018],[92.06677805500016,21.151358906000098],[92.07936836200014,21.137522579],[92.09972061400009,21.112047788000154],[92.11499302000004,21.09501287],[92.14301543100004,21.06199868200008],[92.16014569600014,21.043440030000056],[92.17400191400014,21.027062115000035],[92.18524033500017,21.010800447000122],[92.18820364500004,21.004863041000192],[92.20269461400005,20.957648833000064],[92.21146013500015,20.942485738000187],[92.21746187400015,20.92667642600003],[92.22478306700009,20.912473045000183],[92.2361954070002,20.898173034000138],[92.253117315,20.873952082000187],[92.26584475300007,20.85313347800019],[92.2783354450001,20.829635205000045],[92.28076903500016,20.826993021000078],[92.28872820700002,20.80891859900015],[92.29684451600019,20.786231799000063],[92.29875898500006,20.777313473999982],[92.30455420800007,20.761206830000106],[92.31538016600012,20.74235937700007],[92.3300925480001,20.730473105000158],[92.34616739400019,20.71991493200011],[92.35322469000005,20.718615263000117],[92.36834333300015,20.72197695500006],[92.36401917000006,20.7276035160001],[92.36051329400004,20.741948647000186],[92.3604765610001,20.7535731910001],[92.34671845700007,20.77809350500013],[92.33743313000014,20.81654212900014],[92.33106917200013,20.83924724700006],[92.3148515650002,20.88663903900016],[92.28410390700003,20.919175978000112],[92.27086871400019,20.94044306000012],[92.2705017740002,20.94288163400006],[92.27154604200007,20.98079077000017],[92.26363991600016,21.011746072000108],[92.25401557999999,21.023660820000032],[92.25354075700005,21.036454152000033],[92.25725420200007,21.05009263900007],[92.26459119800018,21.062264911],[92.25882547600008,21.07917201200013],[92.23406063600004,21.097057045000156],[92.22390527599998,21.120435285000042],[92.21796582400009,21.122899466000092],[92.20748683900018,21.11897941100017],[92.20135419400003,21.12406214599997],[92.19812914100004,21.13824362700018],[92.2031374570002,21.146369984000103],[92.20338690300008,21.150389042000143],[92.19975355200006,21.16150323300019],[92.19278663600005,21.163469809],[92.18177934200008,21.15893433100007],[92.17673490300001,21.159724036000114],[92.17342256500007,21.169896748000042],[92.17341096899997,21.179972820000046],[92.18054056200003,21.185084855000184],[92.1856989150001,21.193865894000112],[92.19633508900012,21.201442233000023],[92.20034902200013,21.200762358000134],[92.20620834700009,21.209612507000145],[92.21059530500014,21.223902197000086],[92.21689904400012,21.227298439000094],[92.21897168700008,21.234867987000086],[92.21197645300003,21.24812846500015],[92.21896540400019,21.256317435000028],[92.21876421000007,21.263140253000017],[92.21616351400019,21.269558944000096],[92.21747292900005,21.278222121],[92.20970669899998,21.288892014999988],[92.19840144500006,21.30945555000011],[92.19929602200006,21.31634080800012],[92.19735358000008,21.32840146100017],[92.20220996000012,21.33336779700005],[92.21308000500005,21.34038599800016],[92.21545260700009,21.3461769970001],[92.22251115700004,21.348718301000076],[92.22434058800013,21.351897556000097],[92.23149164400013,21.352802759000156],[92.24665765600014,21.356968818000155],[92.2525335520001,21.35637535700016],[92.25878763200012,21.364535774000046],[92.25258802000019,21.372421108000026],[92.25677574100001,21.378478180000116],[92.25376360900003,21.38544475000009],[92.25611001400011,21.391056982000123],[92.26956277400012,21.4000408390001],[92.2636060370001,21.409022714000173],[92.26873302600006,21.413976288000015],[92.26921158800019,21.427704386000073],[92.2775252690002,21.427772092],[92.29160532100008,21.430957115000183],[92.29728446500013,21.419050188000085],[92.30079104200007,21.42327992500003],[92.30646177000011,21.41888340800017],[92.31368428100006,21.417406739000114],[92.31555270000001,21.421001848000117],[92.324975194,21.417629620000127],[92.3301717700001,21.4197628980001],[92.32787114500007,21.432716379999988],[92.33738279300013,21.436884186000043],[92.33640278600018,21.447333873000048],[92.3409374860002,21.45165660900011],[92.341747887,21.461929974000043],[92.34387179100008,21.467089963000035],[92.34892455500017,21.46362392700013],[92.35590061200014,21.46674253300006],[92.36762283700006,21.479768950999983],[92.3739044240001,21.47769560300003],[92.3797191880002,21.4812246460001],[92.39047296100011,21.47138943699997],[92.39874478000019,21.460458316000143],[92.40380524400018,21.457232157000135],[92.40354957199997,21.453515760000187],[92.41201260700007,21.442012525999985],[92.41648223600015,21.442090244000042],[92.42652690099999,21.43222266900011],[92.42880809700011,21.417864750000035],[92.43134774900011,21.410475868000105],[92.43080206300004,21.402517769999974],[92.42720577700004,21.395551929000135],[92.42781325400011,21.37997220400007],[92.43001807500019,21.37382070300015],[92.43661717300017,21.372770135000053],[92.44135990400008,21.365288211000063],[92.4566590600001,21.369191220000175],[92.46170855600013,21.365318211000044],[92.47048057699999,21.362081035000074],[92.47333575300019,21.354887977000033],[92.48480557800019,21.357546908000188],[92.49469744300018,21.35437321800015],[92.49735288200009,21.351467048000018],[92.50760287000014,21.35978558900007],[92.50807030900017,21.370640323000032],[92.50657756000004,21.377296587000103],[92.51011211700018,21.378311382000163],[92.51796494100012,21.375785229000144],[92.52393672600016,21.3715444930001],[92.53010928500004,21.37367708800008],[92.54166783000011,21.381032253000114],[92.55669869400015,21.384406130000116],[92.55994664900004,21.380422366],[92.56306103400004,21.371131800000114],[92.56222402499998,21.36308883700019],[92.56603571500006,21.355986055000074],[92.56620498200016,21.350764954],[92.57172398400007,21.33656210400011],[92.57520506800017,21.32168841700002],[92.5844434780002,21.293531129000144],[92.58579713600011,21.286208510000108],[92.58979434700018,21.27875269800012],[92.59164995300006,21.260545241999978],[92.59472992300016,21.246135734000063],[92.59820998500015,21.24417033600014],[92.60432421800004,21.247294621000094],[92.61661560400006,21.248205694999967],[92.62132828000006,21.250265408000132],[92.62045349700009,21.254675828000188],[92.6304692970001,21.268813815000158],[92.63551251300015,21.27258551600005],[92.64338414400015,21.272915783000087],[92.64882972700013,21.279901526000174],[92.65442224300011,21.27743676000017],[92.66590077700005,21.28207636999997],[92.67523833900009,21.284212297000067],[92.68005211900015,21.288690338000094],[92.67809993800017,21.29960018600002],[92.67165800300018,21.309579325000186],[92.66544178000015,21.31669731900007],[92.65832973100015,21.340732156000172],[92.65224600300019,21.355846625000083],[92.64822874200007,21.38124296400008],[92.64922017400005,21.391499023],[92.64499553400009,21.39856253400012],[92.63960714700016,21.418340118000117],[92.63789642000012,21.43222299700011],[92.63232450000004,21.44294814500006],[92.63057666400005,21.454400759000123],[92.62772371900013,21.45990539400003],[92.6252410960002,21.475955837000186],[92.62616858900009,21.487093276],[92.62177091300003,21.502819443000135],[92.62124638200004,21.510284932000104],[92.61817392000006,21.515856142000075],[92.61899454900015,21.534276475000183],[92.61568972800018,21.552578753000148],[92.61482125700019,21.56841870700015],[92.60849240400012,21.58368753400009],[92.60808035000014,21.60378161000017],[92.60933643600015,21.62357185000019],[92.60151645400009,21.65786596400011],[92.603555342,21.664584756000068],[92.60592469800014,21.68996613300004],[92.59997126200011,21.702134699],[92.60371292900015,21.72225817900005],[92.60654982200015,21.728648274000022],[92.6045955310002,21.742810164000105],[92.6073113600001,21.74701506400004],[92.60473250300015,21.752510880000045],[92.60702216200013,21.755849019000095],[92.61090219800019,21.77566289900011],[92.6097247850002,21.79140596500008],[92.60717234000015,21.80145830400005],[92.60929563200017,21.816395355000054],[92.6202763180001,21.82223390400003],[92.62045935900005,21.827934359000153],[92.61460886600014,21.831049304000032],[92.61541605000014,21.835588821000044],[92.61243873300003,21.84454656600019],[92.61355802100013,21.850789669000108],[92.62060595500009,21.860764154000037],[92.63035521000018,21.861364841000068],[92.63204864400018,21.876378071000033],[92.63059681800013,21.87919085900006],[92.62755813300015,21.89731076200019],[92.62323662400007,21.91267055800006],[92.61469211500014,21.931471690000137],[92.61615450800008,21.936436274000016],[92.6107098350002,21.946243609000135],[92.61217786800006,21.953729145000068],[92.60976004600019,21.965135876000033],[92.606562343,21.970291936000137],[92.60428818700018,21.981779852000102],[92.61068333600019,21.986013774000128],[92.61044364200012,21.992551452000157],[92.60635040600016,21.999615381000126],[92.59731198400016,22.008364654000104],[92.59987115600018,22.020148254],[92.59900831000004,22.02837274799998],[92.59417937400013,22.032572796000068],[92.59223110500017,22.04266067100008],[92.59773012700003,22.05136880900011],[92.59898194900006,22.060710742000083],[92.5907692940001,22.06686035399997],[92.58856569200003,22.082192909000014],[92.58113090400019,22.090656761000105],[92.58130319800006,22.096732039000074],[92.57524541700019,22.10809670200007],[92.572018389,22.11842806800007],[92.56143282000016,22.128290536000065],[92.56476591800009,22.134801454000183],[92.57232716900018,22.13706348000011],[92.57881940700014,22.143266887000095],[92.59085418799998,22.140302330000054],[92.590418532,22.129931837000072],[92.59959922600007,22.12391326500017],[92.60618169400004,22.126144176000082],[92.60654739900002,22.135089282000024],[92.61006462300008,22.13593128800005],[92.60704098200011,22.156883212000082],[92.60789629200019,22.168772484000044],[92.60657699600011,22.171863001000077],[92.59560435800012,22.17376927700002],[92.59598364600004,22.189627148],[92.59339451100016,22.20636062200009],[92.58787866300008,22.216331539],[92.58779491600018,22.22913189200017],[92.59140888000007,22.23988270100017],[92.58993913500007,22.2541811320001],[92.58613171500014,22.262511156000073],[92.5776518780001,22.268299601000024],[92.57609622000018,22.27335499300017],[92.58086522100012,22.275689623000062],[92.57705321300006,22.283295101000192],[92.57833954800014,22.29078570500019],[92.58162081200004,22.294841104000056],[92.58198909100003,22.302933054000107],[92.5786960050001,22.32441488500018],[92.57478288400006,22.32700712500008],[92.57520910200014,22.33994151000013],[92.57046513400019,22.35899080500019],[92.56734286000011,22.360110152000175],[92.56563772600009,22.37000671600009],[92.56173527600015,22.372598577000076],[92.55946815300007,22.382670998000094],[92.5617232030001,22.389421848000154],[92.55994209400012,22.40069856499997],[92.55278968900012,22.40815802700007],[92.55447513700011,22.416533915000173],[92.55445673899999,22.43077990100005],[92.55096423500004,22.438993918000165],[92.55159535400014,22.44860519600013],[92.55035692900009,22.457717916000036],[92.54608565400008,22.46382042700003],[92.54423169700004,22.476845068000102],[92.54533506300004,22.48605167900007],[92.54274357400016,22.497503600000186],[92.54683556000015,22.50121475600008],[92.54960179300014,22.514504802000147],[92.54693377400008,22.514923950000025],[92.53972241600007,22.528286027000092],[92.5412947910001,22.53388993900012],[92.53738582000005,22.544922534000023],[92.52750616800006,22.556994734],[92.52297424000005,22.55865708099998],[92.52812961200016,22.566193162000104],[92.52715050400013,22.572733333000087],[92.53292822400016,22.572098406000066],[92.53739485200009,22.57465043700006],[92.53725090600005,22.585562608000146],[92.53279794100013,22.586003054000173],[92.53724435800007,22.593856844000186],[92.53458466100017,22.600222725000094],[92.53016599900013,22.604691178999985],[92.53213126100019,22.612191482000185],[92.5275432200001,22.621246357000018],[92.53219617600018,22.62860493200003],[92.53220962200004,22.633317136000187],[92.52486017600017,22.639980376000153],[92.52376639000005,22.65858100300005],[92.52581510300001,22.66611610299998],[92.52534412000006,22.67329597200012],[92.51854432,22.688998353000045],[92.51860053100012,22.693235936000065],[92.51366137000014,22.710303654000086],[92.51684622700009,22.715020124000034],[92.51633657800011,22.722234440000136],[92.5093446800002,22.729306959999974],[92.50690135700006,22.738111162000166],[92.50039036800001,22.737549698000066],[92.48467312700012,22.743690108000067],[92.47914691900013,22.7474187090001],[92.47863295300004,22.753858964000187],[92.47438017200017,22.761032064000176],[92.47520057100013,22.771739816000093],[92.46929657700008,22.787474207000173],[92.47012849200013,22.79868735200006],[92.46185470600011,22.80740757300009],[92.45880821600014,22.823007261000157],[92.45572642700012,22.826871321000112],[92.46235851500018,22.832063687000016],[92.45825355400007,22.83776723400007],[92.46119542800011,22.851078348999977],[92.4644745550001,22.856620272000157],[92.45689357600014,22.86048858400011],[92.4547427240002,22.8662928010001],[92.45964602800018,22.871331252000175],[92.44983144900016,22.875789044000044],[92.44791368700015,22.87893092000013],[92.44855371900013,22.89162315800013],[92.44527453800015,22.897783217999972],[92.43642518799999,22.88740402600007],[92.42761007500008,22.896255359000122],[92.4218437190001,22.905159116999982],[92.42096229000009,22.919344087000013],[92.41411361900003,22.91503148700008],[92.40603424300014,22.91809048000016],[92.40285701400006,22.91228622400007],[92.39704311400004,22.91570995100011],[92.40082314200004,22.926276503000054],[92.39557532700002,22.93102553500006],[92.38437737000015,22.92922157600009],[92.3761727280002,22.9294191300001],[92.37294618300012,22.943097572000113],[92.37630706800013,22.94914796900008],[92.37437119200018,22.97167038000009],[92.38151743300006,22.976961891000144],[92.38539838200006,22.99304102900004],[92.3821202270002,23.00103501300015],[92.38374439400019,23.006124911000086],[92.379566754,23.01196343200013],[92.38429795800016,23.02890089000016],[92.38286387100004,23.038347687000112],[92.38747647200006,23.040932310000187],[92.39071594300015,23.05872248600008],[92.387113022,23.06750694900012],[92.38363105900015,23.071346743],[92.38414866100015,23.07704456900018],[92.3790020730001,23.086669226000083],[92.37392905000019,23.08646348400015],[92.36667656399999,23.096821392000038],[92.36183221200008,23.099320248000026],[92.35775120400012,23.106944492000082],[92.3671842220001,23.12638934400013],[92.35674670400016,23.134081840000135],[92.36081024500004,23.144263234],[92.3603423300001,23.150535641000033],[92.363827808,23.15582564500005],[92.35798192700014,23.16926787000017],[92.35736594300016,23.176151871000172],[92.35342039000011,23.184211939000022],[92.3530811380001,23.20527467300019],[92.35488580000003,23.212772420000135],[92.35432201800006,23.221840370999985],[92.35051243700008,23.22968397900007],[92.3503546440001,23.23503537700003],[92.39848297999998,23.236192357000164],[92.39712957400013,23.241737967000176],[92.39211159500013,23.249223980000068],[92.39409302300015,23.254998585000124],[92.3879825260002,23.260497011000155],[92.39287151700012,23.265381004],[92.38738143000018,23.28227195900007],[92.38232715200013,23.286246537000125],[92.38496300900005,23.293731057000116],[92.38421141800012,23.30046586800006],[92.38701673800006,23.30537259200014],[92.377689277,23.313758956000186],[92.37746929600019,23.320485679000114],[92.36778160400013,23.319224104000114],[92.36553924000003,23.323216658000035],[92.37594221800015,23.336059075000094],[92.37665491000013,23.34543931100012],[92.38125178600018,23.351077172000032],[92.37845817100003,23.36397731400018],[92.36999159600003,23.36692022300008],[92.36337431000015,23.366740504],[92.35682532500016,23.373084283000082],[92.36437442500005,23.378224440000054],[92.35521037500013,23.379956167000046],[92.35464743000017,23.389601766999988],[92.35134933200015,23.40450207300006],[92.35572159200007,23.40477247399997],[92.35438343200019,23.411547649000056],[92.3469088130002,23.412594533000117],[92.34485258600012,23.43140992300016],[92.34035063500005,23.433998503999987],[92.329972193,23.428719069000067],[92.33080018200008,23.43520672600016],[92.32721449700011,23.449034430000097],[92.33104666200018,23.451897694000024],[92.325746993,23.45770496],[92.3297090920002,23.461719600000038],[92.32886769700013,23.466957],[92.31865359800008,23.469656093000083],[92.32447854600014,23.473937805000105],[92.32232506200012,23.483135384000036],[92.317817574,23.486335157000042],[92.32245221400018,23.490251903000114],[92.31832955500005,23.50367220200019],[92.31831768000018,23.516934194000044],[92.31414635100009,23.522803406000037],[92.31690042200017,23.529050269000038],[92.31237004000013,23.5348819190001],[92.30748935300016,23.53441047600012],[92.31056068100008,23.54858365300015],[92.30902400800005,23.551357702000075],[92.3124976950001,23.557496860000185],[92.30691633900017,23.56398501500007],[92.30899643300017,23.570120089],[92.30567559100018,23.575583820000077],[92.30631389200016,23.581808020000153],[92.30158472700009,23.589734607000082],[92.29453887400007,23.58907830000004],[92.292876906,23.595216940000057],[92.28898022100009,23.598689222000132],[92.28730953400014,23.61834711300014],[92.28985633800005,23.621974826000155],[92.29668786900015,23.6229864930001],[92.29042880700007,23.629396249000024],[92.27711101700004,23.633025225000097],[92.28129987200015,23.639833826000086],[92.27354555200014,23.644125385000166],[92.27510121000006,23.651593408000167],[92.28887226700004,23.673885543000154],[92.29083463200016,23.681796422],[92.29094216400017,23.691820127000085],[92.28928209300005,23.70086565400004],[92.2842450190002,23.70890483300002],[92.27874283400013,23.70992713700008],[92.27708126600015,23.716896217999988],[92.27265123200004,23.72092909899999],[92.25629936200016,23.72516792199997],[92.24961559100018,23.72382086900018],[92.2406439880001,23.71959744300011],[92.23734931100012,23.71338428200005],[92.24286269700013,23.695566816],[92.23690749000008,23.69132185800015],[92.23272617700002,23.685261267000044],[92.23402333800016,23.681414688000018],[92.23083858500019,23.674050886000032],[92.23093097600008,23.665926607000074],[92.225555337,23.65459701900005],[92.21917559600018,23.652052325],[92.21176111400007,23.65337938200014],[92.2115141920001,23.65861920500015],[92.20700025000014,23.66239979500017],[92.20605045000008,23.672471741000038],[92.21385644700018,23.68387338499997],[92.21157778300011,23.692123755000125],[92.20607798600008,23.701273213000093],[92.19935760200019,23.707331953000107],[92.19305644700012,23.706651769000132],[92.18628643700004,23.710302435000017],[92.18093978300016,23.707107462000124],[92.1768067750001,23.708088808000127],[92.17730632200016,23.716288398000188],[92.16987714300018,23.722753189000116],[92.17203429000006,23.726476370000057],[92.17191012500018,23.73780397300004],[92.15957090100005,23.738590820000184],[92.15563635700016,23.735054768],[92.14584590700008,23.734161786000186],[92.14326662600013,23.72737894900007],[92.12962353400013,23.709440789000155],[92.12394860600011,23.705042983000055],[92.12082878500013,23.693518118000156],[92.10708350400017,23.689211941999986],[92.10332659400018,23.68503093100003],[92.10344648800015,23.680237419000036],[92.0984595020002,23.675813394000045],[92.09111208500002,23.67676599000015],[92.08320707700005,23.680350807000025],[92.08179946799999,23.674422150000055],[92.07704800800013,23.667360110000118],[92.08053347200007,23.661176129000125],[92.07838231800008,23.65445610000006],[92.07972041700003,23.648465705000092],[92.07182078500011,23.64612699500003],[92.06234283000009,23.645542382000087],[92.0529839670001,23.648935027],[92.04848586800017,23.647360338],[92.0407005080001,23.648444919000156],[92.02483110200018,23.661679415000037],[92.00839027500007,23.664155160000178],[92.0047740440001,23.671118140000033],[92.00046259600009,23.67164113700005],[91.99708853900006,23.67962110700006],[91.99289834199999,23.69610548800017],[91.98966028500007,23.70083316800003],[91.9852030850002,23.713418067000077],[91.9832200420002,23.72376583500005],[91.98089849900003,23.7240258330001],[91.97754491700005,23.733880966000072],[91.96860336900005,23.73000881300004],[91.96690325400016,23.73378199500013],[91.95664843800006,23.73393471900016],[91.95263440300005,23.718331380999985],[91.94892939900006,23.714831955000022],[91.95097955400013,23.69962825000016],[91.95339162700014,23.69378084600004],[91.94217840800007,23.69381135800006],[91.93423352600013,23.68579365100004],[91.93896321400013,23.67735093600004],[91.94142829400016,23.66935409600012],[91.93965066100009,23.659001874000126],[91.9463449210001,23.64583470800011],[91.94650052300017,23.63846496900004],[91.941094733,23.634638911000025],[91.94524620200008,23.627907564000054],[91.9455228810001,23.622838731000115],[91.9511053600001,23.61612767200006],[91.95300802600013,23.608471842000085],[91.95179760500008,23.600469170000167],[91.95546988000007,23.575929074000044],[91.95792773600004,23.57202685900006],[91.95733413700003,23.551307831000088],[91.9639312600001,23.537062366000157],[91.96431765900019,23.53340743500013],[91.95647694700017,23.529289593000158],[91.95660698500006,23.52194267900012],[91.96752355200016,23.510891006000065],[91.97027294800006,23.500973777000127],[91.9637175380002,23.497539689],[91.96507472100012,23.492136635000065],[91.96660399600006,23.468806099000062],[91.96107954000007,23.462947972000052],[91.9503551090001,23.464888347000112],[91.94450797700017,23.45490043500007],[91.93980369000002,23.449977623000052],[91.92820305400016,23.453484338000067],[91.92242288000011,23.453394019000143],[91.90736783000017,23.44057100200007],[91.89295036800013,23.432290386999966],[91.8827748810001,23.422255162],[91.8606917570001,23.4061039070001],[91.8510438190001,23.40193842700006],[91.84585382100005,23.39710118400012],[91.84230783000015,23.390591926000127],[91.8418476220001,23.375217361000182],[91.83937027400015,23.36351002200007],[91.83722016000002,23.360435798000083],[91.8215025070001,23.358716528000116],[91.82650694,23.36665187500006],[91.82844216400008,23.376887174000046],[91.82652693200009,23.399012342000162],[91.82318333300009,23.401816774000054],[91.81715959700011,23.39984168600006],[91.81472304400006,23.395951039000067],[91.81426311500013,23.387326077000182],[91.81077825500006,23.385946531000116],[91.7993230100002,23.39663478400007],[91.79007765900008,23.397903566000082],[91.79046391100002,23.391614294000192],[91.79724327600007,23.36671090500016],[91.79663283500014,23.361695000000168],[91.78542514000014,23.35333057800017],[91.78428429500013,23.350571372000104],[91.78729268500018,23.341520577000097],[91.78193300400005,23.335935642000095],[91.75950155600015,23.319910235000123],[91.74687323300003,23.311901813000077],[91.74480048700013,23.303804497000158],[91.76351046000019,23.30212095400003],[91.76466492000014,23.293615114000033],[91.75927109700018,23.287995747000082],[91.76007416200008,23.281184759000155],[91.76394846500011,23.273373040000138],[91.77024709199998,23.26890668200008],[91.77561105299998,23.26769474300005],[91.77609727100008,23.259857850000117],[91.77407381800009,23.25637026200019],[91.77847529000013,23.252586501000053],[91.77495388400007,23.24274960800011],[91.78284162900013,23.239838358000156],[91.78274249200001,23.232791453000175],[91.78889372500015,23.22482920500005],[91.78960500800014,23.212492707000024],[91.7868870900001,23.20757735300009],[91.79004651300016,23.20057917100013],[91.79734801500013,23.194077736],[91.79367740700019,23.18702418500004],[91.80458751800006,23.179731784000182],[91.80457730699999,23.16740802600009],[91.80819695100018,23.165174435000154],[91.8054294480001,23.15889637600003],[91.8124803030002,23.145866193000018],[91.8078437440002,23.140268836000075],[91.80701897900008,23.134239373000128],[91.81267596600014,23.133822246000136],[91.80992186999998,23.121726382000134],[91.81478271700013,23.11791397500008],[91.81677913800019,23.103264392000085],[91.81543356000003,23.098660944000017],[91.82421493700019,23.09872675000014],[91.83367709800018,23.094427118],[91.81455418900003,23.080700989000036],[91.81717825700008,23.077054222000186],[91.81100190300009,23.06898442500011],[91.79910179300009,23.065476686000068],[91.7953443040002,23.068587466000054],[91.78407357800006,23.071611619000066],[91.77576505000002,23.07022200700004],[91.77280620599998,23.065952275000086],[91.77905101200014,23.058581054000058],[91.77708767100012,23.055469612000024],[91.7814736090001,23.048153072000048],[91.78346008500017,23.03862172200013],[91.77848028200015,23.034541897000167],[91.76735274900005,23.040696685000114],[91.76751318700019,23.034484232000068],[91.76123134000011,23.03053576800005],[91.75986858000016,23.025710622000133],[91.7548193130001,23.024181861000045],[91.74368538600015,23.011520023000116],[91.74204408200006,23.006539702000055],[91.72437950100016,22.997835734000034],[91.72120079500007,22.9903387870001],[91.71481289200011,22.990367418000062],[91.70707187500005,22.983973792000086],[91.70426036300012,22.988101726000025],[91.69360802000011,22.988267897000185],[91.6857085150001,22.979332712000087],[91.67858792500016,22.98244263600003],[91.67222162400003,22.97866284500003],[91.66672524700004,22.98052465000012],[91.65150372700009,22.978132815000038],[91.65081111500012,22.98258772500003],[91.64077394400005,22.974670302000163],[91.6366171860002,22.96347884],[91.63330436700005,22.960939190000033],[91.62548140500007,22.962893500000064],[91.62538154000009,22.954538641000056],[91.62134630600019,22.94223008900002],[91.6129371770001,22.948235619000116],[91.61614251500009,22.951327718000073],[91.60350493300001,22.96042378200019],[91.60564109600011,22.966547764000097],[91.59826661900007,22.97664220000007],[91.59302407200016,22.973624430000143],[91.58974136200015,22.977418823000107],[91.57712651500009,22.9671975010001],[91.57397991800008,22.970245159000058],[91.55633063800008,22.978947083000094],[91.5570232390001,22.99612877200019],[91.54833979900019,22.994827622000173],[91.54244037600012,22.99895146400013],[91.5479264270001,23.019143473999975],[91.53845084300013,23.01979354600013],[91.55009307400019,23.03844883000005],[91.53059720100015,23.038692898000136],[91.5353976770001,23.055405313000108],[91.5252330850002,23.055465912999978],[91.52622606700015,23.06011414000011],[91.5351685280001,23.06350902300005],[91.52560913600013,23.083185605000097],[91.53052465100018,23.086366663000035],[91.53024323200009,23.09168645000011],[91.51943566800009,23.094421153000155],[91.52270648600017,23.1042041930001],[91.51145218900007,23.104474948000018],[91.51252690800004,23.11309615500005],[91.51532973100007,23.11775592100014],[91.51454547700018,23.122877803000108],[91.50400145800006,23.127390421000086],[91.50382648700003,23.130417519000105],[91.5148997120001,23.138658507000173],[91.5152732900001,23.144925109000155],[91.50519566800011,23.14060962500014],[91.4997628280002,23.142467639000017],[91.4952564250001,23.147190847000047],[91.49096174400012,23.15777840500016],[91.49483395200019,23.162066723000066],[91.49822411300016,23.171783695000045],[91.49241233300012,23.172077839000053],[91.49163986700017,23.17770050300004],[91.49722913200014,23.17991747300016],[91.50318217800015,23.192235942000025],[91.49217110200016,23.189011212000025],[91.48491133900018,23.188364821000107],[91.47077905600014,23.19652631800011],[91.48241851000006,23.198581972],[91.48441424400016,23.20935894000013],[91.4753694750001,23.22049792500013],[91.45837275800017,23.213342196000042],[91.45159886500005,23.219104493000145],[91.45393538000019,23.223577197000168],[91.47025978100004,23.227793380000037],[91.45786513100018,23.246169521000013],[91.447840262,23.243846441000017],[91.44599674800008,23.24986351100017],[91.45448658800018,23.257252221000044],[91.45414830900017,23.260397688000182],[91.43135871700014,23.262588034000032],[91.41928237100012,23.257909045000076],[91.41530172800003,23.262217212999985],[91.41946687900014,23.273190846000148],[91.4153305860001,23.281218811000144],[91.40824277700011,23.284633877999966],[91.41048204100014,23.258741515],[91.40523887799998,23.256494585999974],[91.39967507900019,23.265821664999976],[91.39709832000005,23.26507921900003],[91.39708348000005,23.25621288400015],[91.40020600200012,23.25594122600006],[91.40696553300012,23.247786527000073],[91.39131800800016,23.246754104],[91.39889472800019,23.23283729900004],[91.39845024600015,23.22945451000004],[91.38550383800009,23.227645500999984],[91.39004518800016,23.220651265000015],[91.38388903900017,23.212304146000122],[91.3859446100002,23.204306825],[91.38151106800018,23.184625762000053],[91.3836153700002,23.175566835000097],[91.38354436200018,23.156181502000095],[91.38782226100017,23.15303029100005],[91.39203312600017,23.13750652500005],[91.39659160800005,23.12845282000012],[91.39622593300004,23.117710904999967],[91.40222273800003,23.113510026000142],[91.39963945700003,23.096551596000097],[91.40538882900006,23.096816614000033],[91.40441332600005,23.087787059000107],[91.40726282100002,23.08352593899997],[91.41635081200013,23.083036022000044],[91.41294807400016,23.07602425900012],[91.410578456,23.06612889100012],[91.40457346700009,23.059090398000137],[91.39425223000012,23.056607802000087],[91.37785937000018,23.066510143000016],[91.36978918400018,23.069770710000057],[91.35144430300011,23.097195091000174],[91.34711834900014,23.101382086000115],[91.34704668600017,23.11785882300012],[91.34131067100009,23.118903434000174],[91.34181292000017,23.128167823000126],[91.3368881290001,23.13204130200006],[91.33255716900004,23.153101234000133],[91.32342026100008,23.160204826000097],[91.32470706700013,23.169808979000095],[91.3237772970001,23.198981457000116],[91.32365775800008,23.237608694000016],[91.31892346000006,23.240019001000064],[91.3186735590001,23.245152285000074],[91.3255638500001,23.247235884000077],[91.3265472220001,23.252532504999976],[91.31763818300004,23.253492551000022],[91.30965494400004,23.27642482900012],[91.31437239500019,23.282574208000085],[91.30236609700012,23.286273392000112],[91.30024622400015,23.292990097000086],[91.3070099320002,23.300448328000186],[91.3151453930002,23.297928259000116],[91.31498704600017,23.30339136100008],[91.31008452800006,23.31430402500007],[91.29650953500015,23.31480301100015],[91.29018949300018,23.31952193400008],[91.29645087000017,23.34076420600013],[91.30470667300017,23.343219921000184],[91.31049437300015,23.342607122],[91.31056821400011,23.351590506000093],[91.31777318400009,23.353221145000077],[91.31955561700005,23.35992999200016],[91.31545370000003,23.36053802100008],[91.30070098800013,23.351589270000147],[91.29115221900008,23.35133190199997],[91.29403399800003,23.361287882000056],[91.28632975300019,23.362868682000112],[91.28486188200014,23.370875842000032],[91.28785526100012,23.375660472000163],[91.27989603300006,23.376954077000164],[91.27626298100006,23.41298087700011],[91.2637580970001,23.42322033100004],[91.26996905600004,23.429184925000072],[91.2567866770001,23.440885677000097],[91.25548812000017,23.44706009000015],[91.25151322800008,23.452964719000136],[91.25209114300003,23.4812690710001],[91.24916529800015,23.489705308999987],[91.23649764800007,23.48965281900007],[91.23670851400016,23.494476187000032],[91.23129206300007,23.4998702150001],[91.22386797400014,23.497422489000087],[91.2177424360001,23.500319912000123],[91.22315102500005,23.514824948000182],[91.21494872000005,23.51463176900006],[91.20759781100014,23.51248527500013],[91.20026490500004,23.5206725700001],[91.20913584900006,23.546896743],[91.20470586600004,23.54626730500013],[91.20153963700017,23.550757849999968],[91.19419970000013,23.54765788399999],[91.19476034100006,23.56341573700007],[91.18579639300003,23.578099542000075],[91.17507470700019,23.585860005000086],[91.17637198500006,23.593770781000046],[91.16456153000013,23.593632131000106],[91.16414779400014,23.60129329200015],[91.1599715160001,23.608987487000036],[91.15730155000017,23.622805785000082],[91.160212834,23.63171615700014],[91.15838798200019,23.64177502600012],[91.16060304500007,23.649288426000055],[91.16060781599998,23.664063800000065],[91.16630211800009,23.663440779000098],[91.16945093200019,23.658426224000095],[91.1757277100001,23.65876805900001],[91.19261056200008,23.654425936000052],[91.19064496100009,23.647064679000152],[91.19847037000017,23.647083409000118],[91.20379054300008,23.65054409300012],[91.20056422600004,23.65650962800015],[91.20416518300016,23.679473016000145],[91.20299109000013,23.685851464000166],[91.19347779600008,23.690479122000056],[91.18188325400013,23.690457434000052],[91.15317071600015,23.68879316300007],[91.15100398300001,23.70424169100005],[91.14847701100001,23.711860390000083],[91.15244937000017,23.722302725000134],[91.15580003800011,23.736583419999988],[91.16363375000009,23.747825078000062],[91.1676628990001,23.75019700400003],[91.1815786310001,23.74911135300016],[91.18562615800005,23.75104239500007],[91.19564665300004,23.75135803900008],[91.20968485600008,23.748999992999984],[91.21125701800014,23.74500444600011],[91.218848079,23.738067977000185],[91.22147332300017,23.74487483900009],[91.22626217000015,23.75114519300007],[91.22556994299998,23.75711577600015],[91.23067084500019,23.766433755000094],[91.23035186700008,23.78135573800006],[91.22636283500009,23.791123043000084],[91.23109274799998,23.797639737000168],[91.23301107300017,23.810895593000055],[91.23736699400007,23.81388386000009],[91.25001840200008,23.833250489000136],[91.2544756480001,23.83778622300008],[91.24817061300018,23.852002574000153],[91.24003891200016,23.864280455000028],[91.23778368500018,23.873930179000183],[91.22960694900007,23.880838975000188],[91.22875920799999,23.89740410900015],[91.24477803400009,23.90736740000017],[91.24585989000008,23.913854173000175],[91.24113227500015,23.922853377000138],[91.23474255700012,23.92792604000016],[91.26087539400004,23.92435886600009],[91.26523838800011,23.925905670000134],[91.27529956200016,23.92467556800017],[91.27240231700017,23.938119456000152],[91.26409426800012,23.945358544000158],[91.26995032800005,23.96001471699998],[91.28236324900013,23.979011653999976],[91.28683234800013,23.9738966700001],[91.28755821800013,23.96782076500017],[91.2994311720002,23.97197982400013],[91.29744404200011,23.975979041000187],[91.30274094500004,23.989773922000154],[91.30347730600016,23.9961569030001]]],[[[92.32343296800013,20.636979094000026],[92.31754893100009,20.634346308000147],[92.31505010200004,20.628133673000093],[92.32495108100005,20.618252299000176],[92.32668159000013,20.603559086000075],[92.3243094710001,20.601057966999974],[92.32694385100012,20.590748150000024],[92.33156475400006,20.590925209000034],[92.33204845900002,20.6010508],[92.32610158200015,20.618810242000052],[92.32650630400002,20.625946889000147],[92.32968412800005,20.635087278000128],[92.32343296800013,20.636979094000026]]],[[[91.87017593400009,21.92308538499998],[91.86413749400015,21.919559551000134],[91.85673163700017,21.907261544000164],[91.84856802900009,21.901713464000125],[91.8460921050002,21.89634056300008],[91.8476719740001,21.889775161000102],[91.84671630600008,21.87969153000006],[91.84259624700013,21.87535262500012],[91.8408954730001,21.858453721000046],[91.84395436900007,21.853544867000153],[91.84996064100017,21.836941236000143],[91.85122577500005,21.825838840000074],[91.84849610000009,21.81618449000007],[91.84213115900019,21.80510526600017],[91.84471864600016,21.77539699600004],[91.83311694400015,21.76028098200004],[91.82919724900012,21.739305869000134],[91.829382855,21.72323000900019],[91.83426933400011,21.721076140000037],[91.84336987700004,21.722106294000184],[91.84602379400013,21.72533257100008],[91.84523104900018,21.740557120000062],[91.85072592900008,21.745076948000076],[91.85723684400011,21.766080961000057],[91.86777212000015,21.791435101],[91.87732324600012,21.82143474999998],[91.88625825200006,21.839302667000027],[91.89462928500018,21.860806927000112],[91.89599561199998,21.877040442000066],[91.89435725000016,21.89058337600011],[91.89042058100011,21.900759282000024],[91.87980583900008,21.921144500000082],[91.87017593400009,21.92308538499998]]],[[[91.08274144000018,22.053548780000085],[91.08462819100004,22.05889079700006],[91.08026137300004,22.064558745000056],[91.068968503,22.0631514480001],[91.04867082000004,22.05415228100003],[91.0483731760001,22.04860992800002],[91.0565946530001,22.050898980000056],[91.05503656700017,22.03786026800003],[91.05708687600008,22.030819046999966],[91.066052803,22.036736538000127],[91.07190727500017,22.044823850000114],[91.08274144000018,22.053548780000085]]],[[[91.03375302800015,22.083759583000187],[91.02702705500008,22.08532843],[91.01044599300019,22.09776467100005],[91.00040582600019,22.09964442800009],[90.98398235100012,22.085672209000165],[90.97494980700009,22.071713050000028],[90.9741967020002,22.06285110700003],[90.97485002000008,22.04965144300013],[90.97785361500019,22.03742917800008],[90.98113692200013,22.03019171700015],[90.9908800930001,22.023010111000133],[90.99784250700009,22.02526238100012],[91.0102813950001,22.033361489000015],[91.02427703900008,22.043839223000077],[91.02015971700013,22.034494943000027],[91.02615240700015,22.033644493000168],[91.03725229500003,22.042508665000128],[91.04052984100014,22.052115257000082],[91.04976342300012,22.071952370000133],[91.04933095600012,22.07572884500007],[91.04296752500005,22.083888317000174],[91.03375302800015,22.083759583000187]]],[[[91.37672919500017,22.35207128100018],[91.38150883800017,22.354778871],[91.38228428100007,22.361762472000066],[91.39171319500008,22.366879524000183],[91.3975624740001,22.37369981000012],[91.40001499400012,22.381266225000104],[91.39783476500014,22.388096008000048],[91.3916070780001,22.38850818300017],[91.3745590170002,22.379632414000184],[91.36373846200013,22.371162431000073],[91.36333296700002,22.36514347800005],[91.37064079400011,22.353437332000112],[91.37672919500017,22.35207128100018]]],[[[91.25624364300006,22.409764177000113],[91.26421371200007,22.415340843000024],[91.26636666000019,22.423164218000124],[91.25858258300013,22.43512542000019],[91.2509079240001,22.433561459000032],[91.24604861400002,22.424850987000127],[91.25250343500005,22.410843496000155],[91.25624364300006,22.409764177000113]]],[[[91.35338716800004,22.599510133000138],[91.34798217600007,22.603425871000127],[91.34649591900012,22.60938825500017],[91.34049011400015,22.611159154000063],[91.32348975200006,22.610388007000097],[91.33783313200007,22.58924062300008],[91.34364337000011,22.583313256000167],[91.34935724700011,22.58606585800004],[91.35338716800004,22.599510133000138]]],[[[91.55899509200009,22.47908072400014],[91.54685322500012,22.503020996000146],[91.53991758100017,22.514453822],[91.52512955499998,22.534430467000107],[91.51889229400007,22.544117273999973],[91.50225005300018,22.56668132300007],[91.47814563500009,22.59404534300006],[91.46502774100009,22.607065241000157],[91.45609198900002,22.61333561300006],[91.43942529600008,22.618132878000097],[91.42411501600003,22.607209940000132],[91.41634297800005,22.59680166400011],[91.40956334600003,22.58057216500015],[91.40943495300019,22.57673469800011],[91.41382382900002,22.565607123],[91.39039195400011,22.56552250200002],[91.38468568700017,22.558813520000058],[91.38310721800008,22.546493799000075],[91.38293173300019,22.486546859000157],[91.38471984400007,22.47632065600004],[91.38978531200019,22.475913529000024],[91.39052907000007,22.465962719],[91.39331578900016,22.450721748000092],[91.39874221600019,22.443469408000112],[91.38266929400004,22.44204757400007],[91.38491996800013,22.436615735000146],[91.40666364700019,22.428364312000156],[91.40730015600019,22.422115291000125],[91.41872433800006,22.41746317000002],[91.42677389500005,22.411148839000077],[91.43145111600006,22.403434703000073],[91.44089990700019,22.39736699600013],[91.44738863100002,22.395118761000163],[91.46072465900016,22.393806601000108],[91.46810816100003,22.399933430000033],[91.47675801000014,22.400593009000147],[91.48636294400006,22.392868462000024],[91.49421130200005,22.392297113000097],[91.51573957200014,22.385787978000053],[91.53110660800007,22.387305091000087],[91.54484038900017,22.39447668700018],[91.55672535100018,22.395773907000034],[91.56345276200017,22.398779777000016],[91.5699506750002,22.40510898900004],[91.57015552700011,22.415396352000073],[91.5778309370001,22.423206215000107],[91.57674298900014,22.429608990000077],[91.5710575720002,22.44003726600016],[91.57225808900017,22.44359534000006],[91.56978773100019,22.454159320000144],[91.55899509200009,22.47908072400014]]]]},"properties":{"adm1_name":"Chattogram","adm1_pcode":"BD20"}},
{"type":"Feature","geometry":{"type":"Polygon","coordinates":[[[91.19461677700008,24.632192949000114],[91.19308423900009,24.64136623400003],[91.18439625300016,24.63935797700003],[91.17999317400006,24.643654886000036],[91.17481309400011,24.64446980500003],[91.16632403000011,24.636083554000095],[91.16066163600004,24.636669191000124],[91.15535489700017,24.642428515000063],[91.14638904700013,24.64186051700011],[91.14262417300017,24.638337996000075],[91.1308387790001,24.64533533600013],[91.12856211200011,24.639236626000184],[91.12952280700011,24.63235503600015],[91.13493742700012,24.62600880800011],[91.12953670899998,24.612603201000184],[91.1258849150002,24.614249273000155],[91.11721242700008,24.60866313000008],[91.11250444000018,24.61088563300018],[91.10443182500006,24.610179770000116],[91.10547631499998,24.602514271000132],[91.09731087200004,24.603061668000066],[91.07339006200004,24.622069572000157],[91.06266727900004,24.620529243000192],[91.04589164200013,24.612824089000185],[91.03945557400016,24.61261131400005],[91.03672201600011,24.619972038000185],[91.04289341500015,24.62559606100018],[91.03043923300015,24.630969307000157],[91.02147430900015,24.618751108000026],[91.02228676200014,24.608947374000138],[91.01970989400013,24.605291651000073],[91.01038688300008,24.607458670000085],[91.00471414200013,24.603920511000126],[90.99405133500011,24.603435928000124],[90.98617714699998,24.607210629000065],[90.97762170500016,24.60147776800011],[90.96687024300019,24.607256891000134],[90.96150257300019,24.612461374000077],[90.95137487300008,24.60396008700002],[90.94759562000013,24.607666219000066],[90.9363350480001,24.602882115],[90.93343553500011,24.61205282000003],[90.92811133300012,24.615083972000036],[90.91477776400012,24.613740942000106],[90.91667794200015,24.61032928100019],[90.9169227320001,24.599886675000164],[90.908421986,24.596058563000156],[90.9065467420001,24.600278235000076],[90.90089260100012,24.59915849400005],[90.8879636600002,24.60157430600009],[90.88342351300014,24.600135764000072],[90.88181276900008,24.594343819000187],[90.87571005900014,24.5958979400001],[90.8656543300001,24.59576644900011],[90.86343043700003,24.601297102000046],[90.85274462700016,24.59862165000004],[90.84540954300007,24.58566750400007],[90.83923019700018,24.583092122000153],[90.82118373300005,24.586959727000135],[90.82234353900009,24.579003067000087],[90.8193766620002,24.572198575000016],[90.81367285400006,24.569296669000096],[90.80992964200016,24.564214311000057],[90.81399701000004,24.559760423000114],[90.80686288400005,24.54385448000005],[90.80107972400009,24.53666046400008],[90.80379405400015,24.52968532699998],[90.79863778400005,24.527048545000127],[90.79415287500012,24.514875724000092],[90.79311299400013,24.507742100000144],[90.77950085600008,24.51017464900002],[90.77440056200015,24.50830662100003],[90.76528168300013,24.510662846],[90.75915621500013,24.51042736000005],[90.7530759460002,24.50255554400013],[90.74299387800016,24.50844190200013],[90.74163021100003,24.496927067000115],[90.73582624700015,24.48588770900011],[90.73185612400005,24.482928951000076],[90.7292938830002,24.476481751999984],[90.7211320450001,24.474129903000176],[90.71833214000014,24.476315254999975],[90.71595806900007,24.490336248000062],[90.70919593300016,24.498144054000193],[90.70446046400008,24.498938395000096],[90.7057438980001,24.506297377000067],[90.70269025599998,24.514945479000062],[90.6970216970002,24.50910146200016],[90.68722567700007,24.50635120700008],[90.68279839900003,24.501358943000184],[90.68209751100011,24.492188594000027],[90.68553276900013,24.48891726200003],[90.68190022300013,24.47687241500006],[90.681606821,24.469689337000148],[90.67897267800015,24.466901488000133],[90.6647063420001,24.467109406000077],[90.65965994100009,24.473281854000106],[90.65132055600014,24.47439984600004],[90.64710987600006,24.478206273000126],[90.63669799500002,24.47691161000006],[90.63147183500018,24.48029320700016],[90.616550126,24.495956521000096],[90.60440971500014,24.499141743000052],[90.59980550700004,24.497338025000033],[90.59119185000009,24.497848640000086],[90.58365178000008,24.494430653000165],[90.58270980800012,24.485266769000077],[90.57572968699998,24.482183290000137],[90.57592460000006,24.46660903800006],[90.57921886000014,24.456991517000063],[90.58503578500012,24.453510078000193],[90.58760711800016,24.446313341000064],[90.5998493800002,24.44425126699997],[90.60779069500012,24.440424108000173],[90.61640345000012,24.43898035100017],[90.61958129800018,24.43621278400002],[90.63475480000011,24.434000405000063],[90.6391653070001,24.42844332700014],[90.63964910300012,24.422663437000097],[90.64790300500005,24.41584573900019],[90.64365883000016,24.396051148000083],[90.64077543600018,24.391396372000088],[90.64275943700011,24.384941773000094],[90.63922902300004,24.375586565000162],[90.63573827300002,24.374056862000145],[90.63361097300003,24.359089308000023],[90.62819620800013,24.353771957000163],[90.62367651900018,24.344052376000036],[90.61943827800008,24.339235612000095],[90.62448555000003,24.337031549000073],[90.6417536400001,24.309155938000174],[90.64436687000011,24.296920671000066],[90.64409314500011,24.278921918000037],[90.6507408220001,24.271946065000066],[90.65129715300003,24.260889026000143],[90.64047496000018,24.26299644800008],[90.63230764200011,24.26987883800018],[90.62286602200015,24.27158639900017],[90.61786449400006,24.268082218000018],[90.61188717900012,24.268408947000182],[90.59801743700007,24.260107596000125],[90.59062665600004,24.256946041000106],[90.58404790500009,24.250055436000082],[90.57732389900008,24.24765157800016],[90.57095297400008,24.249953861000165],[90.56154886000002,24.25979051100012],[90.55558612800013,24.260875891000012],[90.5493951310001,24.26675092200003],[90.54449779800018,24.26855229500012],[90.54689555700008,24.274743948000037],[90.5382086680001,24.278676643000097],[90.53553398100007,24.28184492500003],[90.52253753000002,24.286297629000046],[90.52067579600003,24.2898587520001],[90.52943281400019,24.30251800500008],[90.52319114400012,24.304227798000056],[90.51385272800019,24.31178080899997],[90.49600855900019,24.31501929700005],[90.48915922700013,24.31350612900013],[90.48593771300017,24.319330627000113],[90.47203701700005,24.329140008000024],[90.46349594499998,24.332988999000065],[90.45628776100011,24.34084810000013],[90.43780761000005,24.340123565000113],[90.42961440400018,24.3312052390001],[90.4265708150001,24.32421231300009],[90.428731497,24.309638024000094],[90.42220442500019,24.308218001000057],[90.4095800360002,24.294829093000033],[90.40473551900004,24.28415972000016],[90.39339174900005,24.280335178000087],[90.38743169800011,24.289007479000077],[90.36641895600008,24.280991918000097],[90.35849233900012,24.28809855100019],[90.35866745800013,24.29979209000004],[90.35296302600011,24.298956459000124],[90.34549914100012,24.293159379000087],[90.33915655200013,24.293532683000024],[90.33107967700005,24.298450268000067],[90.32373991800017,24.299184118000028],[90.31071215100008,24.291340063000177],[90.2964302800001,24.27951200800004],[90.28651248600016,24.27825950700003],[90.28058235100002,24.287569614000063],[90.26419389500012,24.28881982500019],[90.25716163200013,24.297057954000138],[90.25796165600008,24.304961744000025],[90.25406716100014,24.318001283000058],[90.24770291200014,24.326404647000118],[90.24753864700017,24.333494910000127],[90.24233203400001,24.332783025000083],[90.23410195700006,24.33518034900004],[90.23006242800005,24.348743311000135],[90.23494434100013,24.366668494000066],[90.24455992000014,24.397616490000132],[90.24883791100018,24.41472469000007],[90.24263015100013,24.41414770400013],[90.23240393200012,24.42043629500006],[90.22465062800006,24.433740458000102],[90.22219116700006,24.43498595300008],[90.22056304100016,24.449221578000106],[90.21324480000015,24.451908468],[90.21215979200008,24.463321552000025],[90.22393653300009,24.463514551000117],[90.22647849300006,24.469995516000154],[90.23555412500014,24.476929260000077],[90.24591525000005,24.481796625000186],[90.23764401900019,24.487409491000108],[90.22866588700003,24.48405453900017],[90.22292452100015,24.492758354999978],[90.21288989500016,24.500298460000067],[90.20893374200011,24.497854152000173],[90.20441486200014,24.503812196000013],[90.21063859400016,24.508098190000112],[90.20422361400017,24.51277862300003],[90.19302870900015,24.51520480400012],[90.18587386100006,24.523651596000036],[90.17666153500005,24.51827303200014],[90.17023908600004,24.53360710000004],[90.16471967900014,24.5365597980001],[90.15920724200015,24.54524059199997],[90.15104057700006,24.56781672000011],[90.15592655600011,24.572696511],[90.15151074900007,24.575901777000183],[90.145064294,24.57556943900005],[90.13540217300005,24.589569707000067],[90.13006751200015,24.595114097000135],[90.13478267600004,24.605642824000086],[90.13497844900013,24.616338257000166],[90.14808652500005,24.623153765000097],[90.15241131800008,24.633991784000045],[90.14958188000008,24.643464164000022],[90.15038287900018,24.65162873400004],[90.14537158300016,24.65452736000003],[90.14633155100017,24.661537120000048],[90.1428046100001,24.680551760000014],[90.1348372760001,24.691873280000095],[90.13718117900015,24.699351450000165],[90.13292146900011,24.705934685000102],[90.1338366980001,24.709801580000033],[90.12902465600018,24.717613460000166],[90.13402068000005,24.726678875000175],[90.135495306,24.73415780800019],[90.13043936600019,24.737957738000034],[90.10967543700019,24.73667835900011],[90.09168215300019,24.737272967000138],[90.08995022300007,24.74396176700003],[90.09209602500016,24.752488354000036],[90.09787066900009,24.75255468500012],[90.09860683700009,24.75729929500011],[90.09348773699998,24.75866721400007],[90.09339820300005,24.767569045000016],[90.08082053800007,24.78524033400015],[90.07087168200002,24.785457612000187],[90.06848816700011,24.781929231000163],[90.05528546300013,24.780788197000106],[90.04914993699998,24.775838892000138],[90.03817366100009,24.778993831000093],[90.0301510590001,24.779534595000086],[90.021191127,24.772191373000055],[90.02317989200003,24.76527996200008],[90.01981526300005,24.75687900100013],[90.01516558300011,24.75062172500003],[90.00896359600006,24.746574274000125],[89.99788464800014,24.74573339500006],[89.99740800800015,24.740305689000024],[89.99136409400012,24.736243168999977],[89.99074548200008,24.728149690000123],[89.98461537600019,24.72837484500019],[89.98203728900017,24.724734738000166],[89.96955994400008,24.723324105000074],[89.96406309500014,24.72634917500011],[89.95621571200019,24.735359627000093],[89.96043633900007,24.737388352000153],[89.95662234800005,24.744479300000137],[89.94062732200018,24.745446681000146],[89.93726725400018,24.754950747000123],[89.93121052300006,24.75874380800019],[89.92559760800009,24.756650361000084],[89.92186190300015,24.749068868999984],[89.91427079400012,24.748662821000153],[89.90900265000016,24.74011601700016],[89.8940381230002,24.740959652000072],[89.88739933100015,24.747186474000102],[89.88123335400002,24.74367301900014],[89.8778690920002,24.73861725200004],[89.87927912900005,24.726850476000095],[89.87766253000018,24.719475018000026],[89.87887814000004,24.71174510600008],[89.89179360100007,24.701989738000123],[89.89643904600013,24.69053210600015],[89.89715207500006,24.68260460600004],[89.88952048300013,24.675669792],[89.88170644100018,24.676413452000077],[89.87650517400016,24.679929279000135],[89.86509463700008,24.66351379400004],[89.86848105600006,24.65360957300004],[89.86181367600011,24.64924845500019],[89.84431739700011,24.649965161000125],[89.8431029520001,24.64468273200015],[89.8464135710002,24.63965334400001],[89.84170561900004,24.637343169000133],[89.85118493400017,24.626375043000166],[89.8492804010001,24.621883855000135],[89.84111221500012,24.62705954200004],[89.84100267500014,24.620383497000034],[89.83025515500015,24.615785997000103],[89.82636825200012,24.611125183000127],[89.83011583200005,24.60716523900004],[89.82318661400012,24.59879404800006],[89.82173349600015,24.59256508100009],[89.81709386600016,24.586180979000176],[89.81697316800012,24.579391908000048],[89.811876321,24.578550208000024],[89.80713732000004,24.571614743000055],[89.79469606100014,24.571148983000057],[89.78916288300007,24.57469137200013],[89.77386457900013,24.56587332099997],[89.76864853500001,24.557459270000038],[89.77042824600011,24.541128364000087],[89.7609859640001,24.53829583600003],[89.74869665400007,24.53888323400014],[89.74764415100009,24.53197682200016],[89.75119206800014,24.530300579000084],[89.7487660920001,24.520890142000155],[89.7431723540002,24.52367149100013],[89.73673747100008,24.519598436000024],[89.7387035000001,24.515268938000077],[89.74973337000006,24.51178561900008],[89.75349974500017,24.505501287000072],[89.75714673300013,24.50625682400016],[89.75924485200011,24.498657802000082],[89.75129504800009,24.487073119000172],[89.75286824300014,24.48139930600007],[89.76071221100011,24.48425690700003],[89.75203886600019,24.47243928400019],[89.74501728900003,24.470430085000146],[89.74609204800004,24.454516579000085],[89.75751771400019,24.454162777000136],[89.74983921100016,24.438121255000112],[89.7509108700001,24.427741066000067],[89.75963278100011,24.40718767600015],[89.76269364300009,24.41035132700017],[89.77243345000011,24.405624603000035],[89.774036126,24.396814257000074],[89.76475554400008,24.395458915],[89.76800396300018,24.37988183900012],[89.76495656200018,24.370757292000178],[89.7557500330002,24.36216949400017],[89.75345095500006,24.34990509200003],[89.75755993900003,24.344176507999975],[89.76554239500007,24.33990570600014],[89.7724212940002,24.334208056000136],[89.77605374800015,24.325080000000185],[89.77495481900007,24.313341466000054],[89.7783354660001,24.30068148700019],[89.78674876700018,24.29416572800011],[89.79109139400003,24.286273360000052],[89.79274581300007,24.27482349900015],[89.79097918500008,24.260566091000157],[89.78645230000006,24.24971695199997],[89.7872268340002,24.233049552000068],[89.78944047800007,24.220909134000124],[89.79470784900002,24.202337505000116],[89.79855459499998,24.19262192900004],[89.80323954100004,24.17412946100012],[89.79068515400019,24.172167936000108],[89.78365822900008,24.16659664900004],[89.7860865990001,24.160765368000057],[89.79323339100006,24.158058829000026],[89.80499363300004,24.161104568999974],[89.81292697400016,24.14746880700011],[89.82323197600016,24.141194763000044],[89.81916970500004,24.131193730000064],[89.81912278300007,24.10966336600012],[89.82160598600012,24.1002593180001],[89.82560743300013,24.09397530100017],[89.82621373900002,24.08714768700014],[89.82417430000015,24.075520959000016],[89.81795024100006,24.06506571000017],[89.80741994100009,24.05662628300007],[89.79685272500006,24.04508678999997],[89.78610779500008,24.041358423000133],[89.78740432400014,24.036024455000074],[89.77702229500011,24.028138126999977],[89.76540249400011,24.02400209000018],[89.75418634500016,24.02468901700007],[89.73788037800006,24.021073947000104],[89.72601623600019,24.014527432000136],[89.70727263000009,23.999828628000046],[89.69814432700002,23.98767076200005],[89.69691248300006,23.98054673100006],[89.69740817600012,23.943302774000017],[89.69273148899998,23.94392653700004],[89.68714540299999,23.94028203300013],[89.69134387600019,23.925631139000075],[89.69863148900004,23.925600438000117],[89.6995578440002,23.91367736],[89.70304146700005,23.90171856800015],[89.70134682000008,23.896356861000186],[89.70623317400009,23.89245075399998],[89.70089810000007,23.88723333300004],[89.70370507800016,23.87657608000012],[89.70702438200016,23.87618049500003],[89.70808863200011,23.8691711460001],[89.71154948200012,23.86644312100009],[89.71523473800005,23.857031472000017],[89.7296291130001,23.841921373000105],[89.73414098600011,23.83950853800002],[89.73462799100014,23.83080014000018],[89.7301405450001,23.82732782100004],[89.72203282900006,23.825190334000183],[89.71438264200003,23.81932537600005],[89.70415803000014,23.814019179000013],[89.68403096900005,23.81214758800013],[89.6652242770001,23.80925640600003],[89.65934624300013,23.813865197000098],[89.64916602600005,23.81692377200011],[89.64264559700013,23.810762390000093],[89.63364320700009,23.809218905000023],[89.61601717800016,23.811564658000066],[89.60488041900004,23.81100094100003],[89.59101617900006,23.813256550000062],[89.58660625600015,23.812783367000065],[89.5784262750002,23.806370006000122],[89.565088586,23.808508747000076],[89.56466268000014,23.81179960200012],[89.5510875600001,23.816015536000066],[89.54999492900004,23.81320575800015],[89.52729455600019,23.81543609700003],[89.51111193800011,23.82158147700011],[89.49370223600005,23.829442393000193],[89.49325453600011,23.831923381000138],[89.46554964600006,23.84509303500016],[89.43566849200016,23.86868010600017],[89.40752486800017,23.88482765200007],[89.39329465300005,23.903142682],[89.39043572500009,23.905212564000067],[89.36756918900011,23.908713833000093],[89.3666091990001,23.889671975000056],[89.35848383200005,23.886730688000114],[89.36072288100013,23.88202556900012],[89.35771910500011,23.87648093500019],[89.36068158900008,23.870584509000082],[89.35107362100007,23.862559514],[89.35010664300017,23.85119837000002],[89.35089336000016,23.842620462000127],[89.34372918200012,23.839629854000123],[89.33570819100004,23.83106244000004],[89.33608910600003,23.820302355000138],[89.32946010500018,23.804151394000087],[89.3284383310002,23.794412600000044],[89.32980981900016,23.790516689000185],[89.32982467300013,23.77846564200007],[89.31252166800016,23.772730959000114],[89.31525402800008,23.76703931700007],[89.32180682700005,23.767926275000093],[89.31432754100007,23.748600620000104],[89.3046926040002,23.746667604000038],[89.29691439600003,23.737798996000038],[89.30530896700014,23.73590632200012],[89.310506428,23.730740614000126],[89.3122366830001,23.72054422500014],[89.32060244700006,23.71496317600014],[89.32205753300019,23.703778663000094],[89.33954461600013,23.689745926000114],[89.34828350900011,23.68403194800004],[89.34875883400008,23.672074945000077],[89.36142525800005,23.67152701600014],[89.37155079300004,23.666808397000068],[89.37978006500003,23.669156083000132],[89.38012084299999,23.675848130000077],[89.40157128700008,23.683156084000075],[89.41128225500012,23.682890716000145],[89.41978795500006,23.673149814000112],[89.43743172100011,23.663259428000117],[89.4422630110002,23.657053087000065],[89.43744361500006,23.64485322200005],[89.44211809500013,23.639559052000095],[89.45501658199998,23.63853456800001],[89.47298149400012,23.634915926000133],[89.4789597620001,23.631907989000013],[89.48626845800015,23.624850907],[89.48725891200019,23.617168272000185],[89.48162788200005,23.609184434000042],[89.47402432300004,23.60170479800007],[89.47526393900006,23.5950001060001],[89.4844667380001,23.594240576000118],[89.49924079800019,23.578978750000147],[89.50088005700019,23.573433534000173],[89.50075956600011,23.562695695000173],[89.50634125500017,23.54955079400014],[89.50930656600008,23.546342317000153],[89.52119164900017,23.541829179000104],[89.53753744300013,23.538638166000112],[89.5394503080002,23.535821144000124],[89.53512638800004,23.530124501000103],[89.52917262800014,23.529192062000163],[89.51716866600009,23.53017370900011],[89.49795776100018,23.522035534999986],[89.49250622500011,23.515959228000042],[89.48864318100004,23.503687072],[89.48853967800011,23.491725276000068],[89.49006658700006,23.48447029600004],[89.49355404000005,23.47895142200008],[89.4998439060002,23.475453511000126],[89.51103814000004,23.47648486700018],[89.5138003880001,23.484110306000048],[89.50759665800018,23.49388446500012],[89.51281355300011,23.495788185000038],[89.51451446200008,23.508033592000118],[89.51949731300016,23.51291956100016],[89.53056625400018,23.51276137700006],[89.54708940900014,23.50653486200008],[89.5558559870002,23.50421612499997],[89.57590221700008,23.496052230000146],[89.59208229000006,23.485493263000023],[89.60505693400017,23.474167998999974],[89.60715005800012,23.460924481000063],[89.60161443000004,23.447018032000074],[89.60295703400016,23.417068685000118],[89.6063641660001,23.40352806200002],[89.61282528400005,23.38338061500008],[89.60454849200016,23.383396041000083],[89.59853831700019,23.38076120000011],[89.60555951400016,23.372423660000038],[89.60640561100007,23.367548038000052],[89.60378665800005,23.355435104000037],[89.6080856550002,23.34541038600014],[89.60477741200009,23.334598794000158],[89.60994457100014,23.32839926100013],[89.62204209700013,23.30572685600015],[89.61862055800009,23.303086591000067],[89.62153632300004,23.297182709000083],[89.634448572,23.289250763000155],[89.64251707100016,23.290102646000037],[89.65400216700004,23.28799209600004],[89.66526006600014,23.282623811],[89.66883658000012,23.27799971800016],[89.6583809060001,23.27634910400019],[89.64573738000007,23.27241203900013],[89.6368629010002,23.265840565000133],[89.63143787500002,23.258517952999966],[89.62997080100018,23.250768683000103],[89.63219352200014,23.240096854],[89.63768725700004,23.236200571000154],[89.65635387100014,23.24177975900011],[89.66868481000017,23.244340018000116],[89.6722920160002,23.242683240000133],[89.6857270590001,23.227536917000066],[89.68863313700018,23.221942631000104],[89.68629918700015,23.21520607000008],[89.68852430800013,23.21105074500008],[89.68330348000018,23.20530655100015],[89.68096797900012,23.19777950200006],[89.67865192300019,23.182093273000078],[89.68308947400004,23.17131668900015],[89.68840314500017,23.162897094000073],[89.69458350400004,23.160915122000063],[89.70456423400003,23.16936436700007],[89.71396247500019,23.175634928000136],[89.72943866300011,23.182732994000162],[89.7397283250001,23.185469324000053],[89.75306240800018,23.185761801000183],[89.759635747,23.18350690700015],[89.76552956200015,23.177352904000145],[89.76073419200003,23.172449702000165],[89.74210770300016,23.171876049000048],[89.73339046200016,23.1676023870001],[89.7300793980001,23.156628195],[89.73892179500012,23.146309107000093],[89.74207512100008,23.137703378000083],[89.73914411000015,23.12906730399999],[89.72297675700014,23.12137052300011],[89.71843552100012,23.12287780600019],[89.7074216150001,23.1207146320001],[89.70564889700012,23.11530494600015],[89.69745233500015,23.11357312700011],[89.6930276670002,23.12421023000013],[89.68125009400012,23.12982359100016],[89.6743983130001,23.12824233600014],[89.67009425400005,23.123068657999966],[89.6726535750002,23.11469794599998],[89.68258449100011,23.102193670000133],[89.69225037100017,23.093915774000152],[89.70072304800016,23.088765039000066],[89.71962299800003,23.081171124000093],[89.73160142000012,23.07958419900018],[89.73580644000003,23.069900819999987],[89.72754250399998,23.05642265],[89.73017459800019,23.051650798000082],[89.7461673250001,23.048703054999976],[89.75406283800015,23.03282588500008],[89.75672192900015,23.014982370000155],[89.76256985100014,23.00771034400009],[89.76942420500006,23.004823012000145],[89.784479793,23.00233970500011],[89.7970666670002,22.99669675600012],[89.79345891300011,22.988496636000036],[89.79499694500015,22.977931785000123],[89.80320501800009,22.97285410300009],[89.80685063500005,22.965577627000016],[89.80736800000011,22.958455378000053],[89.8013846500001,22.943906185000174],[89.80754539100013,22.940668501000175],[89.81845104700011,22.938646554000115],[89.82595788700019,22.933970177000162],[89.83953571900008,22.91997007200007],[89.84389083100018,22.906282349000037],[89.85058357500009,22.897264281000105],[89.84437471200016,22.896662018000143],[89.83734585600018,22.892935247000082],[89.83646975200014,22.888432347000162],[89.84672574000018,22.88344338200011],[89.85114895700013,22.883547739000107],[89.86095680300019,22.878202668000085],[89.86969006900017,22.87524638600013],[89.87136760800013,22.881896246000167],[89.87015648500005,22.888236626000037],[89.87768361800016,22.887260198000092],[89.88988010800011,22.882553591000146],[89.91524190900009,22.881774174000043],[89.92004541100016,22.865981445000102],[89.9311450300001,22.858694260000163],[89.93650564200004,22.847616765999987],[89.94232238600011,22.84596310300003],[89.94359785100005,22.852423159000068],[89.94095427600007,22.860952642000143],[89.94507410600005,22.862351876000105],[89.95292695100011,22.853387095000073],[89.96700684400008,22.854098591000138],[89.96964769500016,22.859008237000126],[89.97562155700007,22.85726578200007],[89.9826343680001,22.859698997000066],[89.98775721800013,22.86569327000018],[89.99273408200014,22.86409914400008],[90.0018053550001,22.86668742400019],[90.01075062600012,22.86641380800006],[90.01803743600016,22.86843667100004],[90.01867930600014,22.88846857700014],[90.02308079700009,22.892280162000134],[90.02212512900002,22.898838666000074],[90.02662353200003,22.905220182000164],[90.03284599900013,22.91816183500009],[90.03591233000009,22.934116641],[90.05671709100011,22.931632207000177],[90.06108664300018,22.942885011000044],[90.05697295300018,22.947141321000117],[90.05850940700009,22.958929478000186],[90.05688357700006,22.96229956200017],[90.05908908100008,22.971250934000068],[90.0690430140001,22.967613194000137],[90.07747600200008,22.983031690000075],[90.08283748600013,22.983383543000173],[90.08743659700008,22.988699519000022],[90.09271400400019,22.99996574200003],[90.09415512300018,23.006570590000138],[90.12637909200015,23.005129905000047],[90.12965341500006,23.02409968699999],[90.12730845700003,23.026138624000055],[90.13637830900018,23.044349158000102],[90.14279631900007,23.044476732000135],[90.14304122200014,23.049352272000135],[90.13662984299998,23.053038904000175],[90.1463180360002,23.055539843000076],[90.15317471000014,23.054852170000117],[90.15771621900012,23.062268966000033],[90.15655869500011,23.066428889000065],[90.16288862900018,23.07071502700012],[90.17904462100006,23.06710949600017],[90.1805516600001,23.064072359000136],[90.19156410600004,23.062777853000114],[90.19954010800006,23.059911800000066],[90.20455149100019,23.068012408000072],[90.21436603799998,23.074419343000045],[90.22037085500011,23.06897601600008],[90.22680255700004,23.055518829000107],[90.23529104900018,23.050358440000082],[90.23784297200007,23.045865499000058],[90.23241232800012,23.03184261700011],[90.23274048100018,23.006373178000104],[90.22881335700015,22.99255449700013],[90.22923516300006,22.985498269000175],[90.2354002850002,22.966345595000178],[90.23928699900006,22.968146758000046],[90.24412517700017,22.97618768700005],[90.25062741600004,22.97859725100011],[90.25822532300009,22.974180833000105],[90.25695387400015,22.96611436300003],[90.27500313000019,22.97630427400003],[90.28989889000002,22.974222995],[90.2922260150001,22.97607105800006],[90.31625436900015,22.981456099000013],[90.3225850300002,22.985030408000114],[90.32798851800015,22.993324915000073],[90.32994738800005,23.002642228000184],[90.3284655970001,23.014282426000136],[90.32154769300007,23.02029017300009],[90.31160275400009,23.034607344000165],[90.31057273300007,23.049787701000014],[90.31216883300016,23.053280443000176],[90.33087649100008,23.057429572000046],[90.35171223900011,23.05603790000015],[90.3663090300002,23.056908080000028],[90.36942999200016,23.058781992000036],[90.37833194100011,23.054453224000156],[90.3845137780001,23.056176881],[90.39596367600012,23.049413214000026],[90.40229950500009,23.04870888300013],[90.40994334100014,23.043942153000046],[90.41312262800005,23.04588460100001],[90.42582072500005,23.041310763000126],[90.42499223300007,23.034471424000117],[90.41885329600007,23.030268285000034],[90.41161177000009,23.021390836000137],[90.41526131300014,23.007510726000078],[90.41880345300012,23.00669066300003],[90.44355722200004,23.016329485000142],[90.45345286899999,23.018250861000126],[90.45687782800013,23.012956097000085],[90.47472524300008,23.013368800000023],[90.48958193900006,23.020769168000015],[90.49335341500006,23.0209900590001],[90.49515308600019,23.033436694000102],[90.50075414800017,23.03988905300008],[90.51110253900009,23.04227684300014],[90.50620214700018,23.047353419000046],[90.50165128300006,23.05827544600004],[90.50679575800018,23.061375466000186],[90.51098259300011,23.057536461999973],[90.51632076499999,23.057945931],[90.51477265400007,23.069425298000112],[90.5160954100001,23.080759794000187],[90.54483049600003,23.08013315200003],[90.53292154600018,23.093544424000186],[90.52883739000009,23.104553655000075],[90.52720869199999,23.11665210600006],[90.53733949500008,23.11860067800012],[90.55564177600013,23.12453068399998],[90.5610567560002,23.134818166000116],[90.56712884500013,23.14060691399999],[90.56548092000014,23.152624427000035],[90.56630612000004,23.164824967000186],[90.57536552400018,23.169173151000052],[90.57994443500019,23.173699920000047],[90.58043965200005,23.182335826000156],[90.58773928000005,23.187123242000155],[90.58968658200007,23.195995296000035],[90.59307939700005,23.200751908000143],[90.59480343500007,23.212043264000044],[90.59205013200005,23.22663720800017],[90.59555090000015,23.2473972520001],[90.59265262800017,23.252543370000126],[90.58182620500014,23.25260192000013],[90.57336351600009,23.270337396000116],[90.56419725900008,23.281600673000128],[90.562468647,23.288496666000015],[90.55455255800007,23.297869334000154],[90.55583620200008,23.305253645000164],[90.56149369400009,23.30859592600001],[90.56762504100016,23.320680029000016],[90.58161841800006,23.33643167500003],[90.57476487500008,23.3376273720001],[90.57121503600013,23.351184369000123],[90.56130249400007,23.359554111000023],[90.55247422900015,23.36358560600013],[90.54170760500017,23.378342107000094],[90.53875488500012,23.379713095],[90.53853974200018,23.390459162000184],[90.54637473700012,23.407485728000097],[90.57437841600017,23.443220073000134],[90.57873703600006,23.460009148000097],[90.57771287300011,23.470885933000034],[90.58173715800012,23.47210843500011],[90.5841995240001,23.48371512100016],[90.57757740200003,23.485761932000116],[90.57627093299999,23.49342864500005],[90.59450009300019,23.491866445000085],[90.60424280299998,23.49526359200007],[90.6129549490002,23.489868761000025],[90.62390827200005,23.491489536000074],[90.63041606600012,23.496286703000067],[90.63425663900017,23.501966102000097],[90.64145090400012,23.504355091000093],[90.65125206200014,23.501911789000133],[90.66505684100008,23.49535235800016],[90.67946175200007,23.49342274999998],[90.68729357400008,23.495824905000063],[90.7030209290001,23.50498133900004],[90.70679615000012,23.51075176000012],[90.7072341670002,23.519405047000134],[90.69660781200014,23.529463104],[90.6866585910002,23.547590140000068],[90.68478500100008,23.55813917500012],[90.67348576300009,23.567719933000035],[90.6673393210001,23.57133455100012],[90.65462162300014,23.5714066970001],[90.6477426030001,23.573027476000163],[90.64413293300004,23.582095190000075],[90.647629731,23.58909429900018],[90.66314221700009,23.58925466200003],[90.66345001700017,23.59479921200017],[90.6504807890002,23.618471406000026],[90.64066617100008,23.61449961],[90.63567199700003,23.614922106000165],[90.62519797900012,23.61919549000004],[90.63190473100008,23.628001768000047],[90.63636061800008,23.639337202000036],[90.64246058300006,23.662908962000074],[90.6434799290002,23.673203800000124],[90.64992894000011,23.677636561000156],[90.66351956300008,23.674577203000183],[90.668373341,23.679895520000116],[90.67968921100015,23.6828795240001],[90.6953231660001,23.671971573000064],[90.70400681300015,23.6673801230001],[90.713016998,23.665171089000125],[90.72227215800018,23.664839181],[90.73302106500006,23.669925578000118],[90.7388432460001,23.681956515000024],[90.74132228100012,23.69025423800008],[90.73958402900001,23.702040451000187],[90.73648626600016,23.70935317800013],[90.72961806500001,23.71610561500006],[90.72354592500017,23.72502174300007],[90.72118216400008,23.73760548700011],[90.72335684200004,23.747639025000012],[90.73481311100016,23.764372856000023],[90.74189024200018,23.772018525000135],[90.74742609700019,23.78148901100019],[90.756179337,23.78897682100012],[90.76278967400009,23.797660163000046],[90.76738556000004,23.810121815000116],[90.76648311200017,23.825182570000095],[90.76031809800008,23.841928967],[90.7593427590001,23.85232952700011],[90.76108590200016,23.85791394000006],[90.7659916990001,23.863633908999986],[90.77063722200018,23.86502648000004],[90.78640339900016,23.865922208000086],[90.81212714700013,23.86614769900018],[90.82355692100009,23.86401192800008],[90.83334737400008,23.864548576000118],[90.83924353600014,23.866928042000154],[90.85796453300003,23.878536782000026],[90.86605994500019,23.877211196000133],[90.87824641700007,23.87214534200018],[90.88997821100014,23.86589576800003],[90.89917937900009,23.86478334200018],[90.90686887600015,23.868556387000126],[90.91737777800012,23.879334370000095],[90.92328853900005,23.89385123500017],[90.925271839,23.901486836000174],[90.93253001200009,23.915247779000026],[90.94057241600007,23.92226598100018],[90.94868100500014,23.92637291200009],[90.9531935490001,23.939291676000153],[90.95434432600001,23.959059006000075],[90.95908059700014,23.963116232],[90.97009542800015,23.96870522200004],[90.97352752700016,23.974445551000088],[90.97389515200013,23.98232992300018],[90.96900678000014,24.002595764000034],[90.97046866200014,24.01301103800006],[90.9795822320001,24.027784833000055],[90.99518539400009,24.045020353999973],[91.01203778100012,24.05804290100002],[91.01977207400012,24.060709969000072],[91.0262762370001,24.066342620000114],[91.03646678600012,24.072015522000186],[91.04264338900003,24.078871121000134],[91.05007444600017,24.09012279000018],[91.05080400500009,24.101020641000105],[91.048045748,24.1083415330001],[91.04089310700016,24.11894332600008],[91.02539230700017,24.12942498299998],[91.00454896000014,24.137727730000165],[90.99733621900015,24.142839270000138],[90.98424239000008,24.158647611000106],[90.98555627000007,24.163678540999967],[90.99122528900006,24.17027973],[91.01068537200018,24.179914672000166],[91.02649572200005,24.195078373000115],[91.03908442200003,24.213734752000164],[91.0480703660001,24.21616617700016],[91.05330051100003,24.21512539500003],[91.07525068200016,24.21495619700005],[91.08861429200005,24.211009128000057],[91.09094726500012,24.217720486000076],[91.081148928,24.225261220000164],[91.07871816400018,24.230017887000145],[91.08131467200008,24.23682685000017],[91.08724967600011,24.24109232000012],[91.10185413900012,24.241833918],[91.10904705200011,24.240772468000102],[91.13955097799999,24.244294880999973],[91.14982872100012,24.249654089000046],[91.15429236500017,24.256332405000137],[91.16011499700016,24.257827847000044],[91.17527979,24.26551884900016],[91.18809997699998,24.273011375000124],[91.19339513000017,24.277701964000187],[91.19814375600015,24.28670878900016],[91.19755993800015,24.293396056],[91.18704134000006,24.29279002100003],[91.17981282200009,24.28929727500008],[91.16345397800012,24.284914835000052],[91.15884226000014,24.29065297200009],[91.16940637400006,24.31492776900012],[91.1729462190001,24.319704770000044],[91.18603278400013,24.32280444100013],[91.20419006000003,24.32142429000004],[91.22702339500017,24.316825506000043],[91.2346909310001,24.316198932000077],[91.23852287000017,24.319472885000152],[91.23902728400014,24.32466582300009],[91.2351674470001,24.336958444000174],[91.22333215200001,24.352349762000188],[91.21550153000015,24.35957472800004],[91.21412057600008,24.363953070000093],[91.21996558100011,24.36777571300013],[91.23130533500012,24.367268621999983],[91.23756066400011,24.372159592],[91.2443411270001,24.380980983000086],[91.25306150900002,24.37788618600007],[91.25640133600007,24.382127652],[91.24553069600017,24.393966622999983],[91.24277572100004,24.40313414900004],[91.23924501700014,24.407766340000023],[91.23240407800012,24.409662126000057],[91.2280251410001,24.40720757600019],[91.220708334,24.411450531000128],[91.22124428500001,24.404373115000055],[91.21600818000013,24.403150561000132],[91.21630706800016,24.41125299400005],[91.22054295200019,24.419477233000123],[91.21833035200007,24.43301793200004],[91.22431213100003,24.43469218700011],[91.23185085400019,24.433337380000182],[91.24024153900018,24.427399079000054],[91.24315572500007,24.430255850000094],[91.23897762000013,24.44201380500016],[91.23841666500016,24.458232407000025],[91.23354112600009,24.472332532000053],[91.22860030200019,24.480831965000164],[91.2233801480001,24.484366821000037],[91.20871570399999,24.479915508999966],[91.2035914020002,24.476922212000034],[91.19926178800011,24.465354809000132],[91.19020872800013,24.464475923000066],[91.18482923500011,24.46961588500011],[91.18618325100005,24.474138547],[91.19384410900011,24.480137623000076],[91.17089469400008,24.483954271000187],[91.16308026300004,24.48316578100014],[91.15682085300011,24.476865409000027],[91.15083580700013,24.480580553000095],[91.15703986600005,24.489113800000155],[91.17052833000014,24.500442414000076],[91.17537388600016,24.501585281000075],[91.18199727200016,24.49371343000007],[91.18749962400017,24.49733661199997],[91.21514241699998,24.525632222000127],[91.22082565300002,24.538018808],[91.22692384900012,24.55459636300003],[91.22583965800004,24.561644493000017],[91.23393492300005,24.570574518000058],[91.22499636200007,24.5770002430001],[91.217180015,24.57855360400015],[91.20666625600006,24.57839603000008],[91.204147192,24.588652629000023],[91.19978752300017,24.593690210000034],[91.20528716000018,24.595814271],[91.20012697400011,24.602941276000024],[91.20094792100008,24.610046059000183],[91.19340275000008,24.613883001000033],[91.17997689600014,24.617165305000185],[91.17744350700008,24.620675262000077],[91.1807909370001,24.625235238000073],[91.17973718800005,24.631874572000186],[91.19334813400019,24.625672922000035],[91.19461677700008,24.632192949000114]]]},"properties":{"adm1_name":"Dhaka","adm1_pcode":"BD30"}},
{"type":"Feature","geometry":{"type":"Polygon","coordinates":[[[89.35848383200005,23.886730688000114],[89.35014132700019,23.88612245700017],[89.34972852900012,23.891289004000157],[89.34573846800015,23.893493967999973],[89.33244883500004,23.88456698300007],[89.32085159500002,23.88075239900013],[89.3091066070001,23.87897820800015],[89.3025479760002,23.89041020400009],[89.29347434700003,23.892604218000088],[89.27995620900015,23.899085181000146],[89.26217310800018,23.898944126000117],[89.25345943200006,23.90618651799997],[89.25107237900016,23.913815884000087],[89.24456818500005,23.926765057000125],[89.24258037800018,23.938546331000055],[89.23248528700009,23.944712439000057],[89.23178622200004,23.963145084000075],[89.23340671000017,23.97383337100007],[89.2246139790002,23.97728205500016],[89.21475613100006,23.973169477000056],[89.21210990000003,23.974645010000188],[89.21326473000005,23.989624718000073],[89.1953247670001,23.98699848500013],[89.17588551600005,23.987185625000166],[89.17344608600001,23.978336084000034],[89.17511185300009,23.964226874000076],[89.16567703500016,23.953902334000077],[89.14936533300005,23.953198927000017],[89.14894358800007,23.959785725000074],[89.14512162600016,23.96407545600016],[89.13649620700016,23.963175417],[89.11511573400014,23.963653394000062],[89.10845225200018,23.96284263600012],[89.09435041400008,23.96394699000018],[89.09464348500006,23.972835382000028],[89.08162211200016,23.975261319000083],[89.07073039700003,23.979025065000144],[89.06151408500006,23.98949237100004],[89.0599153610001,23.994992192999973],[89.0478872610002,24.016869680000127],[89.04112620300015,24.033933133],[89.03649611300006,24.05197583100005],[89.03231624900002,24.05912972300007],[89.02630923100003,24.07697817600007],[89.02657822000003,24.08104939100008],[89.02238405300017,24.09542215400006],[89.0150848560001,24.103699871000117],[89.01175446300016,24.11130979500001],[89.0050566610002,24.11652475900007],[88.99180520000004,24.120706258000098],[88.95458277100016,24.123190210000075],[88.94591187900005,24.125512569000136],[88.93670249800005,24.131227704000025],[88.92846441500006,24.12370122699997],[88.92066752200003,24.12092457],[88.91875663200005,24.132930203000114],[88.9083021880001,24.129550457000107],[88.90961351300018,24.116877974000033],[88.89274176700008,24.111462181000036],[88.88048076200016,24.106267587000104],[88.88089600100011,24.120934104000128],[88.86654037699998,24.116873398000052],[88.86202111900019,24.1171039300001],[88.84468147800015,24.131313848000048],[88.83687756200015,24.126378974000147],[88.8211882870001,24.125581337000142],[88.80189384900007,24.13147731099997],[88.79516992100008,24.14032650000007],[88.79008706600013,24.142774275000193],[88.7749461630001,24.153704857000037],[88.78233196100012,24.160778604000086],[88.7736399100001,24.170295067000154],[88.77078271700009,24.169608306000043],[88.76698715300006,24.180087125000114],[88.75805839000003,24.192537909],[88.75101192800014,24.199734157000023],[88.74733513400002,24.199274305000188],[88.73478258900019,24.219466142999977],[88.73492390200005,24.211072522000165],[88.7312244220002,24.172770149000087],[88.74092475100014,24.16204314500004],[88.7464466850002,24.146950982000135],[88.70801684500015,24.119220374000065],[88.7013489200001,24.12089995600013],[88.69710566800018,24.118901923000067],[88.69435809000004,24.112204863000045],[88.69900230300016,24.109885241000143],[88.7012042230001,24.10355094400012],[88.7009827490001,24.09435815600017],[88.703990794,24.09438384100008],[88.71598622900018,24.102366423000092],[88.724666647,24.103640188000043],[88.72865542400007,24.09946061300019],[88.72871627200016,24.09021144100018],[88.72493385900009,24.07987367200002],[88.72354291500011,24.068607564000104],[88.72880791600011,24.064614674000154],[88.73385527800008,24.06621379000012],[88.73753283000008,24.061821913000074],[88.72995852000008,24.05863008800003],[88.72473136400015,24.04810250899999],[88.72497716900011,24.041127494000136],[88.74166224300006,24.035370950000072],[88.7421412180002,24.033327155000165],[88.73444807500005,24.021465071000137],[88.72850739800009,23.996492248000038],[88.73513800400019,23.995405633000075],[88.74616941600004,24.005750744000125],[88.75523126100012,24.00678864400004],[88.76170388600019,24.004797839000048],[88.7616932030001,23.99724795000003],[88.76800237000015,23.98542089400007],[88.76761412100007,23.98161158700009],[88.7493616210001,23.98511876800012],[88.73969040600008,23.983766259],[88.73685215100016,23.981546164000065],[88.73746143800003,23.971283117000098],[88.73281017800014,23.960872861000098],[88.739235635,23.94978619900013],[88.74006193800011,23.938470517000155],[88.73636345300008,23.933631719],[88.733050359,23.922947465999982],[88.73548672900017,23.915101620000087],[88.72510812700011,23.91297141800004],[88.72302088400016,23.91630691900008],[88.70663116900005,23.916430652000088],[88.69931369400007,23.91014667400009],[88.70027757700018,23.899159791999978],[88.68827812800004,23.90130432800015],[88.68456715300005,23.890462763000073],[88.676414879,23.88463571000017],[88.66748905999998,23.883061820000137],[88.66375914000014,23.8778661340001],[88.66761035700017,23.8703452740001],[88.6550864580002,23.868904327000166],[88.65140405000017,23.866456902000095],[88.64620488400004,23.869612151000126],[88.63701737200012,23.871102422000035],[88.63137343500006,23.865947740000024],[88.62508485500001,23.865857843000185],[88.62554530500012,23.87412728800001],[88.61786860500018,23.876639051000097],[88.60955477400017,23.872979001000147],[88.6099400700001,23.8664397820001],[88.60517743100013,23.863096010000163],[88.59931404600019,23.869339377000074],[88.58731378500016,23.87126837300019],[88.5825969820001,23.863050084000122],[88.57575120400014,23.861688766999976],[88.57655649700007,23.855051974000048],[88.5881665190002,23.85573680700014],[88.59148323800008,23.850789052000096],[88.58719561600009,23.843489175000173],[88.58632489700005,23.832113902000174],[88.58864681800009,23.82798560900011],[88.60017265000016,23.821520903000078],[88.60172725300009,23.815342223000073],[88.59647918400009,23.811517471000172],[88.5878188170002,23.81046987400009],[88.5941218870002,23.805282900000066],[88.59041350400003,23.797480427000096],[88.58114620500004,23.79657820700004],[88.5813197990002,23.789544926000133],[88.57699211800013,23.78586347300012],[88.5696191720001,23.78341800700008],[88.56057797700015,23.786291483000184],[88.5596776650001,23.78113564200015],[88.56620498900014,23.77674643600011],[88.57870125200014,23.775394630000164],[88.58062592900012,23.76534990600004],[88.57805587100012,23.75772469500015],[88.57270621800006,23.74827443200013],[88.57483737000018,23.740224054000123],[88.57009567600011,23.72886594100015],[88.56516937400016,23.712221902000124],[88.56766064300012,23.703207510000027],[88.5690041220002,23.690457269000092],[88.57285460200012,23.685471717999974],[88.57481873700016,23.676757068000143],[88.57396819700011,23.667630425000027],[88.57059344900017,23.66172255800018],[88.56338367900008,23.658160983000073],[88.5580804490001,23.649602516000073],[88.56358468100007,23.64542270400011],[88.56224730100007,23.637336803000153],[88.57132789300016,23.636386697000034],[88.57529776600012,23.638771229000156],[88.59352417600019,23.64096955000008],[88.59417217800018,23.631666871000164],[88.5922638420002,23.627569874000187],[88.59325404700013,23.61687953300003],[88.58478381700007,23.61352206200013],[88.57999898300017,23.60467779300012],[88.59280782000008,23.603252403000113],[88.60077429600005,23.607489913999984],[88.61793251200004,23.60178931300004],[88.62176030600006,23.604776466000033],[88.63312514300003,23.60920278900005],[88.64349715200018,23.607356626000183],[88.64110674200009,23.599426807000157],[88.63803084200015,23.59773589300005],[88.63887063200019,23.590635845],[88.64378438800014,23.591638377000038],[88.65062959400018,23.58357561100007],[88.64821420800018,23.580197377],[88.65482125900019,23.5627635890001],[88.65375645500018,23.556601404000162],[88.65949386400018,23.55316229300007],[88.65967651000017,23.549209232000123],[88.66662600000018,23.546547401000055],[88.67464336400008,23.548009770000192],[88.6856736790001,23.538367480000147],[88.68586531300019,23.532643785],[88.69161864400007,23.530669444000182],[88.69511359800003,23.525812143],[88.69553190700009,23.517327643000044],[88.69971792300004,23.515374559000065],[88.70577588100019,23.517011692000096],[88.7122156440002,23.50946766100003],[88.72342509000003,23.51278068200014],[88.73028711800009,23.504366450000077],[88.73187483999999,23.49640800100019],[88.73902158100009,23.490753875000053],[88.74509449500005,23.481865078000112],[88.75546120500013,23.478886541000122],[88.75721959700013,23.485224830999982],[88.76177377200008,23.490156119000176],[88.76760455200008,23.481866311000147],[88.77026424600007,23.497603239000114],[88.78328543200007,23.502378342999975],[88.78818853900015,23.49834084300005],[88.79430017400017,23.502468243000123],[88.80003942900015,23.498757711999986],[88.79989514100009,23.492590333000123],[88.79688745900012,23.488299745000063],[88.80017246600005,23.482261785000162],[88.79349208800011,23.47991818200012],[88.78746810700005,23.469884266],[88.79077487900008,23.462965460000078],[88.79087861600004,23.450877659000128],[88.78291473300004,23.44058388600007],[88.77482203900013,23.444414284000118],[88.77205124500006,23.4479543060001],[88.76532430200007,23.44849504500013],[88.76020134800001,23.429969229000108],[88.75461105900013,23.415639174999967],[88.76144666100015,23.408538303000057],[88.75166282800018,23.402865420000126],[88.75377368200003,23.39555545000013],[88.75305637500014,23.389442163000126],[88.761781358,23.38402484400018],[88.75902441500011,23.379028864000134],[88.76443492800018,23.37001755400007],[88.76103047100014,23.362309280000034],[88.75635074500019,23.360307791000082],[88.7501396470002,23.363067118],[88.74321554300019,23.35370691600002],[88.74340820300012,23.348829172000023],[88.73417380300009,23.353117001000157],[88.7328782530002,23.34678219700004],[88.73836044000018,23.344191521000084],[88.73495489300007,23.337144280000075],[88.73335531500004,23.32716730500016],[88.74308203000004,23.328017845000034],[88.74881253600006,23.322141256000066],[88.74571298800015,23.31550083900015],[88.74438568300019,23.306790530000058],[88.7404745020001,23.30491896899997],[88.7336106080001,23.306771593000178],[88.72526286500016,23.318343335000122],[88.72675661599999,23.30188419000018],[88.72452475000011,23.29887434799997],[88.71770992400002,23.298478285000158],[88.71887124000006,23.303924305000123],[88.71356933600009,23.30595588400007],[88.70819114400007,23.30372151400013],[88.70673247600018,23.310724708000123],[88.69655444000006,23.30247820200009],[88.69720719200006,23.293183448000036],[88.7091974110001,23.289846097],[88.71403113800011,23.275453389000063],[88.72252255100005,23.273729976000027],[88.72357152400008,23.26995879499998],[88.71866982400007,23.254472591000138],[88.72518636700005,23.253322167000135],[88.73083756900007,23.249707874000137],[88.74765662599998,23.24395649800016],[88.75201422700002,23.240611070000114],[88.7586126270001,23.24210164300007],[88.75989017900014,23.245478300000116],[88.76714952700019,23.24614508600007],[88.77347587900016,23.24196324400009],[88.77649970500005,23.236732606000032],[88.77388438899999,23.231318008000187],[88.77437454100004,23.225132826],[88.77862407600003,23.221609644000182],[88.78384627900004,23.223115534999977],[88.79244225600013,23.22017646800009],[88.80387799700014,23.219076207000114],[88.80868450600019,23.224847919000183],[88.80602758800006,23.238612579000062],[88.81031800700009,23.24800434500014],[88.80972511100003,23.254888865999988],[88.82800102200008,23.245387087000154],[88.82402164100006,23.239540834000024],[88.82578399400012,23.233430411000086],[88.83727251800019,23.24369025600015],[88.84015158600016,23.237226640000017],[88.84949132800006,23.230801359000168],[88.85571378500003,23.236462388000064],[88.86178029000007,23.233817191000128],[88.87480653200015,23.234064547000173],[88.88573458000019,23.228723212999967],[88.88679667200012,23.231684207],[88.90243950300004,23.23374289100019],[88.9061269720001,23.236428538000098],[88.91152505400015,23.234027370000035],[88.91623753300007,23.222591476000048],[88.91369044900017,23.215199210000037],[88.92937652100005,23.21602484800013],[88.929261344,23.212506055000063],[88.94130268700007,23.20641637600005],[88.9464063750001,23.206825478000155],[88.95156451600013,23.211062159000107],[88.96342954600004,23.214862068],[88.9657372590001,23.218916903000036],[88.97594793400003,23.224344346000123],[88.98456588100015,23.22119607400009],[88.98414806700004,23.215708566000046],[88.97960461600007,23.211704133000126],[88.98535838600009,23.20839068300006],[88.98479828299998,23.202566363000074],[88.98081196700002,23.19215804000015],[88.96623182400009,23.193652604000192],[88.95783094500018,23.189105932000018],[88.95713056700015,23.18339068800003],[88.94595618700015,23.18058176800014],[88.93934625500003,23.17691321500007],[88.93288224900004,23.167552863000083],[88.92819262500012,23.16348815800012],[88.93217317300014,23.154683985000077],[88.93062659800017,23.143478107000135],[88.92302433700007,23.144912138000052],[88.91875681400006,23.137593960000117],[88.9178484570001,23.12969135100002],[88.91032910600012,23.12986085900002],[88.90592426900008,23.124864933000026],[88.90011153800009,23.112664968],[88.89142345400012,23.107862287000103],[88.88331740900009,23.110900894000054],[88.88290050700004,23.10611543400006],[88.86930788300003,23.100095828000065],[88.87357708600018,23.095960289000118],[88.87459890700012,23.090207338000084],[88.86620013400017,23.086039901000163],[88.86520161000016,23.077678018000086],[88.86889662800019,23.068150777000085],[88.87360359600007,23.065937653000105],[88.87532241100013,23.05497356],[88.8752721680001,23.044902327000102],[88.88417478200006,23.038435586000162],[88.88052583200016,23.031743563000077],[88.88055571400014,23.026685736],[88.87287342100018,23.018021257000157],[88.87416347200002,23.01145950400013],[88.88069548500005,23.009715182000093],[88.87623971100015,23.00350106000019],[88.86848698300014,23.006724547000147],[88.85882247300003,23.007111313],[88.84605220200007,23.009428086000128],[88.85296018600019,23.002765121000095],[88.85888571900011,23.002708576000146],[88.86542510400017,22.99884800400008],[88.86426598300011,22.990348289],[88.868465324,22.97537128099998],[88.85793262900012,22.969858343],[88.85545581100018,22.959046973000056],[88.85943936900009,22.942923752000127],[88.86971329400006,22.951099217000035],[88.87571784200003,22.948328329000105],[88.87987037699997,22.953664173],[88.892256341,22.95213437000018],[88.89286886500008,22.938696284000116],[88.8871434260002,22.933774269000082],[88.89274277300012,22.925831092000067],[88.90634061200018,22.921163017000083],[88.90364913800005,22.91380339000017],[88.89534115300017,22.911851289000026],[88.90088145000004,22.904101547000096],[88.898351199,22.89782683800007],[88.907458357,22.89284272900005],[88.90982204900018,22.87899881300018],[88.91813222100012,22.87637970100019],[88.9233731830002,22.879237911000075],[88.92852332700016,22.871958646000053],[88.93926396200004,22.87398391300019],[88.945039038,22.87987313100001],[88.94924766900016,22.876007981000157],[88.95360277200018,22.863567279],[88.95821845300009,22.858747082000093],[88.96727055500014,22.843918127000165],[88.96299261300004,22.827918440000133],[88.9625499890002,22.81990363800014],[88.95556280500011,22.811789624000028],[88.95949549900007,22.807811639000136],[88.9574873900001,22.796223217000033],[88.94942003900007,22.797367097000176],[88.94135938100015,22.790532571000085],[88.93597468500013,22.79033189500018],[88.93521488400006,22.781815867999967],[88.92439584600015,22.779920976000028],[88.92559978100019,22.769848726000134],[88.91691690200003,22.76924357600018],[88.91078167000012,22.758136934999982],[88.91364536300017,22.754094042000077],[88.92073809700008,22.752782726000135],[88.91628885700004,22.744453902000032],[88.91580322300018,22.73618803500011],[88.91878478100011,22.730851898000083],[88.9254663480001,22.72775360100013],[88.92821527000018,22.718147773000112],[88.94858198500015,22.705648503000134],[88.95466631700015,22.70443057000017],[88.96122149800016,22.69530729900015],[88.96067734900015,22.68529096600014],[88.95421120300017,22.685790817000054],[88.9476814480002,22.677681799000027],[88.94488397000015,22.662404839000033],[88.94218793800019,22.659559811],[88.93358487300009,22.657145239999977],[88.92754210400005,22.648722546000158],[88.92779355900018,22.645007262000036],[88.93398848300006,22.62833798800017],[88.93919660700004,22.622074415000156],[88.94490456099999,22.619456416000162],[88.95709838700014,22.61709727900012],[88.9591956110001,22.61104761200005],[88.94950178000016,22.60108222800011],[88.9430220860001,22.59642619000016],[88.9394265890001,22.59100086500007],[88.93942456100007,22.58288938100003],[88.94448697900009,22.568668902000127],[88.94011834800006,22.567212966000113],[88.92236819200008,22.570308362000105],[88.92249303200009,22.5634352350001],[88.937612924,22.55770291300007],[88.94674640300019,22.55635161700019],[88.95932380600016,22.552425164000113],[88.96250680200006,22.548943220000126],[88.97061224700008,22.529572241000096],[88.97524835700011,22.496780531000127],[88.9817088740001,22.483253912000123],[88.99337230200001,22.473612128000127],[88.99627533600005,22.467760993000127],[88.99417575100017,22.45601396500001],[88.98911625300002,22.447667412000158],[88.98965126100006,22.442562564000013],[88.99946978200006,22.432687302999966],[88.99891040900002,22.429011878999972],[88.98979334,22.425452532000065],[88.98102862600012,22.41640279100011],[88.97395584100013,22.41316710000001],[88.9717203670001,22.407687883000108],[88.97798299599998,22.401436051000076],[88.98698604200007,22.39542020500005],[88.99171205700009,22.389844680000124],[88.98360692900019,22.378520609000134],[88.9825174520002,22.374069464000172],[88.9885359640001,22.366582575000052],[88.98647681900013,22.356669359000136],[88.988988168,22.348333893000017],[88.98512009500018,22.328271853000103],[88.99158475200011,22.32269580700006],[88.9990846930001,22.324691202000054],[89.01066019400014,22.314613405000102],[89.01456780100006,22.308397472000138],[89.0240290320001,22.29855870500012],[89.01972231200011,22.29437968400009],[89.00996362100011,22.29795633499998],[88.99798217700015,22.296322295000152],[88.99478471100008,22.288116137000088],[88.99694027300012,22.283938041000056],[89.02011399300011,22.268754558000126],[89.01844102300004,22.264038094000114],[89.01240072300016,22.257833990000165],[89.01967164799998,22.254470192000042],[89.02758774200004,22.259422861000075],[89.03398845800012,22.258738374000018],[89.03588227500006,22.250648952000063],[89.03649210300006,22.2372605810001],[89.03962096000004,22.23011334800003],[89.04558471700011,22.221614130000034],[89.06422376500007,22.204382663000104],[89.07061744700007,22.197318964000146],[89.07192804400006,22.19038193700004],[89.07042496000003,22.185802411],[89.06149609100015,22.17137214600001],[89.07097872600002,22.148942003000172],[89.07830137100007,22.147167797000122],[89.08449995200004,22.156161743000155],[89.09045224200014,22.16035726900003],[89.09579994000012,22.158295739000152],[89.09772873800017,22.15271462900006],[89.09581336200017,22.147514224000076],[89.08850431800005,22.141601719],[89.08085495900019,22.13784375],[89.06470743300014,22.123921628000062],[89.05479355900013,22.120415977000164],[89.04265542200011,22.106374905000166],[89.03920660900013,22.095247922000112],[89.04077081600013,22.085261483000068],[89.04838623000018,22.057505117000176],[89.05419101600012,22.04795183800013],[89.05759740500014,22.045444323000027],[89.06046931399999,22.03755413099998],[89.06408995400011,22.035747806000018],[89.07814864000017,22.02014504800013],[89.08146776100006,22.014519878999977],[89.08348390900011,22.00301091200015],[89.08061598,22.001115841000114],[89.07886016100014,21.98555442200012],[89.07926823100013,21.969307263000076],[89.0811632110001,21.956309255000065],[89.07276136900003,21.927692734000118],[89.06164068600015,21.92614584900008],[89.05271873200019,21.927515249000066],[89.0373838820002,21.92476349700013],[89.02761685700006,21.9201959560001],[89.02351995300018,21.90627557700003],[89.02299877700005,21.8922408520001],[89.02852005500017,21.882200897000075],[89.0414486460001,21.86854303800004],[89.04423909200005,21.862389163000103],[89.04366979500008,21.84059855600003],[89.04220064300006,21.8279133100001],[89.02998350100012,21.797881254000174],[89.02855098100008,21.788278888000093],[89.02963421600009,21.78169279600013],[89.03424135800009,21.773772227000165],[89.04946758200009,21.758778332000077],[89.0551688650001,21.748650066000152],[89.07474447300012,21.720224523000184],[89.0918439670001,21.699030384000082],[89.10355597900013,21.686184399000126],[89.12576620200008,21.659803499000134],[89.135532577,21.64717288300011],[89.16170608100003,21.64549565600015],[89.17425647500005,21.653711930000156],[89.19749896000013,21.656542925000167],[89.22754990599998,21.654874037000127],[89.26631107700018,21.65419604400006],[89.28953997500014,21.66149296200001],[89.32049693900018,21.673398961000032],[89.32593897100014,21.685274368000023],[89.33567194300008,21.675208567000027],[89.34886647200011,21.67089945700019],[89.36083669100015,21.672143056000152],[89.3787960840001,21.671289724000076],[89.3979166580001,21.67145730200008],[89.41590095700019,21.672617007000042],[89.43384010800003,21.672582047000162],[89.46865279400009,21.676984081000057],[89.48422400600009,21.682587261000037],[89.49746832500017,21.692446317000076],[89.50834374000004,21.679254415000116],[89.54168851800011,21.663505230000055],[89.61667868900008,21.664467769000055],[89.63747009000008,21.663762322000025],[89.63276182600009,21.673703804000127],[89.61576434900013,21.69811113100019],[89.61306196500016,21.70546816300015],[89.61388154200006,21.712521689000027],[89.61769106500003,21.721038971999974],[89.62146069300019,21.734574869000028],[89.62226609700019,21.74587460900011],[89.63971959800006,21.733739231000186],[89.65042275200011,21.72932159700008],[89.66800100600005,21.731105988000024],[89.6850939860002,21.737800243000095],[89.69648533999998,21.74448013400007],[89.70834686200016,21.7542702880001],[89.71569704000012,21.762719279000123],[89.72682982800018,21.782273407000105],[89.73582227100019,21.80404364000009],[89.74766332500008,21.829815578000137],[89.7536230070001,21.83991859000008],[89.7605493920002,21.831917277],[89.77179525700018,21.82511427200012],[89.7893614520001,21.816746627000157],[89.81100634600006,21.801691580000124],[89.82239324800003,21.790428834000124],[89.83152445900015,21.785717728000066],[89.84402408800008,21.781533339000134],[89.86452337400016,21.77866705500014],[89.88867032300016,21.77776804600012],[89.90818232400011,21.780402381000044],[89.90916315300018,21.783418289000167],[89.91013315100014,21.803873575000125],[89.90983479100015,21.831804369999986],[89.90701259400015,21.85278145200016],[89.90419590800013,21.863793155000053],[89.90264249500012,21.876248839000027],[89.90600112600015,21.895919300000173],[89.90612646599999,21.918865148000123],[89.90288411500006,21.933944339000163],[89.89501897900016,21.957885129000033],[89.89831475200009,21.96304837600013],[89.9096849880001,21.965334690000134],[89.90519410000013,21.970041442000024],[89.90159744300018,21.998019566000153],[89.89628135300018,22.01111397300008],[89.89085395200004,22.01494787100006],[89.88695831200016,22.02771846600001],[89.88550486600013,22.037008792999984],[89.87861925400011,22.045286339000086],[89.8783249990002,22.05783469199997],[89.89180505600007,22.088658495000118],[89.89545423700008,22.10059086600006],[89.89671153400013,22.11265490000011],[89.89613889700007,22.12629200200007],[89.89190074800018,22.14752913600006],[89.8913323210001,22.15447846400008],[89.88667947800019,22.164309218000085],[89.88496833200014,22.191318493000097],[89.88200461200006,22.200100007000117],[89.87664683900005,22.208488926000143],[89.86392978900017,22.22441983600004],[89.85881086000018,22.246662406000098],[89.85735738700009,22.259114875000023],[89.85939566899998,22.279364666000106],[89.86637321100017,22.303324812000028],[89.87370500700018,22.317957066000076],[89.8884145290001,22.337206170000115],[89.89395546999998,22.346621247000087],[89.89867714000007,22.36180618200018],[89.89883188100015,22.3736477920001],[89.89360142700008,22.38320707100013],[89.87769144000009,22.397255175],[89.87037017200004,22.40732475800013],[89.86967521100019,22.417706630999987],[89.87749470900008,22.425999265000144],[89.88594049900001,22.428231996000022],[89.89138701400009,22.435377542000083],[89.89929075200018,22.440358179000157],[89.91021511600007,22.444380266000167],[89.92480082400004,22.44313804],[89.93136176500013,22.44554081300015],[89.94123223500009,22.454427018000104],[89.9435868830002,22.463499358000035],[89.9404788240002,22.4709250250001],[89.93690778900003,22.473627104000116],[89.92526809800017,22.47630297900008],[89.91128332200003,22.47184566900006],[89.8975187170002,22.473378776000175],[89.88565446899997,22.480801285000155],[89.88114819000009,22.489296777000163],[89.88035875800017,22.49725063400001],[89.88326480800009,22.501932378000163],[89.88967044200018,22.50423152700006],[89.91314751800007,22.50456434200015],[89.92312858100019,22.49893445400005],[89.9410944920001,22.49260490500012],[89.95140468,22.49118612900014],[89.96583001500011,22.49270891900005],[89.96651850400013,22.506366229000093],[89.96226056700004,22.508332445000065],[89.94010280100008,22.508962628000063],[89.92366868700009,22.507955164],[89.92058532500005,22.51109072700001],[89.92982469300017,22.521502174000034],[89.94552107100003,22.5373696530001],[89.95138849500017,22.54636935999997],[89.95603264600015,22.55836778200012],[89.96170067700007,22.579036616000167],[89.96204187800015,22.592499488000158],[89.95797799200017,22.59731580600004],[89.95014604600016,22.600450588000058],[89.92474153700005,22.603803557000106],[89.91550366300004,22.60371377200005],[89.92276048500008,22.62149998500007],[89.9236949050001,22.635918477000075],[89.92653895800015,22.64416199200008],[89.91626248600005,22.647228399000028],[89.91198813800008,22.646604649000153],[89.90026850600009,22.65043410200019],[89.88937171900005,22.656655695000097],[89.88700039000008,22.66704998000006],[89.89339598200007,22.676153670000133],[89.89602535300008,22.676735807000057],[89.90330785400005,22.665673963000188],[89.90486099800012,22.657476906000056],[89.90782852800015,22.65636957600009],[89.92063703200017,22.66743950400013],[89.93305188700003,22.674142547000088],[89.9371022380002,22.678518814000086],[89.93200617000008,22.68433224200004],[89.91574083700016,22.693755787000043],[89.90105753300008,22.696529790000113],[89.87404841400007,22.69347772200001],[89.86558985100004,22.691097215000127],[89.86043014000006,22.695932645000028],[89.86125615300011,22.702317979000043],[89.86661568100016,22.706581958000186],[89.87457227200008,22.70991733500017],[89.88864775500002,22.718801162999966],[89.90388992700014,22.726071929000113],[89.90899636200015,22.72713186800013],[89.91536785900018,22.724395881000135],[89.92718270600017,22.7218067500001],[89.92931088900008,22.739062167000043],[89.93297952700004,22.74532412600007],[89.9331978680001,22.75197981600013],[89.92510759700014,22.754521478000072],[89.91288051800018,22.752484949000063],[89.90734323200013,22.75654249000013],[89.90797414800011,22.7752855330001],[89.91649687900019,22.77706171400007],[89.91888688800015,22.782104027000116],[89.92513985900013,22.783630399000117],[89.93266093800008,22.78213852600004],[89.93999884400006,22.78321420500015],[89.93832303600016,22.788227265000103],[89.93317065300005,22.793238880000104],[89.9161710690002,22.79979833100009],[89.91737281100018,22.808990710000103],[89.93803276800008,22.82350360900017],[89.94892125700017,22.823789867000073],[89.94880987100015,22.83580682900009],[89.94232238600011,22.84596310300003],[89.93650564200004,22.847616765999987],[89.9311450300001,22.858694260000163],[89.92004541100016,22.865981445000102],[89.91524190900009,22.881774174000043],[89.88988010800011,22.882553591000146],[89.87768361800016,22.887260198000092],[89.87015648500005,22.888236626000037],[89.87136760800013,22.881896246000167],[89.86969006900017,22.87524638600013],[89.86095680300019,22.878202668000085],[89.85114895700013,22.883547739000107],[89.84672574000018,22.88344338200011],[89.83646975200014,22.888432347000162],[89.83734585600018,22.892935247000082],[89.84437471200016,22.896662018000143],[89.85058357500009,22.897264281000105],[89.84389083100018,22.906282349000037],[89.83953571900008,22.91997007200007],[89.82595788700019,22.933970177000162],[89.81845104700011,22.938646554000115],[89.80754539100013,22.940668501000175],[89.8013846500001,22.943906185000174],[89.80736800000011,22.958455378000053],[89.80685063500005,22.965577627000016],[89.80320501800009,22.97285410300009],[89.79499694500015,22.977931785000123],[89.79345891300011,22.988496636000036],[89.7970666670002,22.99669675600012],[89.784479793,23.00233970500011],[89.76942420500006,23.004823012000145],[89.76256985100014,23.00771034400009],[89.75672192900015,23.014982370000155],[89.75406283800015,23.03282588500008],[89.7461673250001,23.048703054999976],[89.73017459800019,23.051650798000082],[89.72754250399998,23.05642265],[89.73580644000003,23.069900819999987],[89.73160142000012,23.07958419900018],[89.71962299800003,23.081171124000093],[89.70072304800016,23.088765039000066],[89.69225037100017,23.093915774000152],[89.68258449100011,23.102193670000133],[89.6726535750002,23.11469794599998],[89.67009425400005,23.123068657999966],[89.6743983130001,23.12824233600014],[89.68125009400012,23.12982359100016],[89.6930276670002,23.12421023000013],[89.69745233500015,23.11357312700011],[89.70564889700012,23.11530494600015],[89.7074216150001,23.1207146320001],[89.71843552100012,23.12287780600019],[89.72297675700014,23.12137052300011],[89.73914411000015,23.12906730399999],[89.74207512100008,23.137703378000083],[89.73892179500012,23.146309107000093],[89.7300793980001,23.156628195],[89.73339046200016,23.1676023870001],[89.74210770300016,23.171876049000048],[89.76073419200003,23.172449702000165],[89.76552956200015,23.177352904000145],[89.759635747,23.18350690700015],[89.75306240800018,23.185761801000183],[89.7397283250001,23.185469324000053],[89.72943866300011,23.182732994000162],[89.71396247500019,23.175634928000136],[89.70456423400003,23.16936436700007],[89.69458350400004,23.160915122000063],[89.68840314500017,23.162897094000073],[89.68308947400004,23.17131668900015],[89.67865192300019,23.182093273000078],[89.68096797900012,23.19777950200006],[89.68330348000018,23.20530655100015],[89.68852430800013,23.21105074500008],[89.68629918700015,23.21520607000008],[89.68863313700018,23.221942631000104],[89.6857270590001,23.227536917000066],[89.6722920160002,23.242683240000133],[89.66868481000017,23.244340018000116],[89.65635387100014,23.24177975900011],[89.63768725700004,23.236200571000154],[89.63219352200014,23.240096854],[89.62997080100018,23.250768683000103],[89.63143787500002,23.258517952999966],[89.6368629010002,23.265840565000133],[89.64573738000007,23.27241203900013],[89.6583809060001,23.27634910400019],[89.66883658000012,23.27799971800016],[89.66526006600014,23.282623811],[89.65400216700004,23.28799209600004],[89.64251707100016,23.290102646000037],[89.634448572,23.289250763000155],[89.62153632300004,23.297182709000083],[89.61862055800009,23.303086591000067],[89.62204209700013,23.30572685600015],[89.60994457100014,23.32839926100013],[89.60477741200009,23.334598794000158],[89.6080856550002,23.34541038600014],[89.60378665800005,23.355435104000037],[89.60640561100007,23.367548038000052],[89.60555951400016,23.372423660000038],[89.59853831700019,23.38076120000011],[89.60454849200016,23.383396041000083],[89.61282528400005,23.38338061500008],[89.6063641660001,23.40352806200002],[89.60295703400016,23.417068685000118],[89.60161443000004,23.447018032000074],[89.60715005800012,23.460924481000063],[89.60505693400017,23.474167998999974],[89.59208229000006,23.485493263000023],[89.57590221700008,23.496052230000146],[89.5558559870002,23.50421612499997],[89.54708940900014,23.50653486200008],[89.53056625400018,23.51276137700006],[89.51949731300016,23.51291956100016],[89.51451446200008,23.508033592000118],[89.51281355300011,23.495788185000038],[89.50759665800018,23.49388446500012],[89.5138003880001,23.484110306000048],[89.51103814000004,23.47648486700018],[89.4998439060002,23.475453511000126],[89.49355404000005,23.47895142200008],[89.49006658700006,23.48447029600004],[89.48853967800011,23.491725276000068],[89.48864318100004,23.503687072],[89.49250622500011,23.515959228000042],[89.49795776100018,23.522035534999986],[89.51716866600009,23.53017370900011],[89.52917262800014,23.529192062000163],[89.53512638800004,23.530124501000103],[89.5394503080002,23.535821144000124],[89.53753744300013,23.538638166000112],[89.52119164900017,23.541829179000104],[89.50930656600008,23.546342317000153],[89.50634125500017,23.54955079400014],[89.50075956600011,23.562695695000173],[89.50088005700019,23.573433534000173],[89.49924079800019,23.578978750000147],[89.4844667380001,23.594240576000118],[89.47526393900006,23.5950001060001],[89.47402432300004,23.60170479800007],[89.48162788200005,23.609184434000042],[89.48725891200019,23.617168272000185],[89.48626845800015,23.624850907],[89.4789597620001,23.631907989000013],[89.47298149400012,23.634915926000133],[89.45501658199998,23.63853456800001],[89.44211809500013,23.639559052000095],[89.43744361500006,23.64485322200005],[89.4422630110002,23.657053087000065],[89.43743172100011,23.663259428000117],[89.41978795500006,23.673149814000112],[89.41128225500012,23.682890716000145],[89.40157128700008,23.683156084000075],[89.38012084299999,23.675848130000077],[89.37978006500003,23.669156083000132],[89.37155079300004,23.666808397000068],[89.36142525800005,23.67152701600014],[89.34875883400008,23.672074945000077],[89.34828350900011,23.68403194800004],[89.33954461600013,23.689745926000114],[89.32205753300019,23.703778663000094],[89.32060244700006,23.71496317600014],[89.3122366830001,23.72054422500014],[89.310506428,23.730740614000126],[89.30530896700014,23.73590632200012],[89.29691439600003,23.737798996000038],[89.3046926040002,23.746667604000038],[89.31432754100007,23.748600620000104],[89.32180682700005,23.767926275000093],[89.31525402800008,23.76703931700007],[89.31252166800016,23.772730959000114],[89.32982467300013,23.77846564200007],[89.32980981900016,23.790516689000185],[89.3284383310002,23.794412600000044],[89.32946010500018,23.804151394000087],[89.33608910600003,23.820302355000138],[89.33570819100004,23.83106244000004],[89.34372918200012,23.839629854000123],[89.35089336000016,23.842620462000127],[89.35010664300017,23.85119837000002],[89.35107362100007,23.862559514],[89.36068158900008,23.870584509000082],[89.35771910500011,23.87648093500019],[89.36072288100013,23.88202556900012],[89.35848383200005,23.886730688000114]]]},"properties":{"adm1_name":"Khulna","adm1_pcode":"BD40"}},
{"type":"Feature","geometry":{"type":"Polygon","coordinates":[[[89.82566675100009,25.41529727600016],[89.79540053800008,25.42389707700005],[89.7862936590002,25.430688620000183],[89.76671050000016,25.435092817000168],[89.76509569500007,25.429115125000123],[89.77026086600011,25.42803285700012],[89.77236442000009,25.423909179000134],[89.769565145,25.417199645000096],[89.77764805600009,25.41501090200012],[89.78024083300011,25.408828874],[89.77691700600019,25.38758173000008],[89.77128186000004,25.384826958000076],[89.74832413000013,25.382563440000183],[89.74343894400005,25.380433644000163],[89.73838940900015,25.36991316400014],[89.73056216300017,25.36263168500011],[89.7193692130001,25.35613810100017],[89.72904321100009,25.34080645500012],[89.73091636400011,25.333382203999975],[89.73641763300009,25.321180478000088],[89.74292237700007,25.31937156600003],[89.74422611900007,25.302624125000136],[89.7564397880002,25.28143172800003],[89.75587031100002,25.275857185],[89.75157276800019,25.26986696100016],[89.75064536399998,25.260766561000025],[89.75162645500006,25.251732977000074],[89.74041674700004,25.250318681000124],[89.73832258100015,25.239688949000083],[89.7354067010001,25.233711070000084],[89.7174551060001,25.235682689000043],[89.71036563500013,25.235163244000148],[89.70104409700014,25.232093115000055],[89.69884209400016,25.22940873700003],[89.69478665700007,25.216624181000043],[89.68602355100012,25.2048342490001],[89.67594962400011,25.183384773000114],[89.67423238200013,25.17288046200008],[89.66552507900013,25.15988379700002],[89.65290235200013,25.14473041300016],[89.64878387300013,25.120988127000032],[89.65046542300018,25.11993549400006],[89.65041615300004,25.106307833000017],[89.64573749700014,25.106098050000185],[89.64346017899999,25.095458759000167],[89.63911071400014,25.090092940000034],[89.64469237300017,25.08227212600002],[89.65343185400002,25.07817371700014],[89.65344579300006,25.07006921500016],[89.65635453900018,25.06164592000016],[89.65550063000018,25.04666114600019],[89.64838320000013,25.042848890000073],[89.6516410980002,25.032024783000054],[89.65752608600008,25.018234642000095],[89.66157323000004,25.003214104],[89.66125664700007,24.987993900000106],[89.67302343000011,24.97475262400019],[89.67747455500012,24.964836188],[89.67747173900005,24.9570717200001],[89.67962088200011,24.945724334000033],[89.67593273500006,24.939663286000155],[89.67449056200019,24.93026782400011],[89.67692016300003,24.921366197000168],[89.68467628200011,24.918258037000044],[89.68750676400015,24.90707219600006],[89.68262364700018,24.906481634000045],[89.67544607200006,24.8979543640001],[89.66381531300004,24.89354174800019],[89.66998488100018,24.883578382000053],[89.67189707,24.8701600550001],[89.68271224000011,24.851692104],[89.68621303400005,24.83818883200007],[89.69468154700007,24.82863780600013],[89.70808036100004,24.81683591100017],[89.71956275700012,24.809689328000104],[89.72984313300003,24.804885554],[89.7480049190001,24.80257588700016],[89.75018658700014,24.797109866000085],[89.73304077199998,24.795474951000074],[89.72108423900005,24.78008968300003],[89.73909145100015,24.767429902000174],[89.74458962900013,24.77020747800009],[89.74607870200015,24.776238405000015],[89.76121066700011,24.76828639300004],[89.77446755,24.77459725600005],[89.78167958800009,24.768606628000157],[89.78495036200013,24.758475944000054],[89.78366874300008,24.750542314000143],[89.7795435760001,24.745891934000156],[89.79115065700006,24.74174058],[89.79239423000018,24.738204271000086],[89.78906281500014,24.729269845000147],[89.77848089000008,24.72802632300011],[89.77463986100014,24.726022407000073],[89.77579216999999,24.718925465000098],[89.78109677100008,24.712566170000173],[89.79497876200014,24.70494295800006],[89.79046552200015,24.69855602800004],[89.7918792530001,24.688291525000125],[89.7979695190001,24.687419276000185],[89.79995713900007,24.679402021000044],[89.791545181,24.673700769999982],[89.785510209,24.67168503700009],[89.78758416300019,24.66698937000018],[89.78573350900018,24.636952588000042],[89.788005053,24.6282584760001],[89.777347685,24.625436542000045],[89.76989883100009,24.625217606000035],[89.76723076200005,24.615127571000187],[89.77359450800009,24.601594520000162],[89.77958704800011,24.597083129],[89.78264820300018,24.590675190000127],[89.78416562000007,24.58112199200019],[89.78916288300007,24.57469137200013],[89.79469606100014,24.571148983000057],[89.80713732000004,24.571614743000055],[89.811876321,24.578550208000024],[89.81697316800012,24.579391908000048],[89.81709386600016,24.586180979000176],[89.82173349600015,24.59256508100009],[89.82318661400012,24.59879404800006],[89.83011583200005,24.60716523900004],[89.82636825200012,24.611125183000127],[89.83025515500015,24.615785997000103],[89.84100267500014,24.620383497000034],[89.84111221500012,24.62705954200004],[89.8492804010001,24.621883855000135],[89.85118493400017,24.626375043000166],[89.84170561900004,24.637343169000133],[89.8464135710002,24.63965334400001],[89.8431029520001,24.64468273200015],[89.84431739700011,24.649965161000125],[89.86181367600011,24.64924845500019],[89.86848105600006,24.65360957300004],[89.86509463700008,24.66351379400004],[89.87650517400016,24.679929279000135],[89.88170644100018,24.676413452000077],[89.88952048300013,24.675669792],[89.89715207500006,24.68260460600004],[89.89643904600013,24.69053210600015],[89.89179360100007,24.701989738000123],[89.87887814000004,24.71174510600008],[89.87766253000018,24.719475018000026],[89.87927912900005,24.726850476000095],[89.8778690920002,24.73861725200004],[89.88123335400002,24.74367301900014],[89.88739933100015,24.747186474000102],[89.8940381230002,24.740959652000072],[89.90900265000016,24.74011601700016],[89.91427079400012,24.748662821000153],[89.92186190300015,24.749068868999984],[89.92559760800009,24.756650361000084],[89.93121052300006,24.75874380800019],[89.93726725400018,24.754950747000123],[89.94062732200018,24.745446681000146],[89.95662234800005,24.744479300000137],[89.96043633900007,24.737388352000153],[89.95621571200019,24.735359627000093],[89.96406309500014,24.72634917500011],[89.96955994400008,24.723324105000074],[89.98203728900017,24.724734738000166],[89.98461537600019,24.72837484500019],[89.99074548200008,24.728149690000123],[89.99136409400012,24.736243168999977],[89.99740800800015,24.740305689000024],[89.99788464800014,24.74573339500006],[90.00896359600006,24.746574274000125],[90.01516558300011,24.75062172500003],[90.01981526300005,24.75687900100013],[90.02317989200003,24.76527996200008],[90.021191127,24.772191373000055],[90.0301510590001,24.779534595000086],[90.03817366100009,24.778993831000093],[90.04914993699998,24.775838892000138],[90.05528546300013,24.780788197000106],[90.06848816700011,24.781929231000163],[90.07087168200002,24.785457612000187],[90.08082053800007,24.78524033400015],[90.09339820300005,24.767569045000016],[90.09348773699998,24.75866721400007],[90.09860683700009,24.75729929500011],[90.09787066900009,24.75255468500012],[90.09209602500016,24.752488354000036],[90.08995022300007,24.74396176700003],[90.09168215300019,24.737272967000138],[90.10967543700019,24.73667835900011],[90.13043936600019,24.737957738000034],[90.135495306,24.73415780800019],[90.13402068000005,24.726678875000175],[90.12902465600018,24.717613460000166],[90.1338366980001,24.709801580000033],[90.13292146900011,24.705934685000102],[90.13718117900015,24.699351450000165],[90.1348372760001,24.691873280000095],[90.1428046100001,24.680551760000014],[90.14633155100017,24.661537120000048],[90.14537158300016,24.65452736000003],[90.15038287900018,24.65162873400004],[90.14958188000008,24.643464164000022],[90.15241131800008,24.633991784000045],[90.14808652500005,24.623153765000097],[90.13497844900013,24.616338257000166],[90.13478267600004,24.605642824000086],[90.13006751200015,24.595114097000135],[90.13540217300005,24.589569707000067],[90.145064294,24.57556943900005],[90.15151074900007,24.575901777000183],[90.15592655600011,24.572696511],[90.15104057700006,24.56781672000011],[90.15920724200015,24.54524059199997],[90.16471967900014,24.5365597980001],[90.17023908600004,24.53360710000004],[90.17666153500005,24.51827303200014],[90.18587386100006,24.523651596000036],[90.19302870900015,24.51520480400012],[90.20422361400017,24.51277862300003],[90.21063859400016,24.508098190000112],[90.20441486200014,24.503812196000013],[90.20893374200011,24.497854152000173],[90.21288989500016,24.500298460000067],[90.22292452100015,24.492758354999978],[90.22866588700003,24.48405453900017],[90.23764401900019,24.487409491000108],[90.24591525000005,24.481796625000186],[90.23555412500014,24.476929260000077],[90.22647849300006,24.469995516000154],[90.22393653300009,24.463514551000117],[90.21215979200008,24.463321552000025],[90.21324480000015,24.451908468],[90.22056304100016,24.449221578000106],[90.22219116700006,24.43498595300008],[90.22465062800006,24.433740458000102],[90.23240393200012,24.42043629500006],[90.24263015100013,24.41414770400013],[90.24883791100018,24.41472469000007],[90.24455992000014,24.397616490000132],[90.23494434100013,24.366668494000066],[90.23006242800005,24.348743311000135],[90.23410195700006,24.33518034900004],[90.24233203400001,24.332783025000083],[90.24753864700017,24.333494910000127],[90.24770291200014,24.326404647000118],[90.25406716100014,24.318001283000058],[90.25796165600008,24.304961744000025],[90.25716163200013,24.297057954000138],[90.26419389500012,24.28881982500019],[90.28058235100002,24.287569614000063],[90.28651248600016,24.27825950700003],[90.2964302800001,24.27951200800004],[90.31071215100008,24.291340063000177],[90.32373991800017,24.299184118000028],[90.33107967700005,24.298450268000067],[90.33915655200013,24.293532683000024],[90.34549914100012,24.293159379000087],[90.35296302600011,24.298956459000124],[90.35866745800013,24.29979209000004],[90.35849233900012,24.28809855100019],[90.36641895600008,24.280991918000097],[90.38743169800011,24.289007479000077],[90.39339174900005,24.280335178000087],[90.40473551900004,24.28415972000016],[90.4095800360002,24.294829093000033],[90.42220442500019,24.308218001000057],[90.428731497,24.309638024000094],[90.4265708150001,24.32421231300009],[90.42961440400018,24.3312052390001],[90.43780761000005,24.340123565000113],[90.45628776100011,24.34084810000013],[90.46349594499998,24.332988999000065],[90.47203701700005,24.329140008000024],[90.48593771300017,24.319330627000113],[90.48915922700013,24.31350612900013],[90.49600855900019,24.31501929700005],[90.51385272800019,24.31178080899997],[90.52319114400012,24.304227798000056],[90.52943281400019,24.30251800500008],[90.52067579600003,24.2898587520001],[90.52253753000002,24.286297629000046],[90.53553398100007,24.28184492500003],[90.5382086680001,24.278676643000097],[90.54689555700008,24.274743948000037],[90.54449779800018,24.26855229500012],[90.5493951310001,24.26675092200003],[90.55558612800013,24.260875891000012],[90.56154886000002,24.25979051100012],[90.57095297400008,24.249953861000165],[90.57732389900008,24.24765157800016],[90.58404790500009,24.250055436000082],[90.59062665600004,24.256946041000106],[90.59801743700007,24.260107596000125],[90.61188717900012,24.268408947000182],[90.61786449400006,24.268082218000018],[90.62286602200015,24.27158639900017],[90.63230764200011,24.26987883800018],[90.64047496000018,24.26299644800008],[90.65129715300003,24.260889026000143],[90.6507408220001,24.271946065000066],[90.64409314500011,24.278921918000037],[90.64436687000011,24.296920671000066],[90.6417536400001,24.309155938000174],[90.62448555000003,24.337031549000073],[90.61943827800008,24.339235612000095],[90.62367651900018,24.344052376000036],[90.62819620800013,24.353771957000163],[90.63361097300003,24.359089308000023],[90.63573827300002,24.374056862000145],[90.63922902300004,24.375586565000162],[90.64275943700011,24.384941773000094],[90.64077543600018,24.391396372000088],[90.64365883000016,24.396051148000083],[90.64790300500005,24.41584573900019],[90.63964910300012,24.422663437000097],[90.6391653070001,24.42844332700014],[90.63475480000011,24.434000405000063],[90.61958129800018,24.43621278400002],[90.61640345000012,24.43898035100017],[90.60779069500012,24.440424108000173],[90.5998493800002,24.44425126699997],[90.58760711800016,24.446313341000064],[90.58503578500012,24.453510078000193],[90.57921886000014,24.456991517000063],[90.57592460000006,24.46660903800006],[90.57572968699998,24.482183290000137],[90.58270980800012,24.485266769000077],[90.58365178000008,24.494430653000165],[90.59119185000009,24.497848640000086],[90.59980550700004,24.497338025000033],[90.60440971500014,24.499141743000052],[90.616550126,24.495956521000096],[90.63147183500018,24.48029320700016],[90.63669799500002,24.47691161000006],[90.64710987600006,24.478206273000126],[90.65132055600014,24.47439984600004],[90.65965994100009,24.473281854000106],[90.6647063420001,24.467109406000077],[90.67897267800015,24.466901488000133],[90.681606821,24.469689337000148],[90.68190022300013,24.47687241500006],[90.68553276900013,24.48891726200003],[90.68209751100011,24.492188594000027],[90.68279839900003,24.501358943000184],[90.68722567700007,24.50635120700008],[90.6970216970002,24.50910146200016],[90.70269025599998,24.514945479000062],[90.7057438980001,24.506297377000067],[90.70446046400008,24.498938395000096],[90.70919593300016,24.498144054000193],[90.71595806900007,24.490336248000062],[90.71833214000014,24.476315254999975],[90.7211320450001,24.474129903000176],[90.7292938830002,24.476481751999984],[90.73185612400005,24.482928951000076],[90.73582624700015,24.48588770900011],[90.74163021100003,24.496927067000115],[90.74299387800016,24.50844190200013],[90.7530759460002,24.50255554400013],[90.75915621500013,24.51042736000005],[90.76528168300013,24.510662846],[90.77440056200015,24.50830662100003],[90.77950085600008,24.51017464900002],[90.79311299400013,24.507742100000144],[90.79415287500012,24.514875724000092],[90.79863778400005,24.527048545000127],[90.80379405400015,24.52968532699998],[90.80107972400009,24.53666046400008],[90.80686288400005,24.54385448000005],[90.81399701000004,24.559760423000114],[90.80992964200016,24.564214311000057],[90.81367285400006,24.569296669000096],[90.8193766620002,24.572198575000016],[90.82234353900009,24.579003067000087],[90.82118373300005,24.586959727000135],[90.83923019700018,24.583092122000153],[90.84540954300007,24.58566750400007],[90.85274462700016,24.59862165000004],[90.86343043700003,24.601297102000046],[90.8656543300001,24.59576644900011],[90.87571005900014,24.5958979400001],[90.88181276900008,24.594343819000187],[90.88342351300014,24.600135764000072],[90.8879636600002,24.60157430600009],[90.90089260100012,24.59915849400005],[90.9065467420001,24.600278235000076],[90.908421986,24.596058563000156],[90.9169227320001,24.599886675000164],[90.91667794200015,24.61032928100019],[90.91477776400012,24.613740942000106],[90.92811133300012,24.615083972000036],[90.93343553500011,24.61205282000003],[90.9363350480001,24.602882115],[90.94759562000013,24.607666219000066],[90.95137487300008,24.60396008700002],[90.96150257300019,24.612461374000077],[90.96687024300019,24.607256891000134],[90.97762170500016,24.60147776800011],[90.98617714699998,24.607210629000065],[90.99405133500011,24.603435928000124],[91.00471414200013,24.603920511000126],[91.01038688300008,24.607458670000085],[91.01970989400013,24.605291651000073],[91.02228676200014,24.608947374000138],[91.02147430900015,24.618751108000026],[91.03043923300015,24.630969307000157],[91.04289341500015,24.62559606100018],[91.03672201600011,24.619972038000185],[91.03945557400016,24.61261131400005],[91.04589164200013,24.612824089000185],[91.06266727900004,24.620529243000192],[91.07339006200004,24.622069572000157],[91.09731087200004,24.603061668000066],[91.10547631499998,24.602514271000132],[91.10443182500006,24.610179770000116],[91.11250444000018,24.61088563300018],[91.11721242700008,24.60866313000008],[91.1258849150002,24.614249273000155],[91.12953670899998,24.612603201000184],[91.13493742700012,24.62600880800011],[91.12952280700011,24.63235503600015],[91.12856211200011,24.639236626000184],[91.1308387790001,24.64533533600013],[91.14262417300017,24.638337996000075],[91.14638904700013,24.64186051700011],[91.15535489700017,24.642428515000063],[91.16066163600004,24.636669191000124],[91.16632403000011,24.636083554000095],[91.17481309400011,24.64446980500003],[91.17999317400006,24.643654886000036],[91.18439625300016,24.63935797700003],[91.19308423900009,24.64136623400003],[91.19461677700008,24.632192949000114],[91.2020152830001,24.635028729000112],[91.20762280100007,24.639494388],[91.20887695500011,24.651171645000147],[91.21247551000005,24.655213011000058],[91.22490087200015,24.655532140000048],[91.23158251000018,24.65857712200011],[91.23301425199998,24.670410643000025],[91.2262175350001,24.671204503000126],[91.2244031800002,24.67894909600011],[91.23385774600018,24.675663762000056],[91.24341259100015,24.683102497000107],[91.24250965600015,24.694018306000146],[91.23587036600009,24.695111582000152],[91.22154880700003,24.70384129400003],[91.22649508100017,24.706254870000066],[91.22977556400008,24.72680530000008],[91.2214284860001,24.728293504000135],[91.22155208900011,24.723423025000102],[91.21328709500017,24.716223142000047],[91.20261341800011,24.716151077000063],[91.19321565700017,24.718090863000157],[91.18563486400006,24.72584241900006],[91.17710000000017,24.729562362000138],[91.16986824500015,24.730084017000024],[91.16389096600005,24.71912949],[91.16037697500019,24.723518314000046],[91.15031654600011,24.726100087000077],[91.14350911000014,24.725919628000156],[91.14347263900004,24.730050605000088],[91.15213557100003,24.733138093000093],[91.14676157200012,24.742736166000157],[91.14657938100004,24.74760872700017],[91.1514235790001,24.749565000000132],[91.15528168800006,24.743783074000078],[91.158848653,24.74389775700007],[91.15913366300015,24.752571309000075],[91.15141711500013,24.751881299],[91.15155504400008,24.756921348],[91.14577685799998,24.762399574000142],[91.15411855800005,24.767462415000068],[91.16061441,24.766129936000084],[91.16053583000007,24.771374813000136],[91.16823801600003,24.77620925800005],[91.17121556600017,24.780671712000128],[91.16943833600004,24.791955201000178],[91.16077065800016,24.792964069000163],[91.16111545299998,24.797591594000153],[91.17082045000018,24.806541555000024],[91.17255260900004,24.814454149000085],[91.17059068100008,24.82880928100019],[91.16386528600003,24.831111008000107],[91.15471264500013,24.840288115000135],[91.14558972500004,24.831258231000106],[91.14290132100018,24.82458522600018],[91.14949709600012,24.81987512],[91.15272271100014,24.811734465000143],[91.14320508700013,24.80276381600015],[91.14194046400019,24.797940713000173],[91.13293368400014,24.79348279900006],[91.13104878100006,24.80081671199997],[91.1185190990002,24.807769314000097],[91.11321944600019,24.818824409000058],[91.11624803900008,24.825626399999976],[91.11781025300019,24.83527927500012],[91.12195005500007,24.840469949000067],[91.12857192100012,24.841320845000155],[91.12396485800002,24.846947484],[91.11399228900012,24.848663401000124],[91.1098550430001,24.85588672200015],[91.10886517000017,24.862111339000137],[91.10250352300005,24.86665094500006],[91.10797777700003,24.874243164000177],[91.10128278400003,24.885846779000076],[91.09182037000011,24.890526199000192],[91.08770638500016,24.889897039000175],[91.07447344900004,24.902921874000015],[91.05796797500005,24.90350942100008],[91.05443422900004,24.900777966000135],[91.0460553440002,24.907787974000144],[91.03770807600017,24.905153015000167],[91.03927594000004,24.89973072500004],[91.03024307300007,24.89008132100014],[91.02341982900003,24.88809645600014],[91.01519456800008,24.89388462100004],[91.00606535500015,24.89184238600012],[90.99877389700009,24.89400221000011],[90.99677278900003,24.902016461000187],[90.99669860400007,24.91034516700006],[90.99445484500012,24.913433951],[90.98648216500004,24.914036515000134],[90.98092964900013,24.916754132],[90.96870771800008,24.914394596000022],[90.96325552800016,24.910508477000064],[90.95825548700009,24.912798280000118],[90.95446627000018,24.918204686000138],[90.95667904900006,24.921199878000152],[90.95530843300014,24.927742131000116],[90.95524970600019,24.94185594300012],[90.9631903340001,24.941227903000026],[90.96997838200008,24.947701503000076],[90.97306337500015,24.955063659000132],[90.97255472000006,24.960293267999987],[90.96770785500007,24.962528236000026],[90.96606102500004,24.967528172000186],[90.95979360400008,24.97250150600007],[90.94868765700016,24.971092160000183],[90.94435537400011,24.975205494000193],[90.9454385630001,24.98203908500011],[90.94083446700017,24.985432061000154],[90.94138083200016,24.990174034],[90.94769039800013,24.99557248100001],[90.94803953100018,25.005076892000147],[90.94129885100006,25.004449214000033],[90.93679999400007,25.00942847700003],[90.93539821900015,25.023303316000067],[90.93885359500007,25.02797050600003],[90.94505050300012,25.028524971000024],[90.95638155500012,25.03675579600008],[90.95188518900005,25.043166789000168],[90.93885162300006,25.04382540300014],[90.92950706500017,25.05235003900009],[90.93074146800006,25.06378727400005],[90.93552955000007,25.06453692200006],[90.93361544800018,25.073604037000052],[90.94404616600008,25.08106925200019],[90.95631958400003,25.069888055000092],[90.962380064,25.072609868000143],[90.96682226900015,25.069580727000016],[90.97371732600016,25.07233952300004],[90.96946843300003,25.080390636000175],[90.97148878600018,25.094453169000076],[90.96507298100016,25.095741209000096],[90.9480429100002,25.111649308000153],[90.9492141090002,25.11513422600018],[90.95658627700016,25.12004890300011],[90.95760208900003,25.127733759000023],[90.95323565600012,25.136026728000047],[90.94956542100016,25.13852906799997],[90.95177801300008,25.149854439000137],[90.95971737700006,25.149148522000075],[90.96794442400017,25.160791188000076],[90.9624543320001,25.17202139400007],[90.95530619200002,25.171905774000095],[90.927667789,25.163848360000088],[90.9041601830001,25.163178824000113],[90.89490345500019,25.165907999000012],[90.882288727,25.16717344900013],[90.8728745050002,25.161397994000026],[90.86568599000003,25.161845432000064],[90.86092875600008,25.159169741000085],[90.84520572700006,25.15928629100017],[90.84274559400018,25.162069218000113],[90.81863137700009,25.16363581900015],[90.80410295300004,25.167295960000047],[90.80335601600012,25.173219386000028],[90.79750030800005,25.175253527000052],[90.79370525000013,25.181382936000148],[90.78690726000002,25.17913908700018],[90.78152326000009,25.182139727000106],[90.77395352100018,25.182149036999988],[90.76267202800011,25.17769469200016],[90.75795519600013,25.168063196000105],[90.74929851000007,25.166906226000094],[90.7379447510001,25.15635026200016],[90.72763644900004,25.15738784700011],[90.7252046690001,25.162796591000188],[90.71751568200011,25.163589224000134],[90.70995661000012,25.167772896000088],[90.70712239000011,25.161643498000046],[90.70278721500011,25.162018585000112],[90.6991476770001,25.15660173300006],[90.69131048700018,25.162973404000127],[90.68294395600009,25.163754991000076],[90.6814102730001,25.169442229000083],[90.67365952800014,25.17470635300009],[90.67013834800014,25.166274318000035],[90.66614484300004,25.166010137000114],[90.66503834800005,25.185193610000113],[90.65287838200004,25.186911634000182],[90.65092815800017,25.181763815000124],[90.64079808200006,25.18365025200012],[90.63956374000009,25.174259345000053],[90.6323620780002,25.173479799000177],[90.61498465600016,25.17442446900003],[90.60982781900009,25.178848198000026],[90.60396240800014,25.174743031000105],[90.5997556580001,25.176563991000137],[90.58607437000018,25.17328426299997],[90.57838849600017,25.17391277100012],[90.55423064700017,25.17167304700007],[90.55175528500018,25.174820432],[90.5451301600001,25.173598757000093],[90.52517582900009,25.173474486000032],[90.51863216100014,25.1720797480001],[90.50971982900006,25.17510436900011],[90.51010724700018,25.169833648000065],[90.49936183900013,25.171574823000128],[90.49826677700014,25.167970764000074],[90.48834269000014,25.163996469000153],[90.48575857500009,25.16106322400003],[90.46208400400013,25.153693178000026],[90.45068260600004,25.15190410600013],[90.44912211800005,25.14471361000011],[90.44109249100012,25.14414396400008],[90.42427810100014,25.148895840000137],[90.41434255899998,25.152868150000188],[90.40590054600005,25.159163388000024],[90.38840270300011,25.161088717000098],[90.37214661900009,25.161825835000116],[90.34534697400005,25.178511919000186],[90.33703993100005,25.188232372000186],[90.32944304100016,25.193080942999984],[90.31677169900013,25.192191994999973],[90.31007771900016,25.188264243000106],[90.29353426400007,25.192219608000073],[90.28431097700019,25.195592558000044],[90.26556852200008,25.197610865000172],[90.2386156390001,25.204775383000026],[90.22821865200007,25.200436655000033],[90.22227582300013,25.206117094000092],[90.21569767700015,25.205779146000054],[90.20839334900012,25.210025485000074],[90.20015024000008,25.21028032000015],[90.17300232200006,25.222027620000063],[90.1223980100001,25.224928885000054],[90.11750382400015,25.223031857000137],[90.1090163180001,25.226779402000147],[90.09336933200007,25.238355112000136],[90.08241062200017,25.24049967100018],[90.07489610700003,25.2441611430001],[90.06077111700017,25.254367902000013],[90.0570772530001,25.260200998000016],[90.03687682900005,25.261428057000046],[90.02654349900007,25.266998528000045],[90.0230609460001,25.273238681000066],[90.01476534100004,25.275026582000123],[90.00680454300004,25.28039570300018],[89.99981200700017,25.277144763000138],[89.98283895700007,25.28121441000019],[89.98230939700011,25.289953918000094],[89.97877741500008,25.297370001000104],[89.96791149400013,25.304524943000047],[89.96404594200004,25.302069688000188],[89.95431065900004,25.300369217000082],[89.94758786700015,25.294284786000162],[89.94530105000018,25.303484571000126],[89.93902500100006,25.299136075000035],[89.92840622100005,25.30112031800013],[89.92286675000008,25.304420511000103],[89.90876877900007,25.30820987700008],[89.90068566700006,25.305466092000188],[89.89270848100011,25.298127563000037],[89.89028061200003,25.292556078000132],[89.88447692600016,25.28801822300011],[89.87579912600017,25.28556158800012],[89.86341075400014,25.287927979000074],[89.85688890700004,25.28672748100007],[89.85368925800009,25.289557734000027],[89.83944020000007,25.29273301300009],[89.83085563000014,25.296216046999973],[89.83599279800012,25.30024502700013],[89.84106695800006,25.30833080100018],[89.84120443600006,25.315280064000035],[89.83756762700011,25.324485137000067],[89.83335874500006,25.33016975700002],[89.82669012100001,25.34627726500014],[89.82285559200011,25.348243642000057],[89.82027475700016,25.36319975500004],[89.82086885100011,25.37316124600011],[89.81972503300017,25.38117451],[89.82375223400004,25.389112768000075],[89.82671634400015,25.399966537000125],[89.82496502700013,25.408532217000072],[89.82566675100009,25.41529727600016]]]},"properties":{"adm1_name":"Mymensingh","adm1_pcode":"BD45"}},
{"type":"Feature","geometry":{"type":"Polygon","coordinates":[[[89.64838320000013,25.042848890000073],[89.64335664800006,25.036125083000172],[89.63680353900008,25.03674814600015],[89.61267061100011,25.04954721000007],[89.60348533600012,25.049721658000124],[89.59763011500019,25.044770528000072],[89.57821988800009,25.043330458000128],[89.56819383800007,25.040538206],[89.55424530500017,25.038945964999982],[89.53219719900005,25.044235740999966],[89.5231327680001,25.042730379000147],[89.51165204200004,25.04402513300016],[89.50536224100017,25.04670453900013],[89.50243192400006,25.050846670000112],[89.49565181400004,25.051623035000148],[89.49261191900018,25.05947172900011],[89.48770596000003,25.062202500000183],[89.48038823200017,25.060400271],[89.47568444700005,25.061639015000026],[89.47421684300014,25.055890252000154],[89.46482003500017,25.05470752100007],[89.46168537500012,25.060521041000072],[89.45459733300004,25.06468544300003],[89.45565629400016,25.07409259600007],[89.43062664299998,25.07150847500003],[89.41352070300007,25.081576577000135],[89.41002530100019,25.076401684000132],[89.3999842090002,25.07817208299997],[89.40399143700012,25.06760652400004],[89.39398112900017,25.06847810000005],[89.39081814700012,25.055088447000173],[89.3839059720001,25.06134980600018],[89.37253624900006,25.067325653000125],[89.36336830900018,25.068063258000166],[89.358400653,25.08214998700015],[89.3619868900002,25.088897773000156],[89.3556909720001,25.089690100000098],[89.34711588600004,25.101186943000187],[89.33947970900016,25.102333880000117],[89.34286318900018,25.109986528000036],[89.33784626200008,25.11254469100004],[89.33457894200012,25.122296614],[89.32451953400005,25.122079534000193],[89.31973682600011,25.11700056600006],[89.30888051500006,25.117638931000045],[89.30173035900015,25.12045906800006],[89.29536799900006,25.11433336500005],[89.28918803800002,25.111506666000025],[89.28857291500003,25.105807721000076],[89.28349071100018,25.10153891400006],[89.28381656700014,25.09598220300012],[89.28061681400015,25.091945882],[89.2753457410002,25.09563176900008],[89.26363742800004,25.098432262000074],[89.26283187100006,25.100825858000064],[89.25123312400007,25.10159178900011],[89.24843469900009,25.115051082000036],[89.2422820970001,25.125556026000027],[89.23675545300006,25.13014447000012],[89.2296757090001,25.146520585000133],[89.21569104100013,25.14763695000005],[89.22034312300013,25.15773715100005],[89.21724097000003,25.162739400000135],[89.20807860100018,25.169797550000055],[89.19705634700017,25.172505962000173],[89.19580193200005,25.183527410000124],[89.184542105,25.1842898000001],[89.19335217100013,25.19535955500004],[89.194062616,25.20946420300004],[89.19294083500017,25.21465725200011],[89.20789003200014,25.22824061900019],[89.20816799300013,25.234565546000113],[89.2004863640002,25.233667719000152],[89.19706882900016,25.23807484600019],[89.1974167360001,25.243869633000145],[89.19319456500006,25.24540871300013],[89.1910956430001,25.238917346000108],[89.177557144,25.236391739000112],[89.17633843300018,25.241227396000113],[89.17019777800004,25.242154746000097],[89.16394495300005,25.248124559000132],[89.16474669000019,25.252669015000038],[89.15825675400004,25.254249973000128],[89.15616220200008,25.258606356000087],[89.14386201100012,25.257718315000034],[89.14465078600011,25.248374982000144],[89.133434024,25.24652162899997],[89.12437943300017,25.25443504300017],[89.121306242,25.244336928000166],[89.11291110100007,25.244936920000043],[89.1108219240001,25.241836060000026],[89.1006464830001,25.24240882500004],[89.0966157970002,25.244964569000103],[89.09395119400011,25.25131670000019],[89.08565702700014,25.25277585500004],[89.08360464100014,25.25865975300013],[89.07181203900018,25.26946048000019],[89.06582135800016,25.267385412000124],[89.06605267100002,25.261723657000175],[89.05843239700016,25.260832144],[89.05767318400012,25.26454687500018],[89.04613115100017,25.265553262000026],[89.04029196500005,25.268565063000096],[89.03141002700005,25.276638788000128],[89.02692694100017,25.27060419700007],[89.02006010399998,25.266399946000092],[89.00674910800018,25.268572236000068],[88.9933110880001,25.26990226500004],[88.98749178100013,25.27408278900009],[88.97999706100012,25.26338047100012],[88.97495532000016,25.26024379400019],[88.95912229599998,25.25440810599997],[88.95654514500018,25.25475562500003],[88.94978532700009,25.245528893000085],[88.95337846600012,25.240576702000055],[88.94983673500008,25.23608180100007],[88.95827026400019,25.22838486500001],[88.95988120600009,25.21580857700002],[88.95576110700017,25.209460878000186],[88.94120939200008,25.208499548000077],[88.93420394700013,25.197974599000077],[88.94096237500014,25.1928106580001],[88.9471329160001,25.193376183999987],[88.94790098700014,25.187688308000133],[88.94530720900008,25.18281627600004],[88.94821191500012,25.176685337000038],[88.94333427000004,25.17375651000009],[88.93433607100008,25.181579586000055],[88.9240100200002,25.1716036200001],[88.92329444300003,25.16481473200008],[88.91179850100013,25.16929526000007],[88.91256608800012,25.17742098000008],[88.91071483200005,25.18052491399999],[88.90145034400018,25.179788217000066],[88.88955271300017,25.185031494000043],[88.88967061700015,25.178797317000146],[88.8752506400001,25.17949883600005],[88.87434220600011,25.187582583000165],[88.87139548800019,25.191720583000063],[88.86419682600018,25.190884413000163],[88.86469878900004,25.20046428000012],[88.85897692200012,25.202553508000108],[88.85512129000011,25.20014438400011],[88.85004554100016,25.20214571000014],[88.84864382800009,25.20842396900008],[88.8424254950001,25.21145001000008],[88.83702461500019,25.20702373100005],[88.83135460000005,25.20701514200016],[88.82926873900004,25.198391140000183],[88.82537385300003,25.191454843000088],[88.81824072200004,25.189589844000068],[88.81468506700008,25.184606389000123],[88.813845856,25.175132096000027],[88.80112815300015,25.171492266000143],[88.77406224200007,25.180223349000187],[88.77309980100011,25.189782165999986],[88.76709180700004,25.184127140000157],[88.75789085100007,25.185684519000176],[88.75354819600005,25.177817163000043],[88.75029557700014,25.182058421000136],[88.74290798900012,25.18540446500009],[88.7345574520001,25.184935978000112],[88.7352303350001,25.190795072000128],[88.73318110200012,25.199247150000133],[88.72451424900004,25.202233624000144],[88.71777483699998,25.202175338000075],[88.71481736000015,25.207221920000052],[88.70359750300008,25.20824812],[88.68758469400007,25.207705037000153],[88.6801514300002,25.209268655000187],[88.67792817000009,25.20327365100013],[88.67198858500007,25.198933769],[88.66701339700018,25.198570725000025],[88.66470710700014,25.20293588900006],[88.64620245100008,25.204943669999977],[88.64294106000017,25.206502913000122],[88.63128728700002,25.202260119000073],[88.619507091,25.205121201000054],[88.61357550300005,25.20436594100005],[88.60789956800016,25.196382768999968],[88.59758224500013,25.191671412000176],[88.59114707400016,25.193221952000044],[88.59108965900015,25.185894284000028],[88.58180764900004,25.18215106800011],[88.57963816000006,25.177110081000023],[88.56388926700004,25.175441190000015],[88.55588976700017,25.180694985000116],[88.55933702800002,25.18474199800005],[88.55983917900011,25.19106043800008],[88.54849044200017,25.195348881000086],[88.54234042100018,25.194220717000178],[88.54052494300004,25.189390366999987],[88.53355601000015,25.188653300000055],[88.53291020300009,25.194933309000135],[88.52607197300006,25.20006146500009],[88.51055862100009,25.202957783999977],[88.50021659700002,25.203609412000105],[88.49795929500016,25.21067414300012],[88.4747324440001,25.21277476600011],[88.47433451600006,25.208547448000104],[88.46904470500016,25.19809386600008],[88.4632672830001,25.195307256000092],[88.44322246300004,25.19790102400009],[88.44280029200019,25.185181887000113],[88.44545558900006,25.179235048000066],[88.4421874360001,25.17453733500014],[88.44932214800014,25.171583125000097],[88.45097163300011,25.167873778000057],[88.45922997000014,25.16035096100012],[88.45669484100006,25.154252690000135],[88.46086534400007,25.151379798000107],[88.4578700040002,25.135979336000048],[88.44705953400018,25.12842893600009],[88.4413457920001,25.127707583000188],[88.44304192099997,25.119477611000093],[88.4473242000002,25.108911418000105],[88.4441409860001,25.10012911900003],[88.44686137200011,25.09322574600003],[88.44631609600009,25.082132614000045],[88.45127900300014,25.07634959500018],[88.442590194,25.06671065100005],[88.44205378500016,25.062195107000036],[88.435360607,25.05488584],[88.43762638599998,25.043061568999974],[88.4519613870001,25.039875472000062],[88.45035080700006,25.034041801000114],[88.44512506100006,25.0331294610001],[88.4441383570001,25.0264287170001],[88.43887468600008,25.022204422000073],[88.43943589200018,25.01342970700017],[88.43650423800005,25.008390121000105],[88.42196831700005,25.00699283800003],[88.41555953200009,24.998367591000033],[88.41217275600019,24.985722675000034],[88.41610753000015,24.980469177000032],[88.41732784900012,24.974613384],[88.41122773700005,24.97330918200015],[88.40530394700005,24.979561511999975],[88.40303596600006,24.973440465000067],[88.39509764200011,24.968567541000084],[88.39278009500015,24.961215641000024],[88.4001575260001,24.954462502000013],[88.40094924600004,24.94866092700005],[88.39546290500004,24.9418031940001],[88.38847020200012,24.943244563000064],[88.38541771000018,24.938803182000072],[88.3774506760002,24.942838286000153],[88.37063864100008,24.94243212800012],[88.36652691400013,24.952422586000182],[88.35996247800006,24.948779569000124],[88.35501156200019,24.942838234000135],[88.34922400200008,24.944494185999986],[88.34026682100011,24.94102018000018],[88.34127209900015,24.93555320500019],[88.33461266000012,24.926946801000042],[88.33641092500011,24.91918187500005],[88.32976827800019,24.919520663000014],[88.3243437930002,24.916762469000105],[88.32809239500017,24.90457291700011],[88.33427257400001,24.90394234600012],[88.346456064,24.894096618000106],[88.34255109800006,24.88846222100011],[88.34254811300008,24.884051633000013],[88.33854632600014,24.877944313000114],[88.33404612400011,24.87720571000017],[88.33285571300013,24.87093323100015],[88.32625770100009,24.870951948000027],[88.31601256200014,24.880908252000097],[88.3067945190001,24.87755363100007],[88.30087798800008,24.87299689500003],[88.29653924300015,24.88823293700017],[88.27720294600016,24.888780614999973],[88.27515162800006,24.897357748000104],[88.27032569900018,24.894328090000045],[88.26789190500006,24.88911972700015],[88.2656102160002,24.876931772999967],[88.257463771,24.87741245600006],[88.26269716400003,24.88762605100004],[88.26414726000013,24.894014813000183],[88.26389088000008,24.907541064000156],[88.26158515600008,24.917366551000157],[88.25649859300012,24.926010597000015],[88.25046844600007,24.93231176000012],[88.23824080100007,24.942342698000175],[88.23020668500004,24.956546133000018],[88.22574718300018,24.960598699000172],[88.21598035200003,24.96137353500012],[88.2049138230002,24.959507091999967],[88.19101770900005,24.952757329000065],[88.184044944,24.954144063000058],[88.1759822300001,24.946721408000087],[88.17018861300011,24.950541486000134],[88.16485986600014,24.946234946000175],[88.16450201000004,24.941630691000114],[88.15879291800019,24.94175885599998],[88.15774438200009,24.933907213000055],[88.14993008000016,24.9328759820001],[88.14516957299998,24.936714681000183],[88.1383179770001,24.936394495000172],[88.13876999000013,24.920763497],[88.14021433400006,24.914112013000192],[88.14440830100006,24.914301952000187],[88.15310226600008,24.90709936000019],[88.15515024400008,24.899624562000042],[88.1661593390001,24.895578006999983],[88.16875362000013,24.890691753],[88.1607027410002,24.889748579000127],[88.1576430240001,24.892672071999982],[88.15252586300005,24.88497772400018],[88.16386830400018,24.878339793000123],[88.15925994500003,24.872173184000133],[88.166980159,24.863127087000123],[88.16252481300012,24.85782466000012],[88.16355320000008,24.850063989000034],[88.15110438200014,24.849644086000012],[88.14501214800003,24.851428359000124],[88.14466558500004,24.845061434000115],[88.13960301900005,24.83622534000017],[88.13298702999998,24.83355399600009],[88.13340591500008,24.81943238400015],[88.13623491800013,24.805370142000186],[88.13148787000011,24.805022009000027],[88.1279525270001,24.81074003700013],[88.12330091400008,24.823043535000068],[88.11432132000016,24.81646414000005],[88.10485909600004,24.799671856000145],[88.10578554600016,24.78059813500016],[88.09744527000004,24.78029373400011],[88.08836493300004,24.782773605000045],[88.07810487000012,24.769673417000035],[88.07231861900016,24.77323507000017],[88.06810454200013,24.769235504000164],[88.06862818600007,24.76394958100002],[88.07411402800011,24.76119220099997],[88.06619164800009,24.750276794],[88.07182432800005,24.74439313900001],[88.06214297500003,24.721059417000106],[88.05574821900012,24.7157832580001],[88.05342885600015,24.711026998000023],[88.04160268100014,24.704896510000083],[88.0123621690002,24.673327273000098],[88.00816912400006,24.6678030490001],[88.02156850500006,24.656553027000086],[88.02720432300003,24.649718472000075],[88.04001829300017,24.643643274000112],[88.05311269600008,24.62314136700013],[88.06980216200003,24.601458641000193],[88.07047067100001,24.597869474000163],[88.08349885900009,24.58009905400013],[88.0897483870001,24.56580089700003],[88.10102453200005,24.550933830000133],[88.1141129080001,24.53747656200011],[88.11709719900006,24.535868429000175],[88.12974781100013,24.523363433000043],[88.14059363100012,24.51114197800007],[88.14854764200015,24.504240386000106],[88.15459452500016,24.503260356],[88.16648699800015,24.49819803400004],[88.18258857500007,24.48426734600008],[88.19140206700007,24.46822524300012],[88.20375274400016,24.459258007000187],[88.21286012000013,24.45712456900003],[88.2284833010001,24.455437261000043],[88.2462156900001,24.44910031900008],[88.26388899300014,24.445828141000106],[88.27427875000012,24.43947325700009],[88.28147171000006,24.430058833000032],[88.28622110000009,24.421144553000033],[88.29558265400016,24.412966058000052],[88.31069437000014,24.401575851000075],[88.31616489000015,24.395334388000094],[88.32843133000006,24.384454573000085],[88.34557917000012,24.375875340000164],[88.35717061700007,24.37338971100013],[88.3690975350001,24.372696870000084],[88.3790973130001,24.373878667000042],[88.39086364200011,24.371539025000118],[88.4126257600002,24.376405210000144],[88.4196002540001,24.380927429999986],[88.42953719500014,24.38323398100016],[88.44686035500013,24.37785709200017],[88.46409025899999,24.366339278],[88.48532283000009,24.355525349000118],[88.49527666600011,24.35403747300012],[88.50827292700012,24.342691215000116],[88.52752100200013,24.34400576700017],[88.53942141000016,24.321882339000013],[88.55578388800006,24.294422874000077],[88.56248817700009,24.314955299000133],[88.56777116300003,24.32648465700015],[88.58755557900008,24.324148435000097],[88.58841167800017,24.31405624500013],[88.59980363500011,24.310834140999987],[88.60635531000014,24.31106599000009],[88.60725674900004,24.31516943000014],[88.62387447800018,24.315524149999987],[88.62869336000011,24.305221404],[88.6485856180002,24.310860769999977],[88.65300492000011,24.305186144000118],[88.65931407700015,24.3143015980001],[88.67135441900018,24.314430019000156],[88.68209128400008,24.315871379000043],[88.69664501500017,24.31542811100013],[88.70570463400009,24.312195983000038],[88.71549992900009,24.303535469000053],[88.72423767600014,24.298213428000167],[88.73362956200009,24.28200104100017],[88.73853366500003,24.267933925000136],[88.74096480500009,24.252509618000147],[88.73952863900013,24.247418048000043],[88.73478258900019,24.219466142999977],[88.74733513400002,24.199274305000188],[88.75101192800014,24.199734157000023],[88.75805839000003,24.192537909],[88.76698715300006,24.180087125000114],[88.77078271700009,24.169608306000043],[88.7736399100001,24.170295067000154],[88.78233196100012,24.160778604000086],[88.7749461630001,24.153704857000037],[88.79008706600013,24.142774275000193],[88.79516992100008,24.14032650000007],[88.80189384900007,24.13147731099997],[88.8211882870001,24.125581337000142],[88.83687756200015,24.126378974000147],[88.84468147800015,24.131313848000048],[88.86202111900019,24.1171039300001],[88.86654037699998,24.116873398000052],[88.88089600100011,24.120934104000128],[88.88048076200016,24.106267587000104],[88.89274176700008,24.111462181000036],[88.90961351300018,24.116877974000033],[88.9083021880001,24.129550457000107],[88.91875663200005,24.132930203000114],[88.92066752200003,24.12092457],[88.92846441500006,24.12370122699997],[88.93670249800005,24.131227704000025],[88.94591187900005,24.125512569000136],[88.95458277100016,24.123190210000075],[88.99180520000004,24.120706258000098],[89.0050566610002,24.11652475900007],[89.01175446300016,24.11130979500001],[89.0150848560001,24.103699871000117],[89.02238405300017,24.09542215400006],[89.02657822000003,24.08104939100008],[89.02630923100003,24.07697817600007],[89.03231624900002,24.05912972300007],[89.03649611300006,24.05197583100005],[89.04112620300015,24.033933133],[89.0478872610002,24.016869680000127],[89.0599153610001,23.994992192999973],[89.06151408500006,23.98949237100004],[89.07073039700003,23.979025065000144],[89.08162211200016,23.975261319000083],[89.09464348500006,23.972835382000028],[89.09435041400008,23.96394699000018],[89.10845225200018,23.96284263600012],[89.11511573400014,23.963653394000062],[89.13649620700016,23.963175417],[89.14512162600016,23.96407545600016],[89.14894358800007,23.959785725000074],[89.14936533300005,23.953198927000017],[89.16567703500016,23.953902334000077],[89.17511185300009,23.964226874000076],[89.17344608600001,23.978336084000034],[89.17588551600005,23.987185625000166],[89.1953247670001,23.98699848500013],[89.21326473000005,23.989624718000073],[89.21210990000003,23.974645010000188],[89.21475613100006,23.973169477000056],[89.2246139790002,23.97728205500016],[89.23340671000017,23.97383337100007],[89.23178622200004,23.963145084000075],[89.23248528700009,23.944712439000057],[89.24258037800018,23.938546331000055],[89.24456818500005,23.926765057000125],[89.25107237900016,23.913815884000087],[89.25345943200006,23.90618651799997],[89.26217310800018,23.898944126000117],[89.27995620900015,23.899085181000146],[89.29347434700003,23.892604218000088],[89.3025479760002,23.89041020400009],[89.3091066070001,23.87897820800015],[89.32085159500002,23.88075239900013],[89.33244883500004,23.88456698300007],[89.34573846800015,23.893493967999973],[89.34972852900012,23.891289004000157],[89.35014132700019,23.88612245700017],[89.35848383200005,23.886730688000114],[89.3666091990001,23.889671975000056],[89.36756918900011,23.908713833000093],[89.39043572500009,23.905212564000067],[89.39329465300005,23.903142682],[89.40752486800017,23.88482765200007],[89.43566849200016,23.86868010600017],[89.46554964600006,23.84509303500016],[89.49325453600011,23.831923381000138],[89.49370223600005,23.829442393000193],[89.51111193800011,23.82158147700011],[89.52729455600019,23.81543609700003],[89.54999492900004,23.81320575800015],[89.5510875600001,23.816015536000066],[89.56466268000014,23.81179960200012],[89.565088586,23.808508747000076],[89.5784262750002,23.806370006000122],[89.58660625600015,23.812783367000065],[89.59101617900006,23.813256550000062],[89.60488041900004,23.81100094100003],[89.61601717800016,23.811564658000066],[89.63364320700009,23.809218905000023],[89.64264559700013,23.810762390000093],[89.64916602600005,23.81692377200011],[89.65934624300013,23.813865197000098],[89.6652242770001,23.80925640600003],[89.68403096900005,23.81214758800013],[89.70415803000014,23.814019179000013],[89.71438264200003,23.81932537600005],[89.72203282900006,23.825190334000183],[89.7301405450001,23.82732782100004],[89.73462799100014,23.83080014000018],[89.73414098600011,23.83950853800002],[89.7296291130001,23.841921373000105],[89.71523473800005,23.857031472000017],[89.71154948200012,23.86644312100009],[89.70808863200011,23.8691711460001],[89.70702438200016,23.87618049500003],[89.70370507800016,23.87657608000012],[89.70089810000007,23.88723333300004],[89.70623317400009,23.89245075399998],[89.70134682000008,23.896356861000186],[89.70304146700005,23.90171856800015],[89.6995578440002,23.91367736],[89.69863148900004,23.925600438000117],[89.69134387600019,23.925631139000075],[89.68714540299999,23.94028203300013],[89.69273148899998,23.94392653700004],[89.69740817600012,23.943302774000017],[89.69691248300006,23.98054673100006],[89.69814432700002,23.98767076200005],[89.70727263000009,23.999828628000046],[89.72601623600019,24.014527432000136],[89.73788037800006,24.021073947000104],[89.75418634500016,24.02468901700007],[89.76540249400011,24.02400209000018],[89.77702229500011,24.028138126999977],[89.78740432400014,24.036024455000074],[89.78610779500008,24.041358423000133],[89.79685272500006,24.04508678999997],[89.80741994100009,24.05662628300007],[89.81795024100006,24.06506571000017],[89.82417430000015,24.075520959000016],[89.82621373900002,24.08714768700014],[89.82560743300013,24.09397530100017],[89.82160598600012,24.1002593180001],[89.81912278300007,24.10966336600012],[89.81916970500004,24.131193730000064],[89.82323197600016,24.141194763000044],[89.81292697400016,24.14746880700011],[89.80499363300004,24.161104568999974],[89.79323339100006,24.158058829000026],[89.7860865990001,24.160765368000057],[89.78365822900008,24.16659664900004],[89.79068515400019,24.172167936000108],[89.80323954100004,24.17412946100012],[89.79855459499998,24.19262192900004],[89.79470784900002,24.202337505000116],[89.78944047800007,24.220909134000124],[89.7872268340002,24.233049552000068],[89.78645230000006,24.24971695199997],[89.79097918500008,24.260566091000157],[89.79274581300007,24.27482349900015],[89.79109139400003,24.286273360000052],[89.78674876700018,24.29416572800011],[89.7783354660001,24.30068148700019],[89.77495481900007,24.313341466000054],[89.77605374800015,24.325080000000185],[89.7724212940002,24.334208056000136],[89.76554239500007,24.33990570600014],[89.75755993900003,24.344176507999975],[89.75345095500006,24.34990509200003],[89.7557500330002,24.36216949400017],[89.76495656200018,24.370757292000178],[89.76800396300018,24.37988183900012],[89.76475554400008,24.395458915],[89.774036126,24.396814257000074],[89.77243345000011,24.405624603000035],[89.76269364300009,24.41035132700017],[89.75963278100011,24.40718767600015],[89.7509108700001,24.427741066000067],[89.74983921100016,24.438121255000112],[89.75751771400019,24.454162777000136],[89.74609204800004,24.454516579000085],[89.74501728900003,24.470430085000146],[89.75203886600019,24.47243928400019],[89.76071221100011,24.48425690700003],[89.75286824300014,24.48139930600007],[89.75129504800009,24.487073119000172],[89.75924485200011,24.498657802000082],[89.75714673300013,24.50625682400016],[89.75349974500017,24.505501287000072],[89.74973337000006,24.51178561900008],[89.7387035000001,24.515268938000077],[89.73673747100008,24.519598436000024],[89.7431723540002,24.52367149100013],[89.7487660920001,24.520890142000155],[89.75119206800014,24.530300579000084],[89.74764415100009,24.53197682200016],[89.74869665400007,24.53888323400014],[89.7609859640001,24.53829583600003],[89.77042824600011,24.541128364000087],[89.76864853500001,24.557459270000038],[89.77386457900013,24.56587332099997],[89.78916288300007,24.57469137200013],[89.78416562000007,24.58112199200019],[89.78264820300018,24.590675190000127],[89.77958704800011,24.597083129],[89.77359450800009,24.601594520000162],[89.76723076200005,24.615127571000187],[89.76989883100009,24.625217606000035],[89.777347685,24.625436542000045],[89.788005053,24.6282584760001],[89.78573350900018,24.636952588000042],[89.78758416300019,24.66698937000018],[89.785510209,24.67168503700009],[89.791545181,24.673700769999982],[89.79995713900007,24.679402021000044],[89.7979695190001,24.687419276000185],[89.7918792530001,24.688291525000125],[89.79046552200015,24.69855602800004],[89.79497876200014,24.70494295800006],[89.78109677100008,24.712566170000173],[89.77579216999999,24.718925465000098],[89.77463986100014,24.726022407000073],[89.77848089000008,24.72802632300011],[89.78906281500014,24.729269845000147],[89.79239423000018,24.738204271000086],[89.79115065700006,24.74174058],[89.7795435760001,24.745891934000156],[89.78366874300008,24.750542314000143],[89.78495036200013,24.758475944000054],[89.78167958800009,24.768606628000157],[89.77446755,24.77459725600005],[89.76121066700011,24.76828639300004],[89.74607870200015,24.776238405000015],[89.74458962900013,24.77020747800009],[89.73909145100015,24.767429902000174],[89.72108423900005,24.78008968300003],[89.73304077199998,24.795474951000074],[89.75018658700014,24.797109866000085],[89.7480049190001,24.80257588700016],[89.72984313300003,24.804885554],[89.71956275700012,24.809689328000104],[89.70808036100004,24.81683591100017],[89.69468154700007,24.82863780600013],[89.68621303400005,24.83818883200007],[89.68271224000011,24.851692104],[89.67189707,24.8701600550001],[89.66998488100018,24.883578382000053],[89.66381531300004,24.89354174800019],[89.67544607200006,24.8979543640001],[89.68262364700018,24.906481634000045],[89.68750676400015,24.90707219600006],[89.68467628200011,24.918258037000044],[89.67692016300003,24.921366197000168],[89.67449056200019,24.93026782400011],[89.67593273500006,24.939663286000155],[89.67962088200011,24.945724334000033],[89.67747173900005,24.9570717200001],[89.67747455500012,24.964836188],[89.67302343000011,24.97475262400019],[89.66125664700007,24.987993900000106],[89.66157323000004,25.003214104],[89.65752608600008,25.018234642000095],[89.6516410980002,25.032024783000054],[89.64838320000013,25.042848890000073]]]},"properties":{"adm1_name":"Rajshahi","adm1_pcode":"BD50"}},
{"type":"Feature","geometry":{"type":"MultiPolygon","coordinates":[[[[89.82566675100009,25.41529727600016],[89.83258180000018,25.438784397000063],[89.84456054900016,25.459529383000017],[89.85182349300015,25.46665293200016],[89.84901904800006,25.474219890000086],[89.84946432300018,25.493872930000066],[89.85466986200004,25.497883194000053],[89.85379140200018,25.50356248000014],[89.85796642400015,25.50616284199998],[89.86005156599998,25.51761093900012],[89.85128797900012,25.5385371000001],[89.8633568210002,25.54261931200017],[89.86649672800019,25.547636345000058],[89.86720175200008,25.560787502999972],[89.87563463200007,25.5807114160001],[89.87327795100003,25.587755332000143],[89.87927730900009,25.60218639200008],[89.88237290600017,25.61657198],[89.8812329810001,25.63242829000012],[89.87621454200007,25.645764129000156],[89.87128882200005,25.66218368700015],[89.86475374500014,25.663842732000035],[89.86169539200012,25.668985986000166],[89.8587552260002,25.680108435000022],[89.852352031,25.686019158000136],[89.8470336800001,25.695527023000125],[89.8523732610002,25.707195045000105],[89.84946796500014,25.71490161000014],[89.8381255340002,25.71450792900015],[89.8340366860001,25.7169776020001],[89.82717360000015,25.731932631000177],[89.82706672400019,25.740122862000078],[89.83566700400019,25.74948580400013],[89.84117800600018,25.75927607800014],[89.83860320100018,25.77576000200014],[89.83358189600011,25.78337801900011],[89.8339703330002,25.787577461000126],[89.82918310700006,25.79661330199997],[89.82961042400018,25.80144715600011],[89.82578498200019,25.811140925000018],[89.81687087199998,25.814766831000043],[89.8172810440002,25.817485393000084],[89.82647289300019,25.83049316100005],[89.83475990000011,25.840359115000126],[89.83388812900017,25.85679050800013],[89.83501244000018,25.859945525000114],[89.8321731650002,25.87043739100011],[89.84836047700014,25.88839554100008],[89.84869977000011,25.892651275000105],[89.85623525600005,25.899289195000108],[89.86060780100013,25.907000538000148],[89.86914096300006,25.914110551000192],[89.87844911800005,25.92417576300005],[89.88230074800009,25.937773508000078],[89.88667614800005,25.945425339000053],[89.87746128200001,25.946670737000034],[89.861794089,25.94337652200005],[89.84835831400005,25.94278290600016],[89.82488341800018,25.94607040400001],[89.8258872720001,25.951947825000047],[89.83166343700015,25.954878079000025],[89.8412107530001,25.950712534000047],[89.84682118500018,25.956536089000053],[89.84276526500014,25.963778228000024],[89.84144679800005,25.970456646000173],[89.84733695200015,25.97120794200015],[89.854779006,25.96842988200018],[89.87128967000012,25.97348417900008],[89.86619500400008,25.982942864000165],[89.85084515500006,25.989833442000077],[89.84707882900017,25.99674863200005],[89.84764400400013,26.0006185150001],[89.84333757200017,26.007266647],[89.83435932700007,26.013498505000143],[89.83016931300011,26.0102338800001],[89.83002822600008,26.004116006000174],[89.83618580600012,25.982738179000023],[89.82171473200003,25.98611178300007],[89.81603130400015,25.994994549000126],[89.82002626300005,25.996760393000045],[89.81819672900019,26.00360723199998],[89.82140834400008,26.008690511000054],[89.81503481100003,26.021588358000088],[89.81881338800014,26.02633379100007],[89.81480835800005,26.03055691700007],[89.81121679400007,26.041480567000065],[89.80438336000009,26.043618305000052],[89.8019124830002,26.033029778000127],[89.79392308600006,26.021205382000176],[89.79222705500013,26.02733644200015],[89.79759582400015,26.031798003000063],[89.80147182500014,26.040788015000146],[89.79216326900018,26.04226483500014],[89.7812153210001,26.04146307700006],[89.77991759900004,26.0453935700001],[89.7862650190001,26.058004129000153],[89.79854313700014,26.059954148000145],[89.7957101880001,26.06497973600011],[89.7967103900001,26.075405982000177],[89.79113,26.079237904000138],[89.7954523460001,26.083912462],[89.79450546400011,26.088963242000148],[89.78856969500004,26.088085557000056],[89.78154392500011,26.084251010000173],[89.78606542000006,26.097698503000174],[89.78494409400014,26.10471516700005],[89.77794966900007,26.107652759000075],[89.77108975800013,26.104091110000184],[89.76468544400012,26.109667918000127],[89.75783802600006,26.107615874000146],[89.75594658300014,26.11345939900002],[89.76589657000017,26.12472460300006],[89.76691061600019,26.130859639],[89.76304657000009,26.137036387000023],[89.75489354300004,26.138492323000037],[89.75295361800005,26.149380999000186],[89.74848551999997,26.15637347800009],[89.74335572500019,26.15871664100007],[89.71941640300008,26.15597552300011],[89.71851906600017,26.165932285000054],[89.71164529400005,26.167496600999982],[89.70793081600004,26.15398506100007],[89.70036532000006,26.15139513000014],[89.6974376120001,26.157625204999988],[89.68472243999997,26.161349719000157],[89.68084258200014,26.164828843000066],[89.68435409100016,26.16983219300016],[89.69552284100001,26.16905035600007],[89.69485388100009,26.175089720000074],[89.6899139160002,26.17872710600011],[89.68176734800011,26.191380031000108],[89.6806143500001,26.197285048000083],[89.67411067500012,26.19916327699997],[89.67303304100011,26.203956633000132],[89.6797451160001,26.213983207000183],[89.67886535600013,26.223478020000186],[89.6852732070002,26.21949438000007],[89.68874420100013,26.222531334000166],[89.68122622300018,26.227569120999988],[89.67667222100016,26.233118854999987],[89.67236718000004,26.22905938300005],[89.67180398200014,26.21993380100008],[89.65574119100006,26.219002315000125],[89.64669637200018,26.22483373299997],[89.634187779,26.228685116000065],[89.63562027700004,26.21666601700008],[89.63261741700012,26.21009394300006],[89.63866241300008,26.208809014000053],[89.63910880800012,26.199570704000053],[89.64626988500015,26.195107867],[89.64967521900019,26.190079717000174],[89.64716643200018,26.184940412000117],[89.63791370600018,26.18670968000015],[89.6327200840002,26.195617671000093],[89.62957595400007,26.19526423300016],[89.62773056800017,26.183268285000054],[89.63448774500017,26.17962413400005],[89.6439745130001,26.182275505000177],[89.64932811400013,26.179611394000062],[89.65536311200015,26.181235486000162],[89.65856005500007,26.176242998000077],[89.64973567500004,26.16975213],[89.64936590500014,26.16436510500006],[89.63869068200017,26.166896332000192],[89.63647364100012,26.17869912200007],[89.63199904700014,26.17952072600002],[89.61205382800017,26.17779562900006],[89.61109846900007,26.168271426000103],[89.61298777200017,26.161743655000066],[89.60394569600004,26.156258461999983],[89.59911583000007,26.160859187000085],[89.59465739700005,26.16002502000009],[89.59826219800016,26.152739263000058],[89.59583461600005,26.13942518600004],[89.5978141270001,26.132220626000105],[89.6100213410001,26.12608923900018],[89.61651017500003,26.12010875100009],[89.62116353800019,26.120658313000092],[89.62339335500002,26.12770271700009],[89.62714304000002,26.127558963000126],[89.6293729790001,26.11718520000005],[89.62772325600008,26.114228270000126],[89.6178087080001,26.10787032400009],[89.60005058800016,26.106666379000046],[89.59368715600016,26.100849337000113],[89.60478417400014,26.09348717900008],[89.61201070000016,26.09643916300007],[89.6164958970001,26.103699677000066],[89.6222174900002,26.101710204000028],[89.62315602500013,26.107162027000186],[89.62913981200006,26.106981145000134],[89.63187194800014,26.101511685000048],[89.6327179490001,26.093405240000152],[89.63784301900012,26.09064835700019],[89.63261205700019,26.081582918000038],[89.63651068400009,26.07401239800015],[89.64897973400008,26.06611295300013],[89.63746982800006,26.06064187700008],[89.63070055100013,26.062399052000103],[89.62112269300007,26.05376670600009],[89.61274015300017,26.055582011000126],[89.61055631700015,26.050998095000125],[89.60444755500009,26.04904914700012],[89.59762627800012,26.044133969000086],[89.59153986200016,26.04455482500009],[89.58928517800013,26.038302536000117],[89.57756148200014,26.02496991400011],[89.58014656900008,26.01038998500013],[89.57935414500008,26.002197742000078],[89.58587438200016,25.997306651000144],[89.58575395700007,25.97848383600018],[89.57709473100016,25.977223973000093],[89.57804154100018,25.969018701000095],[89.57186687700016,25.967275888000074],[89.56750346100006,25.969059835000166],[89.56859758900003,25.978821987000174],[89.56392821800011,25.978105931000073],[89.56301614700004,25.970628819000126],[89.5578929400001,25.965064491000135],[89.54995941800018,25.965884326000037],[89.53999522000015,25.970139866000068],[89.53793961300016,25.973643619000143],[89.54232966200004,25.983039433000044],[89.53624427700004,25.985232336000024],[89.5376759790002,25.99307920500013],[89.54852185200008,25.999985056000128],[89.5398294200001,26.00566893000007],[89.53033930600009,26.004186901000082],[89.51323343500019,26.006500619000064],[89.50671119600014,26.0014693170001],[89.49815757900018,26.003022334000093],[89.49199766100014,26.006217635000098],[89.4870852470001,26.000213645000144],[89.47982737600012,25.997056230000112],[89.46166392000003,25.998665231000132],[89.4494102070002,26.007364269000107],[89.43464015300009,26.010189967000144],[89.42875678900003,26.01279218900015],[89.4279046420001,26.01941425900003],[89.43421689000013,26.031710271000122],[89.43072302400009,26.042152756000178],[89.42566953900018,26.045577515000105],[89.41933616000011,26.042619859000183],[89.40829518100003,26.041870756000094],[89.40355225300004,26.028239258000042],[89.39131481900017,26.02316556599999],[89.39474696600001,26.012653811000064],[89.39051674300003,26.00867659000005],[89.38271302100009,26.011146920000158],[89.37189406200014,26.011120640000115],[89.35713298900009,26.008624568000187],[89.3490993470001,26.010904689000085],[89.3387026040001,26.01810591800006],[89.33800753700007,26.023933512000156],[89.33123001300004,26.027593096000032],[89.32529859400017,26.03669202499998],[89.31648738700005,26.03896665500008],[89.30787141600013,26.045810551000045],[89.29790863200003,26.04936293800006],[89.29354329000017,26.046186220000152],[89.28739888200016,26.048837423],[89.27894440300008,26.04896250600018],[89.28149917600018,26.05533416100002],[89.28237326400017,26.064611649000085],[89.27111985900012,26.06046724200013],[89.26111123300018,26.063339614000085],[89.25454726200019,26.067723458000103],[89.25722437600018,26.080353447000164],[89.2659807760001,26.087781912000082],[89.26563480800007,26.09315262700011],[89.2557632860001,26.093846953000025],[89.25146250300014,26.096594427000127],[89.25188477800015,26.10139341500019],[89.24170201000015,26.10424539600018],[89.24045346100013,26.111990424000112],[89.23366099800006,26.113250175000132],[89.22738827900002,26.12342647400004],[89.21494101399998,26.125844500000085],[89.21214572600019,26.12429880100018],[89.20279059100017,26.128206651000028],[89.19585136400002,26.126651200000026],[89.18111074000007,26.127270218000092],[89.16555213900011,26.131650385000057],[89.15433806300007,26.14107458400008],[89.14885504199998,26.153161552000086],[89.14867452100009,26.158735925000087],[89.15532885300019,26.15905614100012],[89.1489042930001,26.169551818000173],[89.14064469100003,26.169209308000063],[89.1359257040001,26.18247627700009],[89.14020347600001,26.199164913000118],[89.14352073000003,26.200010854000027],[89.147975212,26.20773904100008],[89.14161927200013,26.214870248000125],[89.14200196700006,26.220481778000078],[89.13593578500013,26.236135495000042],[89.12702696000014,26.248033678000127],[89.12036664400006,26.25181904300007],[89.12488916500007,26.263329160000183],[89.10888120100003,26.275426439000057],[89.1019709470001,26.28314140000009],[89.10373401600003,26.294176614000094],[89.10723378800009,26.300850546],[89.09967493200008,26.304209287],[89.10245725500016,26.31144524700005],[89.10822558000007,26.313025155000048],[89.10914433600004,26.304604735000055],[89.11441826300006,26.30356973400012],[89.11384267700004,26.298451350999983],[89.12004779300008,26.286808480000104],[89.12548401800018,26.290557084000113],[89.12591160300013,26.295439784000166],[89.13068780300006,26.297608640000192],[89.13071431700013,26.30488153700003],[89.1360206710001,26.30764256800012],[89.13514328200006,26.320909672000084],[89.12818989800007,26.3188112470001],[89.12601584600014,26.321937783000124],[89.11636176000019,26.32018570700012],[89.10540155200016,26.32612639700011],[89.0854539410002,26.32079996700014],[89.100114088,26.33860942700005],[89.0962475450001,26.35004708400004],[89.0960619540001,26.36018292100016],[89.09043255800009,26.36061077100004],[89.08724793800002,26.365578103000132],[89.0917283490001,26.38233],[89.09176752500014,26.388975363000156],[89.08643316000013,26.392394876000026],[89.08720821800011,26.39757324700014],[89.07527104899998,26.395803731000115],[89.06630465400019,26.40001378700009],[89.05884733700003,26.398639978],[89.03756987400016,26.39980532700008],[89.03376241100017,26.395396290000065],[89.02987069400012,26.407095813000012],[89.0229673450001,26.408511454],[89.01822949600006,26.415261703000112],[89.0088778760001,26.41295361400006],[88.9992968140001,26.422064369000054],[88.9921428080001,26.417675938000116],[88.98314362900004,26.419919005],[88.9808373850002,26.424301707000097],[88.98310624700014,26.429466339000044],[88.97864073400007,26.432549322000114],[88.98320923000006,26.437014857],[88.97519444500011,26.448540930000036],[88.96701053800001,26.44993347700006],[88.96604220400019,26.455880703000105],[88.95802560700014,26.458167580000065],[88.95799265000016,26.453646378000087],[88.94675619500009,26.446889763000115],[88.94962748500018,26.441805349000106],[88.95132902500006,26.432798482000123],[88.94616660400004,26.432013417000064],[88.943188346,26.424441439000077],[88.93393793600006,26.430986052000094],[88.92642418200012,26.431349641000054],[88.9251212010002,26.416578479],[88.93157986300008,26.413773908000053],[88.92585531500004,26.40599370600006],[88.91333031500005,26.40828710800008],[88.90681861900003,26.406235457000093],[88.91061201100018,26.399978400000066],[88.91766112700009,26.40249213300018],[88.91869694700017,26.394222689],[88.91630204100005,26.384440876000042],[88.90902963900015,26.379338763000078],[88.913510653,26.373761694],[88.91086314500018,26.369836796000186],[88.91457697400006,26.364763942000025],[88.92749130300001,26.364633276000063],[88.93117942499998,26.359227981000174],[88.94649714300016,26.356127329000117],[88.95009716000004,26.365516301000184],[88.95293214000014,26.365390345000037],[88.95825891200013,26.356671549000055],[88.95062480500007,26.35414878900002],[88.9458549410001,26.34353915000014],[88.95171089800016,26.338616430000172],[88.95178335200012,26.33245048300006],[88.96037138600013,26.32954264400007],[88.96227611100011,26.335605566000083],[88.9611415380001,26.35167940499997],[88.96622589600014,26.349515483000175],[88.97401538700007,26.35026441800005],[88.97790474800013,26.345929176000027],[88.98612451200006,26.348529115000133],[88.98665712300016,26.342282861000058],[88.98382954600004,26.336967581000067],[88.98777021200016,26.331535432000123],[88.99787132000012,26.33159512600008],[88.99804560400014,26.323206513000116],[88.99086907200001,26.314233657000045],[88.98654986800005,26.317453493000187],[88.98240920300003,26.310388635000038],[88.98424869100018,26.30026480400005],[88.99119466500008,26.300241587000187],[88.99567701500001,26.297214588000088],[88.99502315900008,26.290129296000032],[88.99993711800016,26.29084077500005],[89.00658271800006,26.304366726000126],[89.01281277300012,26.297905087000117],[89.01237801600013,26.29328568699998],[89.01864285100004,26.29221588700011],[89.01557818000009,26.302372465000076],[89.02127133600004,26.308896265000044],[89.02684864800017,26.30590283900017],[89.02119574700009,26.297770165000145],[89.0231817070001,26.293158756000082],[89.01995751700014,26.28994061500015],[89.026844526,26.28543702200011],[89.03497457400016,26.283909636000033],[89.04436625900018,26.27517397100013],[89.04486797600003,26.289654895000126],[89.0463589580001,26.29556734100015],[89.05324887800015,26.291859275000093],[89.06041590500013,26.29072587400003],[89.05728266100004,26.28542801800006],[89.06265934600003,26.280273956000144],[89.06000624500018,26.274523333000104],[89.0599891600001,26.267553005000025],[89.06232843999999,26.258862294000096],[89.05089468500017,26.254891267000062],[89.0452896130002,26.24067893200015],[89.03708423600011,26.246892357000092],[89.0218603150002,26.247446451000087],[89.01903455500013,26.24215885300015],[89.01477732700016,26.24404607400004],[88.99879627300004,26.243958166000084],[88.99188314800011,26.245819393000147],[88.9791769850001,26.24453562500014],[88.97002818100003,26.23959710600019],[88.96389295800003,26.23899321700003],[88.95290360200005,26.24221577900005],[88.95274818200016,26.244790064000142],[88.94413641900002,26.255225042000063],[88.93969462500007,26.263507650000065],[88.93485073700003,26.267428570999982],[88.93013395899999,26.27885073800013],[88.91782487900014,26.288037521999968],[88.89490040400005,26.288483515000053],[88.87562845600013,26.28672222600005],[88.866336633,26.280857388000072],[88.86693386000013,26.27685348099999],[88.86172090900004,26.27406533700008],[88.86430301300015,26.2694722600001],[88.86157223100014,26.26608076900004],[88.86127413100019,26.25259442800018],[88.86743733100013,26.249769848000085],[88.87764748300009,26.23344295300018],[88.87123050500009,26.234347455000034],[88.8601857540001,26.23246812499997],[88.85387881100007,26.235225811000078],[88.83839746200016,26.231851266000035],[88.8382012530002,26.238277922000123],[88.82740958200014,26.240009482],[88.82728301800017,26.24912712600019],[88.82298921200015,26.253612969000187],[88.8154798020002,26.255618727000012],[88.8122624880001,26.265071919000036],[88.81533234800008,26.267559760000097],[88.81195600800015,26.27959145300008],[88.81325806400008,26.288404837000087],[88.81922708300004,26.29426831900014],[88.813793325,26.29747368400001],[88.8018297970001,26.30758298400019],[88.79250327400018,26.30990402100008],[88.78348139700006,26.304092591000142],[88.7762676640001,26.30427950100011],[88.77126131500006,26.30096848900007],[88.76264872500013,26.299551510000185],[88.75685398400003,26.310667008000053],[88.7566631320002,26.322356830000047],[88.76136488400005,26.33370981200011],[88.75386261100005,26.339208366000094],[88.75446105600008,26.343558358000166],[88.749561078,26.353938632000165],[88.73717781800019,26.353951873000085],[88.72971706800018,26.34934930100013],[88.72564302200004,26.343925622000143],[88.71341615000006,26.344877145000112],[88.70977392700007,26.33467656700003],[88.70310742300018,26.33759338500016],[88.69530323900017,26.344735920000062],[88.6976164350001,26.35571244],[88.69371477200013,26.356579707000094],[88.68565641300012,26.374424218000115],[88.68618573700002,26.37890919200015],[88.68213994100012,26.382533954],[88.70181315900004,26.38611390000011],[88.69923054100008,26.390554774],[88.68726282800009,26.386922339000137],[88.68790021800004,26.39454775600018],[88.67834769400014,26.39341485900013],[88.67027287700006,26.397404852000136],[88.67569243399998,26.401328084000056],[88.68679149000013,26.403330775000086],[88.67792806500017,26.40822124300007],[88.66749473200014,26.408104114000082],[88.66266913800018,26.41105632299997],[88.65926974600012,26.416994154000065],[88.6469313400001,26.417548254000053],[88.65101956500007,26.426000796999972],[88.63477722700014,26.43205546000013],[88.62554350000005,26.43366644100007],[88.622891632,26.438348877000067],[88.62744778000007,26.441046860000142],[88.62450593400018,26.4531134610001],[88.62218974300015,26.471069796000165],[88.59578531200009,26.471038272000044],[88.5947808620001,26.45233667800005],[88.58532032300008,26.450331712000093],[88.5824799190001,26.455887136],[88.56514175600017,26.45792353200011],[88.55944453300015,26.46178640400018],[88.55446991800005,26.478725946],[88.55599386500012,26.485266006000074],[88.52728156900014,26.48095092400007],[88.52742492300007,26.48635758400013],[88.51835364200014,26.501951090000034],[88.52211951600015,26.505580798000153],[88.5186166950001,26.51116627900018],[88.5110623160001,26.51043765300011],[88.5077175300001,26.515606973000047],[88.49980661400014,26.512860917000012],[88.48973182700007,26.51151108199997],[88.489873762,26.531745032000117],[88.48272036300011,26.532373205000113],[88.48421480300016,26.54172330600005],[88.47616062900005,26.54453290600003],[88.46266473700018,26.544144229000096],[88.45517198099998,26.536279507000074],[88.44825687000008,26.535554439000123],[88.4315047020001,26.549455673000125],[88.42137996600013,26.56960967200007],[88.42239437300009,26.58200605200011],[88.41931054400015,26.590845438000144],[88.42012287200004,26.596582112000192],[88.41702272900011,26.611825900000042],[88.41817972600018,26.62147735900004],[88.41454417200009,26.622307984000145],[88.4160095630001,26.631800396000017],[88.41067568900002,26.634548266000024],[88.40659788000005,26.62977926700006],[88.39897992599998,26.626750912000034],[88.39740268100013,26.618182367000088],[88.38993703600016,26.614749063999966],[88.39005564200005,26.607558190000077],[88.39889014000005,26.605847977000053],[88.39706009000014,26.602374554000164],[88.38765674000012,26.601792145000047],[88.3773154050001,26.59632839600016],[88.37391712700008,26.585495668000192],[88.374746028,26.580055122000147],[88.37131662600012,26.576745927],[88.37219764100013,26.566844422000088],[88.37051324700019,26.55966904900015],[88.3574554380001,26.542009107000183],[88.3593172520001,26.53439827200009],[88.35821258200019,26.52878884300003],[88.3517352520002,26.52330020000005],[88.3527536900001,26.516692960000114],[88.34619669400007,26.505994618000102],[88.33776330400019,26.500437564000038],[88.33221068000012,26.493178311000065],[88.33134202400004,26.48449102500018],[88.33586602100013,26.47776686300017],[88.34080485000015,26.478268926000055],[88.34072289000011,26.468929577000097],[88.34707694000002,26.468547409999985],[88.35262453200005,26.450970471000062],[88.36149943900011,26.454392235000057],[88.36030763100007,26.465337382000143],[88.36453491300006,26.469319391],[88.36031066000004,26.481703409999966],[88.36347124000008,26.486406650000106],[88.37257782700016,26.48817175200014],[88.37729188700007,26.4835178190001],[88.38631437800012,26.482281842000077],[88.38901146800015,26.478550267000116],[88.39988889200009,26.481908826000108],[88.40500389200014,26.480519473000186],[88.41561824700005,26.469155117000128],[88.42306594200016,26.469934913000145],[88.42828704500005,26.47295114300016],[88.43360717500008,26.46687109800007],[88.44032641000013,26.465003785000192],[88.44668372700005,26.466032220999978],[88.46213642400011,26.46584288700012],[88.48456790700004,26.460309688],[88.47804380600019,26.451817796000114],[88.48584023300015,26.449422627000104],[88.49196536500017,26.437763072],[88.48893541800004,26.428830042000016],[88.49321656200004,26.422756896000067],[88.494679529,26.40919051800006],[88.50459523600006,26.403074607],[88.504737799,26.398162885999966],[88.51506455000015,26.384751731000108],[88.51261799700012,26.377488505000088],[88.51866155000005,26.371200292000026],[88.52249661100018,26.359788449000177],[88.51394235900011,26.35281867900011],[88.50518702100004,26.351292197000134],[88.50782771200016,26.36219115200015],[88.49608741900016,26.358897421],[88.48808236600013,26.358682235000117],[88.49126373300004,26.351340314000083],[88.4877191130002,26.34907765500003],[88.48010117200005,26.350610691000043],[88.47707886500018,26.354133912000123],[88.46824172200002,26.358748992000073],[88.46316901400007,26.35771065600011],[88.45717443500013,26.366585596000107],[88.44981284900012,26.365668792000122],[88.44387646600006,26.360925962000067],[88.44206455000005,26.35305470200018],[88.43537180000015,26.336409746000186],[88.41876300600012,26.336184553000123],[88.4126170990001,26.337685098],[88.40666212800005,26.332480211000018],[88.40664581500005,26.32413653300017],[88.41522464700017,26.324270002000105],[88.41432646700014,26.315562220000118],[88.40192341300008,26.31787091399997],[88.38396895,26.313767611],[88.37786664900005,26.30579082300011],[88.36911415400016,26.304978400000152],[88.36852429700014,26.300699549000058],[88.36237197900016,26.298966169000153],[88.36315251100012,26.294734537000124],[88.35753092800013,26.28803526900009],[88.35279248000006,26.28724748500008],[88.34894738600008,26.27849203000011],[88.34771322800009,26.269103058999974],[88.34997565700019,26.26501717800005],[88.34855796900013,26.252279242000043],[88.35941309600003,26.24248944700014],[88.35446052300017,26.237776981000138],[88.35572555500005,26.23239540600008],[88.34991924100012,26.220354157000088],[88.34138213900002,26.2194660130001],[88.33083266300008,26.216184362000092],[88.32666372300008,26.21093620800019],[88.3259078590001,26.20541628300009],[88.31468226700014,26.203310448000025],[88.30850453600016,26.204093238000155],[88.29934375300007,26.19792344500007],[88.28597587500013,26.200274289000106],[88.27449233000004,26.18812865900003],[88.26519223500014,26.18855391600016],[88.2601580700001,26.186735095000188],[88.2475449420001,26.190386891000173],[88.24535775500004,26.186237136000102],[88.23888083400016,26.184790401000043],[88.23384452300013,26.180127151000022],[88.23311746900015,26.172819893999986],[88.22814801100003,26.17290097200015],[88.22301606300016,26.16617352800006],[88.21223758400015,26.166798322000034],[88.21492710400008,26.161984226000186],[88.20137744700014,26.158987883000123],[88.19630573400019,26.15909142900017],[88.1831120510002,26.152685697000038],[88.17721931700004,26.147452368000017],[88.17973269900017,26.13821581500008],[88.174086515,26.130205222000143],[88.17831060200018,26.123138737000147],[88.1735388840001,26.119023010000035],[88.17252741400006,26.110626469000124],[88.1650823380001,26.108503102000043],[88.16300629000011,26.100397617000056],[88.15826947900013,26.095880178000073],[88.16494672700014,26.086647298000173],[88.16058482900002,26.084271831000024],[88.16042769700016,26.07749966500012],[88.16910869999998,26.079821681000055],[88.17253145200004,26.076094080000075],[88.1818592800002,26.073621188000118],[88.18176279500011,26.066400658000077],[88.18535052000004,26.06279891200012],[88.17550273500012,26.05770768300016],[88.177713756,26.052206593000108],[88.169134874,26.04503672800007],[88.17436050100014,26.04080605000013],[88.17091069600008,26.03616993100013],[88.17153202400016,26.031100123000044],[88.18097422700004,26.03037078900013],[88.1819567880001,26.02583806100006],[88.17611450100014,26.02124641400019],[88.16404347800011,26.021337276000054],[88.14183864500006,26.01447282999999],[88.14380667100005,26.00092539700006],[88.13995752600016,25.99720724399998],[88.12967165300006,25.99687145300004],[88.13080966500007,25.98942093200003],[88.12735514400015,25.983547129000158],[88.12717875400011,25.976224037000122],[88.11992796100014,25.973162408000064],[88.12362912000003,25.965659456000083],[88.11500125900017,25.962622624000176],[88.11431696200015,25.957883627],[88.1222186810001,25.948237292999977],[88.11229328700011,25.943572217000167],[88.11088255700008,25.933493354000177],[88.09928214600012,25.935216915000012],[88.09084440600009,25.926950196],[88.0856713330001,25.914625759000046],[88.09053803600017,25.914660629000082],[88.09422102000008,25.90782612700019],[88.09088893000006,25.90592725800019],[88.08980269400007,25.898000906000163],[88.09382933100005,25.893696177000095],[88.09886167100007,25.89361781499997],[88.102814712,25.889185474000158],[88.09369303600005,25.87408797800009],[88.10123734900014,25.87230254399998],[88.10671990000003,25.86759442300007],[88.11085388400011,25.868038720000186],[88.11006310500017,25.859849991000033],[88.11369476600015,25.85262148700008],[88.10644123800006,25.84522648600006],[88.10181493500016,25.844252096000105],[88.10780127600015,25.83559437100007],[88.10105175900009,25.828948177000086],[88.11121794200005,25.821728224000026],[88.10705810000013,25.815416108000193],[88.1199844520001,25.812283410000134],[88.11553121700013,25.80489012800001],[88.11458278200007,25.798459596000157],[88.12390649200006,25.796364065999967],[88.12781122700011,25.798217564000026],[88.13864302700017,25.7968558930001],[88.1444003630001,25.793745159000082],[88.1443403200002,25.785953956000185],[88.14206625800017,25.782639031000087],[88.14643619100019,25.77642767400016],[88.15499359100016,25.777382761000013],[88.15959698800009,25.78788330600014],[88.16576849500012,25.789545558000157],[88.172753333,25.787051701000166],[88.18096011300014,25.799368483000137],[88.18414883700018,25.801712557000087],[88.19337721700009,25.80170341300004],[88.19931935300002,25.79439730300004],[88.19976288700013,25.79018251800011],[88.20905733100017,25.78823001900014],[88.21151485500013,25.797393703000182],[88.21503756600003,25.800989264000066],[88.22400113300012,25.797632526000143],[88.23154869800015,25.79749658600008],[88.23111211800006,25.802826477999986],[88.23523157900013,25.808139537000045],[88.24406929500003,25.809411113000067],[88.24886007400005,25.812111704000188],[88.25839943000005,25.811025679000124],[88.26941049300012,25.807634216000054],[88.27190960200005,25.791872526000134],[88.268438753,25.78071832700016],[88.27874460700008,25.774117350000097],[88.29037318100018,25.773774872000047],[88.29158421699998,25.76720908100009],[88.29923945100012,25.764111993000142],[88.299263839,25.76049895600005],[88.31328926900017,25.75509207800019],[88.31720063700016,25.751835458000187],[88.31506003600003,25.74672357500009],[88.32040323700011,25.745047471000134],[88.320099643,25.738483052000106],[88.32834833500004,25.740360957000178],[88.33775743900014,25.73779868800017],[88.3440782630002,25.729653118000158],[88.34773448200008,25.73079247300018],[88.35907573300011,25.72658859700016],[88.3569375510001,25.721400554000127],[88.36462792800006,25.71959121700013],[88.37485282100005,25.712469727999974],[88.37023634600013,25.701194201000078],[88.37354969400019,25.697841207000124],[88.38132163500006,25.697239320000165],[88.39154464100005,25.693145407000088],[88.39036092600008,25.68407951000006],[88.4014745840002,25.68595091900005],[88.4050892910002,25.683437811000147],[88.40173916900011,25.67244559700015],[88.415431958,25.669726272000105],[88.42073727900015,25.670327737000036],[88.43871891800018,25.66785794200007],[88.44370263500014,25.66503796300009],[88.45412844300017,25.663943508000045],[88.45515781300008,25.65518349600012],[88.45382794200009,25.646278869000128],[88.45594171700009,25.64398098200013],[88.45358520700017,25.627048404000163],[88.44730692600018,25.621725119000132],[88.44505959800006,25.61445605900019],[88.44799457500017,25.601184120000084],[88.45741438300007,25.598834893000173],[88.45755005300015,25.59606914900013],[88.46587335200019,25.59197660500007],[88.46857418400003,25.584059979000187],[88.48395330000011,25.586267379],[88.49984579300008,25.58400711800016],[88.49871705700014,25.57276643500012],[88.49386961000005,25.564685831000133],[88.49368323800007,25.559169796000162],[88.50000686599998,25.550759274000086],[88.5072600580001,25.547222015000045],[88.51401491200016,25.547620266000024],[88.51932896300008,25.544520892000094],[88.51806833100005,25.53856286000007],[88.52456702200016,25.536682823000035],[88.527065735,25.54325141000004],[88.53229681300013,25.54222924200002],[88.53264661700013,25.53543453500015],[88.53915736200014,25.534761532000175],[88.54034146600009,25.52981212800006],[88.53730697500009,25.52102413],[88.54065488400005,25.511229875000083],[88.54763970100004,25.511407600000155],[88.54765335700012,25.518023459000176],[88.55979385199998,25.5127892860001],[88.56752803500018,25.514208099000143],[88.57229203700018,25.509164663000092],[88.584115445,25.509703698000067],[88.59818075800018,25.50654565000002],[88.60285092400005,25.515492599000027],[88.60914519700015,25.51638086100013],[88.6096635470002,25.511467350000146],[88.61979861700019,25.503893165000022],[88.6236148970001,25.496863986000108],[88.64054063500004,25.50001044300012],[88.64486253100006,25.498283049],[88.64426678200005,25.49006351100013],[88.64643875500008,25.477971302000128],[88.65284305800003,25.481063968000058],[88.66045215100013,25.481881919000102],[88.6633078640001,25.473611491999975],[88.66957032500017,25.474955036000154],[88.67817255600005,25.47408699900018],[88.68459735700009,25.475842192000187],[88.69391267700007,25.474194095000144],[88.70710965100005,25.47697228600009],[88.71001916799997,25.480788446000133],[88.70815528100007,25.491371538000067],[88.71324681100015,25.49890814800017],[88.73213574200008,25.504492400000174],[88.74212724900019,25.504294050000112],[88.74620921400015,25.492620516000045],[88.7535406180001,25.494301485000108],[88.76473385700018,25.49449551700019],[88.7692707830002,25.50025589500018],[88.75999713600004,25.512051070000098],[88.76135120600014,25.515450701000134],[88.75960739200008,25.52576751700019],[88.76700570899999,25.52528595800004],[88.76787283900018,25.522105971000087],[88.77655850700012,25.516298511000116],[88.78628734100005,25.51684215000006],[88.79221995900008,25.52274884600007],[88.80389908500007,25.524934906000112],[88.81040492400007,25.52304884600005],[88.80749415600008,25.51459415200003],[88.80990425100009,25.51163635299997],[88.80916792300013,25.499659859000076],[88.81299998100013,25.489905473000192],[88.81797184700008,25.48810591100016],[88.82951781900005,25.490142063],[88.83736730900011,25.472344490000125],[88.83519361600008,25.463790015000143],[88.83902139000008,25.45921988800012],[88.83827200899998,25.45439905300009],[88.83045659400005,25.449720753000065],[88.8258887720001,25.443530803000044],[88.82839111900012,25.436844232000055],[88.83311355200016,25.43587956300007],[88.83461858800013,25.427537080000036],[88.83041895800011,25.417896448000135],[88.8206485890002,25.415892859000166],[88.81404221899999,25.41027761500004],[88.823023778,25.40943557700001],[88.82466915700019,25.40084147800013],[88.83774244500006,25.401954435000107],[88.84178784400018,25.393268441000146],[88.83781081300003,25.391185127000085],[88.84041819200019,25.384006986000088],[88.8384472090001,25.36859622300011],[88.84136244600018,25.363953224000113],[88.84651892700003,25.36200272500008],[88.85443196900019,25.363288016000126],[88.85749281700015,25.354275522000137],[88.8629801130001,25.35536542400007],[88.86949138300008,25.35271573600005],[88.86720016400017,25.343124555000088],[88.87627918600015,25.336911781000083],[88.87812023200007,25.331781211000134],[88.8856803070002,25.325700715000096],[88.88835446000002,25.329770692000125],[88.88812680800004,25.33684592300017],[88.89786833900001,25.33650602500012],[88.90674167400016,25.337894988000187],[88.90759157100018,25.326302720000058],[88.91637794700011,25.312312914000017],[88.92438486800012,25.312263199000085],[88.928749449,25.305398543000024],[88.9446266720002,25.301260035999974],[88.96692110300017,25.302165129000173],[88.97471944500006,25.301413648000107],[88.97600536900006,25.305601122000155],[88.98454244200008,25.30543893400005],[88.98646231200013,25.301065913000173],[88.9926850010001,25.295808036000096],[89.00103416500008,25.295993500000122],[89.00868588500009,25.298164891000113],[89.00624640300003,25.274539891000074],[89.00674910800018,25.268572236000068],[89.02006010399998,25.266399946000092],[89.02692694100017,25.27060419700007],[89.03141002700005,25.276638788000128],[89.04029196500005,25.268565063000096],[89.04613115100017,25.265553262000026],[89.05767318400012,25.26454687500018],[89.05843239700016,25.260832144],[89.06605267100002,25.261723657000175],[89.06582135800016,25.267385412000124],[89.07181203900018,25.26946048000019],[89.08360464100014,25.25865975300013],[89.08565702700014,25.25277585500004],[89.09395119400011,25.25131670000019],[89.0966157970002,25.244964569000103],[89.1006464830001,25.24240882500004],[89.1108219240001,25.241836060000026],[89.11291110100007,25.244936920000043],[89.121306242,25.244336928000166],[89.12437943300017,25.25443504300017],[89.133434024,25.24652162899997],[89.14465078600011,25.248374982000144],[89.14386201100012,25.257718315000034],[89.15616220200008,25.258606356000087],[89.15825675400004,25.254249973000128],[89.16474669000019,25.252669015000038],[89.16394495300005,25.248124559000132],[89.17019777800004,25.242154746000097],[89.17633843300018,25.241227396000113],[89.177557144,25.236391739000112],[89.1910956430001,25.238917346000108],[89.19319456500006,25.24540871300013],[89.1974167360001,25.243869633000145],[89.19706882900016,25.23807484600019],[89.2004863640002,25.233667719000152],[89.20816799300013,25.234565546000113],[89.20789003200014,25.22824061900019],[89.19294083500017,25.21465725200011],[89.194062616,25.20946420300004],[89.19335217100013,25.19535955500004],[89.184542105,25.1842898000001],[89.19580193200005,25.183527410000124],[89.19705634700017,25.172505962000173],[89.20807860100018,25.169797550000055],[89.21724097000003,25.162739400000135],[89.22034312300013,25.15773715100005],[89.21569104100013,25.14763695000005],[89.2296757090001,25.146520585000133],[89.23675545300006,25.13014447000012],[89.2422820970001,25.125556026000027],[89.24843469900009,25.115051082000036],[89.25123312400007,25.10159178900011],[89.26283187100006,25.100825858000064],[89.26363742800004,25.098432262000074],[89.2753457410002,25.09563176900008],[89.28061681400015,25.091945882],[89.28381656700014,25.09598220300012],[89.28349071100018,25.10153891400006],[89.28857291500003,25.105807721000076],[89.28918803800002,25.111506666000025],[89.29536799900006,25.11433336500005],[89.30173035900015,25.12045906800006],[89.30888051500006,25.117638931000045],[89.31973682600011,25.11700056600006],[89.32451953400005,25.122079534000193],[89.33457894200012,25.122296614],[89.33784626200008,25.11254469100004],[89.34286318900018,25.109986528000036],[89.33947970900016,25.102333880000117],[89.34711588600004,25.101186943000187],[89.3556909720001,25.089690100000098],[89.3619868900002,25.088897773000156],[89.358400653,25.08214998700015],[89.36336830900018,25.068063258000166],[89.37253624900006,25.067325653000125],[89.3839059720001,25.06134980600018],[89.39081814700012,25.055088447000173],[89.39398112900017,25.06847810000005],[89.40399143700012,25.06760652400004],[89.3999842090002,25.07817208299997],[89.41002530100019,25.076401684000132],[89.41352070300007,25.081576577000135],[89.43062664299998,25.07150847500003],[89.45565629400016,25.07409259600007],[89.45459733300004,25.06468544300003],[89.46168537500012,25.060521041000072],[89.46482003500017,25.05470752100007],[89.47421684300014,25.055890252000154],[89.47568444700005,25.061639015000026],[89.48038823200017,25.060400271],[89.48770596000003,25.062202500000183],[89.49261191900018,25.05947172900011],[89.49565181400004,25.051623035000148],[89.50243192400006,25.050846670000112],[89.50536224100017,25.04670453900013],[89.51165204200004,25.04402513300016],[89.5231327680001,25.042730379000147],[89.53219719900005,25.044235740999966],[89.55424530500017,25.038945964999982],[89.56819383800007,25.040538206],[89.57821988800009,25.043330458000128],[89.59763011500019,25.044770528000072],[89.60348533600012,25.049721658000124],[89.61267061100011,25.04954721000007],[89.63680353900008,25.03674814600015],[89.64335664800006,25.036125083000172],[89.64838320000013,25.042848890000073],[89.65550063000018,25.04666114600019],[89.65635453900018,25.06164592000016],[89.65344579300006,25.07006921500016],[89.65343185400002,25.07817371700014],[89.64469237300017,25.08227212600002],[89.63911071400014,25.090092940000034],[89.64346017899999,25.095458759000167],[89.64573749700014,25.106098050000185],[89.65041615300004,25.106307833000017],[89.65046542300018,25.11993549400006],[89.64878387300013,25.120988127000032],[89.65290235200013,25.14473041300016],[89.66552507900013,25.15988379700002],[89.67423238200013,25.17288046200008],[89.67594962400011,25.183384773000114],[89.68602355100012,25.2048342490001],[89.69478665700007,25.216624181000043],[89.69884209400016,25.22940873700003],[89.70104409700014,25.232093115000055],[89.71036563500013,25.235163244000148],[89.7174551060001,25.235682689000043],[89.7354067010001,25.233711070000084],[89.73832258100015,25.239688949000083],[89.74041674700004,25.250318681000124],[89.75162645500006,25.251732977000074],[89.75064536399998,25.260766561000025],[89.75157276800019,25.26986696100016],[89.75587031100002,25.275857185],[89.7564397880002,25.28143172800003],[89.74422611900007,25.302624125000136],[89.74292237700007,25.31937156600003],[89.73641763300009,25.321180478000088],[89.73091636400011,25.333382203999975],[89.72904321100009,25.34080645500012],[89.7193692130001,25.35613810100017],[89.73056216300017,25.36263168500011],[89.73838940900015,25.36991316400014],[89.74343894400005,25.380433644000163],[89.74832413000013,25.382563440000183],[89.77128186000004,25.384826958000076],[89.77691700600019,25.38758173000008],[89.78024083300011,25.408828874],[89.77764805600009,25.41501090200012],[89.769565145,25.417199645000096],[89.77236442000009,25.423909179000134],[89.77026086600011,25.42803285700012],[89.76509569500007,25.429115125000123],[89.76671050000016,25.435092817000168],[89.7862936590002,25.430688620000183],[89.79540053800008,25.42389707700005],[89.82566675100009,25.41529727600016]]],[[[88.92731069700017,26.33172319600004],[88.92123166500011,26.335239300000183],[88.9186305880001,26.326175433000117],[88.92344334500012,26.311998559000017],[88.92808870000016,26.308060818000115],[88.92379958700013,26.301223459000028],[88.92539754000006,26.29318200500012],[88.93588175800016,26.291901348000124],[88.94273185300017,26.28675379599997],[88.94739274800008,26.27844565800001],[88.95104344800018,26.275806693999982],[88.97018136100013,26.278245308000123],[88.97390467800005,26.284406921000084],[88.9806721380001,26.28335591300015],[88.98258745300006,26.300982090000048],[88.97457238700014,26.296494231000054],[88.96151578900003,26.295235628000114],[88.9615614240002,26.305571425999972],[88.95316126100016,26.30484450600005],[88.95449047800008,26.309372992000135],[88.952041033,26.31718286299997],[88.94739440800004,26.317947854000124],[88.93624125900016,26.31321134400008],[88.93557574500016,26.320467586000063],[88.94028515400015,26.3219041480001],[88.94003961800007,26.332709454999986],[88.93666255800008,26.334027431000152],[88.92731069700017,26.33172319600004]]]]},"properties":{"adm1_name":"Rangpur","adm1_pcode":"BD55"}},
{"type":"Feature","geometry":{"type":"Polygon","coordinates":[[[91.30347730600016,23.9961569030001],[91.31230719900003,23.990733144000103],[91.31702684300006,23.989981516000114],[91.32438342400008,23.993704272000116],[91.33448126100006,23.989340712],[91.34087264100009,23.981864037000037],[91.34746927200013,23.983499473000165],[91.3517771170001,23.981833801000164],[91.35857608700007,23.983539216000167],[91.3670457610001,23.980323580000174],[91.37423009300016,23.974687532000132],[91.38011367900009,23.97800537200004],[91.37642461400014,23.98640306600015],[91.378645532,23.991038360000175],[91.37392449300012,23.997176349000085],[91.37321385200005,24.002517506000117],[91.39092037800009,24.024981477000097],[91.39653544900011,24.04214241500017],[91.39640080800007,24.04941088200019],[91.37731671300014,24.079158542000187],[91.3742366840001,24.106864535000113],[91.38409381600013,24.10681394100004],[91.39968452200014,24.11065881700017],[91.42819003100016,24.107496280000078],[91.43171000100006,24.09902228800007],[91.4382219090001,24.10124805999999],[91.44326304700013,24.095879459000173],[91.45077029800018,24.099682355000027],[91.45332184000006,24.09684971200005],[91.46295031000005,24.094619953000063],[91.46755355200008,24.09755353100013],[91.47692938500018,24.098833539000168],[91.48827981500017,24.09396229200007],[91.49919741800011,24.085624659000075],[91.50759123200004,24.085309597000105],[91.53265991100011,24.07817044500007],[91.54660501299998,24.0735444],[91.55977876600014,24.076275372],[91.57358621200018,24.073621351999975],[91.57621628200019,24.078486217999966],[91.58697483700013,24.071498698000028],[91.59285052500007,24.073645424],[91.59506391500008,24.081340616999967],[91.59981452600016,24.08451914799997],[91.59418354400015,24.088537549000023],[91.6008648740002,24.095880078000107],[91.61025930200014,24.091157009000028],[91.6243856170002,24.095386971000096],[91.63000286,24.099374740000087],[91.63749689000014,24.100175018000073],[91.64244033800003,24.11312921000001],[91.63992078300004,24.127657922000083],[91.63605980100016,24.1368509080001],[91.64825142799998,24.15621016400013],[91.64616822900001,24.16911563700006],[91.6472326760001,24.178339154000184],[91.65433894000012,24.175657173000047],[91.65769480400013,24.17857789700014],[91.65968256200011,24.190285635],[91.65321970700012,24.196015156000044],[91.65283973700014,24.20600594700005],[91.64891506400005,24.215495642],[91.65791932600001,24.22594658300011],[91.66886625500013,24.230362007000053],[91.66810350700007,24.209180456000126],[91.6768184770001,24.199849869],[91.68001873900005,24.193439812000122],[91.68117290600009,24.17551035800011],[91.68549697600008,24.16550310700012],[91.692899721,24.15986348000007],[91.69844222800003,24.163314315000036],[91.70359704900017,24.163114606000136],[91.70630844900012,24.154745628000114],[91.72092792400014,24.152220227000157],[91.7283170890002,24.143827425999973],[91.73657786800004,24.145762987000182],[91.73777238600013,24.143049618000134],[91.74865180900014,24.141458081000167],[91.75941856700013,24.142395276000173],[91.75541198200017,24.172402769000087],[91.75538368500008,24.17838271000005],[91.7507648240001,24.216597894000074],[91.74614865000007,24.24731411500005],[91.7760833540001,24.22992961400007],[91.79306848100009,24.220827790000158],[91.80773773500005,24.221017722000056],[91.81370888400016,24.213235928000074],[91.82410644200019,24.21089658300008],[91.8327993210001,24.21923054400014],[91.83924204100009,24.22057941300011],[91.83884549300012,24.22724303000018],[91.84432651600002,24.226689151000073],[91.8493963360001,24.22191230100009],[91.85540032600005,24.212966122000182],[91.84519500100004,24.19988308799998],[91.8473406710001,24.19325017100016],[91.84543747500004,24.190273374000185],[91.85110161000017,24.183125999000026],[91.86110530900004,24.183354039000108],[91.866571443,24.17726493800012],[91.87333930400018,24.175017249000064],[91.87449582400012,24.163024001000167],[91.87876813300005,24.151899800000024],[91.87831213900012,24.147043375000067],[91.88350888100007,24.14353932200015],[91.88409963100008,24.13949838900004],[91.89091717800011,24.137231351000025],[91.89679809500007,24.139806076000184],[91.90552119400019,24.139541660000134],[91.91303930600014,24.155735455000183],[91.91164802000014,24.168487922999986],[91.91785943100007,24.19181002900001],[91.92623157899999,24.219002494999984],[91.9370570270001,24.256913753000106],[91.93994896400017,24.269022510000013],[91.92911909800011,24.306570087000182],[91.92591948100011,24.314497124000127],[91.91970041900015,24.336738691],[91.940314462,24.342945284999985],[91.942525676,24.348686144000112],[91.94965425900017,24.351052634000155],[91.95603821500009,24.356610884000133],[91.9637952970001,24.35092656400019],[91.97127625700006,24.343166693],[91.97259998300012,24.33578462100013],[91.9765284450001,24.329828965000104],[91.98138266200004,24.32854231000016],[91.98508387600003,24.32365250600003],[91.99584648300015,24.32332850800003],[91.99506754800007,24.332728140000086],[91.99631764800012,24.339600244000053],[91.97804452400004,24.35851921000011],[91.98002922800015,24.36465735500002],[91.97625712700005,24.373272175000125],[91.97065091000007,24.375238880999973],[91.97558604900013,24.382769644],[91.98778997400012,24.379621638000174],[91.98817243000013,24.38457537000005],[91.99502596200017,24.38921828400015],[91.99651356900006,24.394177725000077],[92.00428922600014,24.388719044000027],[92.00911351700006,24.3826559150001],[92.02343911800011,24.386882216000117],[92.02878457200006,24.380881512000144],[92.03578120200007,24.38104043100003],[92.03985583000002,24.3778190270001],[92.0494113950001,24.376647322000053],[92.08465186600012,24.376200345000143],[92.09064107900014,24.37299643200015],[92.09658100500008,24.37451679200018],[92.10296612100012,24.383537347000015],[92.11028319900015,24.38125311000016],[92.12209397500004,24.385170889],[92.11890307000004,24.390873695000096],[92.12675708800015,24.39868539200006],[92.13127945800005,24.40716647700009],[92.13323201700018,24.41760878900004],[92.13811988900017,24.42627853],[92.14728682000003,24.422544411000047],[92.15387321700007,24.426616997000053],[92.16368409400013,24.420419505999973],[92.16736224400017,24.42604290100013],[92.16724139200011,24.432059203],[92.16349568800018,24.441192248000107],[92.16403743900014,24.446208297999988],[92.1596723190001,24.454763354000136],[92.16110250900016,24.457085542000073],[92.15795038800019,24.466855466000027],[92.15436623300019,24.47245854],[92.15166261400009,24.49055435000014],[92.15202274500012,24.501892259000044],[92.15873233600007,24.506452339000077],[92.15347315900004,24.511269169000172],[92.15728119000005,24.513877863],[92.15558703200003,24.51921474000011],[92.16022037200008,24.527832842000123],[92.16793415700016,24.532036505],[92.17503000100004,24.525394709000068],[92.19050163800017,24.517359886000065],[92.20213187900015,24.507404973],[92.22250926800012,24.500207151000097],[92.22944814500005,24.50079086900007],[92.23271182100007,24.569481957000164],[92.23487604400003,24.575360337000177],[92.23346186300017,24.579527011000096],[92.23868961000005,24.6046777090001],[92.24461704400005,24.617929040000035],[92.24421378800008,24.62834995300011],[92.24843648200005,24.638230061000115],[92.24969781900006,24.649783735000028],[92.24640753700015,24.65605931000016],[92.2511753870001,24.660605205000138],[92.25795121900012,24.674161180000112],[92.26018070700019,24.68699543500003],[92.2662669980001,24.691311],[92.28042045500013,24.71453681600019],[92.29032313100004,24.7263936600001],[92.29626020600017,24.73691593200016],[92.2830481220002,24.74192003200011],[92.28057301500013,24.748465996000107],[92.28766607500006,24.756335169000124],[92.28961943100006,24.761107507000077],[92.28331591000011,24.764442087000134],[92.28358973100012,24.773193797000033],[92.286765769,24.776798849000045],[92.28892219700009,24.787464723000028],[92.2819736080001,24.790066741000032],[92.2797417650001,24.79667670000009],[92.27383637300017,24.79931437300013],[92.27658755300007,24.815428014000133],[92.27337597700006,24.821262988000115],[92.27361128000007,24.82741108300013],[92.26909795900013,24.82975440600012],[92.26091572200016,24.829905508000024],[92.25367406200019,24.832054945000152],[92.25316931200013,24.838525704000062],[92.24299580600001,24.840296846000058],[92.24016052700017,24.857837801000016],[92.2360244090001,24.86385296600008],[92.23884345500011,24.868272193000053],[92.24568928200011,24.866946232000032],[92.24739542200007,24.88495594799997],[92.23597811800005,24.893120691999968],[92.2365924180001,24.90423104900009],[92.24689824600017,24.908800704999976],[92.25896107900019,24.906857724000076],[92.26572410900002,24.907382947000087],[92.2730265190001,24.905087360000152],[92.2824791880002,24.906714415000067],[92.2856215380001,24.91204834800004],[92.29464792900012,24.915141160000132],[92.30181699000008,24.91380302099998],[92.30614362700004,24.908685848000175],[92.30669176600014,24.900628029000075],[92.31568253600011,24.894558318000122],[92.32208236900004,24.89651457700006],[92.32668304600008,24.894477377000044],[92.32777136500016,24.88882567900015],[92.33967036700005,24.87800423500005],[92.3487928420002,24.88915958700005],[92.35405924399998,24.87912058600017],[92.36024523100014,24.877912630000026],[92.36284224200017,24.87220755900006],[92.37389432700007,24.872742978000076],[92.3770485080002,24.863199471000087],[92.38232514200018,24.85957483600015],[92.38591971400007,24.851795542000048],[92.39898522800019,24.84972006400011],[92.40226019700015,24.850746035000157],[92.40574756500007,24.85913379500016],[92.41688349800012,24.857588747000023],[92.42614369500012,24.852963911000188],[92.43774064600012,24.85694050800015],[92.44429428500013,24.872394025000062],[92.46461583400014,24.8723531280001],[92.47525386300009,24.868374953000057],[92.48028401600016,24.87302093300002],[92.48654419200017,24.87178402000012],[92.49281466800011,24.875657480000143],[92.49099185000006,24.891318151000178],[92.49672359800002,24.902628467],[92.49309338200004,24.90569250300007],[92.49435697700005,24.916481827000155],[92.48784946700005,24.92032496900015],[92.48402998100005,24.931724931000133],[92.48802657500016,24.944386647999977],[92.4852005030001,24.94757025100006],[92.47635252500004,24.942457947000037],[92.46403429100008,24.94193795600006],[92.4524853160001,24.938678478000043],[92.44796534000005,24.943913350000116],[92.45158918700014,24.95234813600007],[92.46706631500012,24.958034781000094],[92.46893972400017,24.962175853000076],[92.46152990700017,24.969593634000034],[92.45651638300012,24.970265413000106],[92.44996957500007,24.96651708100012],[92.42419708200003,24.96557622400013],[92.41976671000015,24.96968065200008],[92.42258049100013,24.987639266000087],[92.41662931700017,24.992100107000113],[92.42285248700011,25.005889657000125],[92.42554992300018,25.019637155000055],[92.42548985100018,25.02775913100004],[92.4131526340002,25.02892581700013],[92.40442675700018,25.032445260000088],[92.39856363000013,25.032819859000085],[92.3919283670001,25.039833977000114],[92.37912568300004,25.039367196000114],[92.37606486400017,25.04275469900017],[92.36732196300005,25.04251862900003],[92.36665543600003,25.04763349000018],[92.36060798100016,25.046775254000067],[92.35005316100012,25.049431644000094],[92.34693007100014,25.047802182999988],[92.33953314900009,25.049936273000185],[92.33948594400016,25.05322254100014],[92.34738629000014,25.059361961000093],[92.34832938600005,25.073348806000126],[92.33818644700006,25.07590996000016],[92.33209160000013,25.079057869999986],[92.32208581000003,25.078101228000094],[92.31111182800015,25.069286957000088],[92.30058377900008,25.071260333999987],[92.28616245800009,25.077242059000127],[92.2785334580002,25.077910038000084],[92.26676070600007,25.083276082000168],[92.25454237600007,25.08583626400008],[92.23948759300009,25.093136637000043],[92.22741448300019,25.094349768000143],[92.2232454440001,25.098623241000155],[92.22259032200009,25.10388653700005],[92.20726844000012,25.108678437000094],[92.20344135300013,25.106620886000087],[92.19628869300004,25.10815099700011],[92.20041457300016,25.119905711000172],[92.20897710300005,25.122655541000142],[92.19741517900013,25.126302737000117],[92.1929922270001,25.134241793000115],[92.1887745370002,25.129637382000055],[92.18323173800013,25.117997981000087],[92.17911147500001,25.12407043700017],[92.17180434400018,25.12773653199997],[92.16414931800011,25.125544472000172],[92.15887788300012,25.132971461000125],[92.14285257000012,25.135720404000153],[92.1344222410001,25.143440520000127],[92.13625015300016,25.152770515000157],[92.13017536300009,25.16135912600015],[92.12088269499998,25.163920825000105],[92.10232090400012,25.175042873],[92.09215884800005,25.177477532000125],[92.08175804000012,25.18256205199998],[92.06237037200003,25.187047052000025],[92.04053480300018,25.186129004000065],[92.02537879900007,25.179338957000027],[92.01872014800011,25.18274749500017],[92.0163633210002,25.187451258000067],[92.00261785900011,25.18603792800019],[91.99468179800016,25.181836864000047],[91.98457697300012,25.17299503400011],[91.97802253100008,25.17266077],[91.97155909100019,25.17586150300008],[91.9564308730001,25.178242467000075],[91.94779440600001,25.177616172000057],[91.92111924300013,25.181682091000084],[91.907018058,25.179822041000023],[91.89853280700004,25.180432214000177],[91.89499849700019,25.176785204000055],[91.88478838700007,25.17747534400013],[91.88087410800011,25.17348072900006],[91.87516058700015,25.176925117000167],[91.86134611200015,25.172892598000033],[91.84790165900017,25.174058690000038],[91.84312354400015,25.176564840000083],[91.83286407300011,25.17817286899998],[91.8233651290002,25.176990219],[91.81721692700006,25.171615232000192],[91.80537077500014,25.17179408800007],[91.80496658300007,25.16838868800005],[91.79686187600015,25.168694964000167],[91.78118649400005,25.166261800000086],[91.77533979400005,25.163479171000176],[91.76632549100015,25.167685789000075],[91.75873577000004,25.16837429300017],[91.75481984900011,25.173885073000122],[91.74803607300015,25.174380666000047],[91.74458109200003,25.168020451000018],[91.74920046400013,25.160863002000156],[91.7484590970002,25.15617709600002],[91.74366547700004,25.15105030900014],[91.74283596000004,25.142123258000026],[91.73637210200008,25.143884078000042],[91.73249855800003,25.150552798999968],[91.7167497160001,25.152869164000094],[91.71550694900003,25.156964363000043],[91.70303001200006,25.1586251760001],[91.70360685500009,25.15333245000005],[91.69792196300006,25.14586358700012],[91.69479743200009,25.145721067000068],[91.69183420700017,25.137313406000146],[91.68058534600016,25.135288177000177],[91.6760741220001,25.138210330000106],[91.66406845300014,25.135449805],[91.65179016600007,25.127454787000033],[91.64547802200002,25.127062305000095],[91.63779479900018,25.122996544000046],[91.62723514700008,25.12558896300004],[91.62288120200014,25.128293379000127],[91.62316943000019,25.1372014480001],[91.6209828710002,25.143617638000023],[91.61128458800005,25.14615893400014],[91.60218043100002,25.142197075000183],[91.5996146220001,25.15152206000016],[91.60374957800013,25.159183267000174],[91.60449395400008,25.167975847000093],[91.61545361200007,25.170578745000114],[91.6108061920001,25.17706339700004],[91.60579920200007,25.17417788400013],[91.59130329000004,25.174311909000096],[91.58918739900002,25.172244515000102],[91.57759974100014,25.172228554000128],[91.56703414100008,25.159373315000096],[91.56297814100009,25.160553813000035],[91.55751115700014,25.15541086900015],[91.55445989000003,25.14912957000007],[91.52649012200004,25.144617188000154],[91.51656288100014,25.14788378900016],[91.50901265800007,25.1474101500001],[91.50221657500009,25.143766101000153],[91.50024208200006,25.13575713700004],[91.48909700800016,25.135580656000116],[91.48238906100016,25.13702936300018],[91.47888770900005,25.13429922900002],[91.47049925100015,25.13400125200019],[91.46631761700019,25.15177117000019],[91.44977765900018,25.149548102999972],[91.44072261000014,25.14975272500004],[91.43280635600007,25.15685077400019],[91.42523564700014,25.156946419000178],[91.41423732000004,25.170424016000027],[91.4106010380001,25.163903569000126],[91.40641682400013,25.166121663000126],[91.39952117400014,25.16516898300017],[91.38906370000012,25.167262936000157],[91.38435657000002,25.169841983000083],[91.3748929100002,25.168162730000176],[91.36084212600008,25.176990002000082],[91.35365205900018,25.171590989000038],[91.35145118700018,25.17563364200015],[91.3378242330001,25.173362443000087],[91.33438036799998,25.176639570000077],[91.32748904000005,25.176216228000044],[91.31894203799999,25.183231696000178],[91.30559724400001,25.182273311000188],[91.2930678670001,25.183403663999968],[91.28859041600009,25.18608608500017],[91.28932181000005,25.19382015900004],[91.2772881190001,25.197292541000138],[91.26776885400005,25.205696196000076],[91.26051674600006,25.20408888200018],[91.25955876200004,25.199785486000053],[91.24718547500004,25.197107019000043],[91.2314588960001,25.19694760200008],[91.22590611600003,25.199781599],[91.19808238900015,25.201779430000045],[91.18148821500006,25.198502007],[91.16476154300005,25.196336641000073],[91.15070497000005,25.19680560500018],[91.13225971500009,25.193783048000114],[91.10877948600017,25.194940656000142],[91.09346095900008,25.196720692000156],[91.08648666300013,25.196042933000115],[91.07510704200018,25.198383547000162],[91.07155687500011,25.19190895700001],[91.05701221800012,25.19211405900012],[91.0379658870001,25.18623231900017],[91.0262931920002,25.18527235900018],[91.00246931200002,25.181258205],[90.98403619800007,25.175593698000057],[90.97268814100016,25.17577707700019],[90.9624543320001,25.17202139400007],[90.96794442400017,25.160791188000076],[90.95971737700006,25.149148522000075],[90.95177801300008,25.149854439000137],[90.94956542100016,25.13852906799997],[90.95323565600012,25.136026728000047],[90.95760208900003,25.127733759000023],[90.95658627700016,25.12004890300011],[90.9492141090002,25.11513422600018],[90.9480429100002,25.111649308000153],[90.96507298100016,25.095741209000096],[90.97148878600018,25.094453169000076],[90.96946843300003,25.080390636000175],[90.97371732600016,25.07233952300004],[90.96682226900015,25.069580727000016],[90.962380064,25.072609868000143],[90.95631958400003,25.069888055000092],[90.94404616600008,25.08106925200019],[90.93361544800018,25.073604037000052],[90.93552955000007,25.06453692200006],[90.93074146800006,25.06378727400005],[90.92950706500017,25.05235003900009],[90.93885162300006,25.04382540300014],[90.95188518900005,25.043166789000168],[90.95638155500012,25.03675579600008],[90.94505050300012,25.028524971000024],[90.93885359500007,25.02797050600003],[90.93539821900015,25.023303316000067],[90.93679999400007,25.00942847700003],[90.94129885100006,25.004449214000033],[90.94803953100018,25.005076892000147],[90.94769039800013,24.99557248100001],[90.94138083200016,24.990174034],[90.94083446700017,24.985432061000154],[90.9454385630001,24.98203908500011],[90.94435537400011,24.975205494000193],[90.94868765700016,24.971092160000183],[90.95979360400008,24.97250150600007],[90.96606102500004,24.967528172000186],[90.96770785500007,24.962528236000026],[90.97255472000006,24.960293267999987],[90.97306337500015,24.955063659000132],[90.96997838200008,24.947701503000076],[90.9631903340001,24.941227903000026],[90.95524970600019,24.94185594300012],[90.95530843300014,24.927742131000116],[90.95667904900006,24.921199878000152],[90.95446627000018,24.918204686000138],[90.95825548700009,24.912798280000118],[90.96325552800016,24.910508477000064],[90.96870771800008,24.914394596000022],[90.98092964900013,24.916754132],[90.98648216500004,24.914036515000134],[90.99445484500012,24.913433951],[90.99669860400007,24.91034516700006],[90.99677278900003,24.902016461000187],[90.99877389700009,24.89400221000011],[91.00606535500015,24.89184238600012],[91.01519456800008,24.89388462100004],[91.02341982900003,24.88809645600014],[91.03024307300007,24.89008132100014],[91.03927594000004,24.89973072500004],[91.03770807600017,24.905153015000167],[91.0460553440002,24.907787974000144],[91.05443422900004,24.900777966000135],[91.05796797500005,24.90350942100008],[91.07447344900004,24.902921874000015],[91.08770638500016,24.889897039000175],[91.09182037000011,24.890526199000192],[91.10128278400003,24.885846779000076],[91.10797777700003,24.874243164000177],[91.10250352300005,24.86665094500006],[91.10886517000017,24.862111339000137],[91.1098550430001,24.85588672200015],[91.11399228900012,24.848663401000124],[91.12396485800002,24.846947484],[91.12857192100012,24.841320845000155],[91.12195005500007,24.840469949000067],[91.11781025300019,24.83527927500012],[91.11624803900008,24.825626399999976],[91.11321944600019,24.818824409000058],[91.1185190990002,24.807769314000097],[91.13104878100006,24.80081671199997],[91.13293368400014,24.79348279900006],[91.14194046400019,24.797940713000173],[91.14320508700013,24.80276381600015],[91.15272271100014,24.811734465000143],[91.14949709600012,24.81987512],[91.14290132100018,24.82458522600018],[91.14558972500004,24.831258231000106],[91.15471264500013,24.840288115000135],[91.16386528600003,24.831111008000107],[91.17059068100008,24.82880928100019],[91.17255260900004,24.814454149000085],[91.17082045000018,24.806541555000024],[91.16111545299998,24.797591594000153],[91.16077065800016,24.792964069000163],[91.16943833600004,24.791955201000178],[91.17121556600017,24.780671712000128],[91.16823801600003,24.77620925800005],[91.16053583000007,24.771374813000136],[91.16061441,24.766129936000084],[91.15411855800005,24.767462415000068],[91.14577685799998,24.762399574000142],[91.15155504400008,24.756921348],[91.15141711500013,24.751881299],[91.15913366300015,24.752571309000075],[91.158848653,24.74389775700007],[91.15528168800006,24.743783074000078],[91.1514235790001,24.749565000000132],[91.14657938100004,24.74760872700017],[91.14676157200012,24.742736166000157],[91.15213557100003,24.733138093000093],[91.14347263900004,24.730050605000088],[91.14350911000014,24.725919628000156],[91.15031654600011,24.726100087000077],[91.16037697500019,24.723518314000046],[91.16389096600005,24.71912949],[91.16986824500015,24.730084017000024],[91.17710000000017,24.729562362000138],[91.18563486400006,24.72584241900006],[91.19321565700017,24.718090863000157],[91.20261341800011,24.716151077000063],[91.21328709500017,24.716223142000047],[91.22155208900011,24.723423025000102],[91.2214284860001,24.728293504000135],[91.22977556400008,24.72680530000008],[91.22649508100017,24.706254870000066],[91.22154880700003,24.70384129400003],[91.23587036600009,24.695111582000152],[91.24250965600015,24.694018306000146],[91.24341259100015,24.683102497000107],[91.23385774600018,24.675663762000056],[91.2244031800002,24.67894909600011],[91.2262175350001,24.671204503000126],[91.23301425199998,24.670410643000025],[91.23158251000018,24.65857712200011],[91.22490087200015,24.655532140000048],[91.21247551000005,24.655213011000058],[91.20887695500011,24.651171645000147],[91.20762280100007,24.639494388],[91.2020152830001,24.635028729000112],[91.19461677700008,24.632192949000114],[91.19334813400019,24.625672922000035],[91.17973718800005,24.631874572000186],[91.1807909370001,24.625235238000073],[91.17744350700008,24.620675262000077],[91.17997689600014,24.617165305000185],[91.19340275000008,24.613883001000033],[91.20094792100008,24.610046059000183],[91.20012697400011,24.602941276000024],[91.20528716000018,24.595814271],[91.19978752300017,24.593690210000034],[91.204147192,24.588652629000023],[91.20666625600006,24.57839603000008],[91.217180015,24.57855360400015],[91.22499636200007,24.5770002430001],[91.23393492300005,24.570574518000058],[91.22583965800004,24.561644493000017],[91.22692384900012,24.55459636300003],[91.22082565300002,24.538018808],[91.21514241699998,24.525632222000127],[91.18749962400017,24.49733661199997],[91.18199727200016,24.49371343000007],[91.17537388600016,24.501585281000075],[91.17052833000014,24.500442414000076],[91.15703986600005,24.489113800000155],[91.15083580700013,24.480580553000095],[91.15682085300011,24.476865409000027],[91.16308026300004,24.48316578100014],[91.17089469400008,24.483954271000187],[91.19384410900011,24.480137623000076],[91.18618325100005,24.474138547],[91.18482923500011,24.46961588500011],[91.19020872800013,24.464475923000066],[91.19926178800011,24.465354809000132],[91.2035914020002,24.476922212000034],[91.20871570399999,24.479915508999966],[91.2233801480001,24.484366821000037],[91.22860030200019,24.480831965000164],[91.23354112600009,24.472332532000053],[91.23841666500016,24.458232407000025],[91.23897762000013,24.44201380500016],[91.24315572500007,24.430255850000094],[91.24024153900018,24.427399079000054],[91.23185085400019,24.433337380000182],[91.22431213100003,24.43469218700011],[91.21833035200007,24.43301793200004],[91.22054295200019,24.419477233000123],[91.21630706800016,24.41125299400005],[91.21600818000013,24.403150561000132],[91.22124428500001,24.404373115000055],[91.220708334,24.411450531000128],[91.2280251410001,24.40720757600019],[91.23240407800012,24.409662126000057],[91.23924501700014,24.407766340000023],[91.24277572100004,24.40313414900004],[91.24553069600017,24.393966622999983],[91.25640133600007,24.382127652],[91.25306150900002,24.37788618600007],[91.2443411270001,24.380980983000086],[91.23756066400011,24.372159592],[91.23130533500012,24.367268621999983],[91.21996558100011,24.36777571300013],[91.21412057600008,24.363953070000093],[91.21550153000015,24.35957472800004],[91.22333215200001,24.352349762000188],[91.2351674470001,24.336958444000174],[91.23902728400014,24.32466582300009],[91.23852287000017,24.319472885000152],[91.2346909310001,24.316198932000077],[91.22702339500017,24.316825506000043],[91.20419006000003,24.32142429000004],[91.18603278400013,24.32280444100013],[91.1729462190001,24.319704770000044],[91.16940637400006,24.31492776900012],[91.15884226000014,24.29065297200009],[91.16345397800012,24.284914835000052],[91.17981282200009,24.28929727500008],[91.18704134000006,24.29279002100003],[91.19755993800015,24.293396056],[91.19814375600015,24.28670878900016],[91.19339513000017,24.277701964000187],[91.18809997699998,24.273011375000124],[91.17527979,24.26551884900016],[91.18162704800011,24.25613335500003],[91.19610531400008,24.240277454000022],[91.20481414300002,24.23996266600011],[91.20983416200016,24.237518425000076],[91.23029130800012,24.23400632000005],[91.23392749200008,24.235385655000186],[91.24687138700017,24.22972409700003],[91.25836110900013,24.2266404290001],[91.27445999700006,24.225165473000118],[91.288458274,24.22812930000015],[91.28164688900017,24.232559824000077],[91.2863768810002,24.241062762000183],[91.28483942800011,24.244877589000055],[91.29280544900007,24.253479350000077],[91.29413437300008,24.259121107000112],[91.30248035900019,24.266856660000087],[91.30748738200009,24.269012586000088],[91.32154678900014,24.265628805000176],[91.32554587900012,24.260746944000118],[91.32788553100005,24.242516787000113],[91.32369439400009,24.23686867200007],[91.32400938400008,24.231142915000135],[91.314748157,24.232033674000036],[91.31433825400012,24.228558242000076],[91.30762332200015,24.227338265000128],[91.30656638900018,24.222073551999983],[91.29946839200011,24.223274395000146],[91.29760919700016,24.214413288000173],[91.29100014599999,24.215124172],[91.28505245300005,24.219012444000043],[91.28317877300009,24.21197766900019],[91.27677548900016,24.20431036700012],[91.27700827400014,24.200375610000094],[91.2866970120001,24.196474180000052],[91.29807547300004,24.19999664700009],[91.30028840800009,24.203533533000154],[91.3133161500001,24.20523012900003],[91.31523844000014,24.196946161000085],[91.31507262100001,24.189118174000157],[91.30803244900017,24.192422960000044],[91.2971014150001,24.18771215800018],[91.28506002600005,24.187547757000175],[91.28407055600007,24.182128735000106],[91.2775466290002,24.182774429000062],[91.27584202000008,24.172027131999982],[91.27737500700005,24.168925838000064],[91.27519339800011,24.158071256000085],[91.26854402200007,24.159655125000143],[91.26821536700015,24.14942953800005],[91.26186772000011,24.148058715000047],[91.26208930800016,24.14293876200003],[91.27096500100009,24.142854579000073],[91.27230862300007,24.12429144200007],[91.284725955,24.118477873000188],[91.28408394600012,24.112006051000094],[91.27125023000013,24.114206238000122],[91.26989620200004,24.097939709000116],[91.27981225800016,24.090860493000037],[91.28137809700013,24.094192415],[91.29254300400015,24.094638815],[91.29278188200016,24.087992503000066],[91.28886175700012,24.086808721000182],[91.28851143300005,24.078948230000037],[91.28472523100015,24.07408320100012],[91.28563856300002,24.063028748000193],[91.2924087290001,24.06260597],[91.30420777500007,24.057286142],[91.30413523300012,24.045300824000094],[91.31269696600003,24.041233847000115],[91.3135802290002,24.031577025000104],[91.30993325800017,24.026812977000134],[91.30886960100014,24.017473063000068],[91.30224375800003,24.013924012000132],[91.29590992900006,24.00740725300011],[91.29612663900008,24.000712002000114],[91.30347730600016,23.9961569030001]]]},"properties":{"adm1_name":"Sylhet","adm1_pcode":"BD60"}}
]}