{"type":"FeatureCollection", "features": [
{"type":"Feature","geometry":{"type":"Polygon","coordinates":[[[90.23405626200008,22.45372309100003],[90.23218285600018,22.463229066000054],[90.24236441100015,22.473223944000154],[90.24551556200004,22.480057711000086],[90.23499944000014,22.48301845700007],[90.21676513800008,22.473384410000108],[90.19046515600007,22.47738586100013],[90.18093609400012,22.46883704900017],[90.17677958400014,22.459570493000115],[90.17753533200016,22.44625123800006],[90.17639419900013,22.43247556400013],[90.16394878200003,22.423935256000163],[90.14655350400017,22.410064936000026],[90.12300234300011,22.37879491500007],[90.11728826500018,22.36702992900007],[90.11219447600013,22.36153174100008],[90.09894257600007,22.352869654000074],[90.09465561600007,22.344856647000086],[90.08849585400009,22.345038247],[90.0760281920002,22.352807945],[90.0713317740001,22.341760226000133],[90.06261276600009,22.342461721000177],[90.05079412500015,22.33539048700004],[90.04934640599998,22.33135150600009],[90.05348171100013,22.32378935400004],[90.05393943900015,22.31564560200013],[90.04900555400008,22.312808686999972],[90.04111778100014,22.316818231000127],[90.03902021300013,22.30315801200004],[90.03145520400011,22.3035899140001],[90.02987025400006,22.29619939300011],[90.02289897700012,22.290659640000115],[90.0237586880001,22.286165685000185],[90.01923646900013,22.273856034000175],[90.0271690740002,22.256644428000186],[90.01766263200005,22.234320527000023],[90.01715066500003,22.228114784000013],[89.99580245200019,22.227938537000114],[89.9960851240001,22.218730892000053],[89.99901184800018,22.211459466000065],[89.99172636900016,22.211115047000078],[89.9889702010002,22.19936864800013],[89.98406594000005,22.20021851000007],[89.97990701200018,22.20629364500013],[89.9743530130001,22.200912525000035],[89.96815619100005,22.207222568000134],[89.96192107700017,22.206039990000022],[89.96792093700009,22.18977945500012],[89.95639981200014,22.180155185000103],[89.95791130500004,22.170755318000147],[89.9552488290002,22.168297482000185],[89.94024557000006,22.174352256000077],[89.93638449500008,22.16496737199998],[89.92902222600009,22.159084017],[89.92164097699998,22.157122814],[89.89013107800014,22.15701710500008],[89.89613889700007,22.12629200200007],[89.89671153400013,22.11265490000011],[89.89545423700008,22.10059086600006],[89.89180505600007,22.088658495000118],[89.8783249990002,22.05783469199997],[89.87861925400011,22.045286339000086],[89.88550486600013,22.037008792999984],[89.89085395200004,22.01494787100006],[89.89628135300018,22.01111397300008],[89.90159744300018,21.998019566000153],[89.90519410000013,21.970041442000024],[89.9096849880001,21.965334690000134],[89.95426657000019,21.96647344900009],[89.96660884700009,21.969870467000135],[89.97754649400008,21.975677762000032],[89.98334311200011,21.981173743000113],[90.00446024300004,21.982861514000092],[90.02633526700004,21.986717227000156],[90.03047073400018,21.98529582700013],[90.03035973400006,21.975957748000155],[90.0403715280001,21.976055822999967],[90.05495167400016,21.97077538400015],[90.04940411800015,21.964909176000106],[90.03115239200008,21.957252303000075],[90.02202649800012,21.95044393800015],[90.01335836000004,21.934275486000104],[90.00879425000005,21.915121988000067],[90.0074247980001,21.891288585999973],[90.00924777900019,21.877244061000113],[90.01790925000017,21.860219691000168],[90.0279385730002,21.853833005000013],[90.04024656500019,21.849150472000076],[90.07846804700017,21.845033326000134],[90.09093448400006,21.845577969000033],[90.09573351699999,21.85404530699998],[90.10327726800006,21.878822943000046],[90.11685564300006,21.902344682000148],[90.11434040600005,21.916492458000107],[90.1163072380001,21.925202734000152],[90.12347775700016,21.927361302],[90.14137307700008,21.926626377000048],[90.145455002,21.934320317000186],[90.13567004200007,21.949536196000167],[90.13598733200007,21.9576196430001],[90.15685393000012,21.981709809999984],[90.16201468800006,21.983195497999986],[90.17021112800006,21.977269564000153],[90.19016409700009,21.980342383999982],[90.19016986900004,21.984674444000177],[90.17600399900016,22.002831613000126],[90.18370290000007,22.010954243000015],[90.17633275600014,22.018470023000134],[90.17638876000012,22.021885009000073],[90.19730301700014,22.01905556400004],[90.20681019100005,22.026935480000077],[90.20753759000007,22.030302162000112],[90.20311476800003,22.04137495500015],[90.20900747000019,22.047237691000078],[90.19548983400011,22.051633850000144],[90.18918040600016,22.055458714000054],[90.18263527900012,22.063791414000093],[90.18383445400013,22.072738700000173],[90.18167373300014,22.082249708],[90.19462134400004,22.088330298000074],[90.20320294400005,22.0849201690001],[90.20760419600009,22.07791559000009],[90.20100669100015,22.071317149000095],[90.20448208400006,22.06657695399997],[90.21202102400014,22.067818629000158],[90.21716946400016,22.05862158000008],[90.224305303,22.05939138200017],[90.23355049100007,22.056979805000026],[90.22314162300017,22.04152034100008],[90.2385820400001,22.0387857610001],[90.22852135600004,22.034772992],[90.21894030200014,22.033536059000085],[90.22118689600018,22.028324088000033],[90.23955619800006,22.028810701000054],[90.23844634800008,22.022806647000152],[90.24603347300013,22.0168785190001],[90.25137406800013,22.025964205000093],[90.2554591820001,22.02798494300015],[90.27085557800018,22.02627478900007],[90.28056344400017,22.03704785400015],[90.2822488560002,22.041878385000018],[90.2805898150001,22.05042329800017],[90.28724451000016,22.052121524000142],[90.28527176600016,22.06091321100007],[90.2913146050002,22.073051381000028],[90.30263187500009,22.074885146000156],[90.31582192000013,22.08133855500006],[90.31229993900013,22.088635367000165],[90.32607990000014,22.089730982000162],[90.3342889770002,22.09874917600007],[90.33369863400009,22.10948995800004],[90.3388296760001,22.111437587000182],[90.3443721880002,22.128051400000174],[90.33743789300013,22.134170141000084],[90.33871560800009,22.14766724800012],[90.33619333900003,22.15727817300018],[90.34212006800004,22.17165334400005],[90.35629882800009,22.18241211600008],[90.36248041200014,22.18078812599998],[90.37267541900019,22.19072310600012],[90.37376776700012,22.195716105000145],[90.36522716200005,22.19643165600013],[90.3552994530001,22.194502223000086],[90.34904319400016,22.203342072000055],[90.35750581000013,22.203694114000086],[90.36473861400009,22.212906512000075],[90.35977996600019,22.23114457700018],[90.35442658200009,22.229692792000037],[90.34366277400011,22.236843866000186],[90.33762982000013,22.242942327000037],[90.32884657400012,22.24520348600015],[90.33210739800006,22.254752762000123],[90.32903344800013,22.257861594000133],[90.32024585800008,22.256585002000065],[90.30827667000005,22.251605463000033],[90.3009152520001,22.24246535100019],[90.28916605000018,22.241510975999972],[90.28670716300019,22.244175908000045],[90.28951507800008,22.25614535200009],[90.27894346600004,22.25430957000009],[90.27060917500017,22.262976922000064],[90.25773512800015,22.259690586000147],[90.2462902690001,22.261738777000062],[90.23795645100012,22.247050906000084],[90.23604607300013,22.238334754999983],[90.22444456900018,22.234255038000015],[90.22578924800013,22.228950486000087],[90.23218940400017,22.226402848000134],[90.22274835900015,22.213236599000084],[90.21533638000017,22.223093790000064],[90.21036999800015,22.220644009000182],[90.19871680700004,22.228473308000048],[90.1837864520001,22.232246863000057],[90.17137040300014,22.242207156000063],[90.16010375400009,22.2470900240001],[90.15374786400014,22.256882131],[90.15651540800019,22.262297784000054],[90.14913538600007,22.26868516600007],[90.1438273010001,22.284176901000137],[90.14747939,22.30786586300013],[90.15678336700006,22.304864748000057],[90.15994946400008,22.308454983],[90.15839557000015,22.317716588999986],[90.15028476600014,22.316721321999978],[90.14908145300012,22.32336275299997],[90.13887615200014,22.32978920400012],[90.14441405300016,22.334858838],[90.14940672800014,22.328949270000123],[90.16632955600005,22.32658848000017],[90.1709000190001,22.331051891000072],[90.16570005400018,22.336860680000086],[90.17666448600005,22.338965650000034],[90.18140767000006,22.35096434999997],[90.17904037500006,22.36132087800013],[90.18597380600005,22.364619047000076],[90.18664616500018,22.391858461000083],[90.19417903800002,22.401037695000184],[90.19564552100013,22.410619018000034],[90.20540786700019,22.415583911000056],[90.21321399600009,22.41528452100016],[90.21489270300015,22.421261550000054],[90.22653304200003,22.43752272600011],[90.22417807500017,22.444030514000133],[90.23405626200008,22.45372309100003]]]},"properties":{"adm2_name":"Barguna","adm2_pcode":"BD1004","adm1_pcode":"BD10"}},
{"type":"Feature","geometry":{"type":"Polygon","coordinates":[[[90.54483049600003,23.08013315200003],[90.5160954100001,23.080759794000187],[90.51477265400007,23.069425298000112],[90.51632076499999,23.057945931],[90.50679575800018,23.061375466000186],[90.50165128300006,23.05827544600004],[90.50620214700018,23.047353419000046],[90.51110253900009,23.04227684300014],[90.50075414800017,23.03988905300008],[90.49515308600019,23.033436694000102],[90.49335341500006,23.0209900590001],[90.48958193900006,23.020769168000015],[90.47472524300008,23.013368800000023],[90.45687782800013,23.012956097000085],[90.45345286899999,23.018250861000126],[90.44355722200004,23.016329485000142],[90.41880345300012,23.00669066300003],[90.41526131300014,23.007510726000078],[90.41161177000009,23.021390836000137],[90.41885329600007,23.030268285000034],[90.42499223300007,23.034471424000117],[90.42582072500005,23.041310763000126],[90.41312262800005,23.04588460100001],[90.40994334100014,23.043942153000046],[90.40229950500009,23.04870888300013],[90.39596367600012,23.049413214000026],[90.3845137780001,23.056176881],[90.37833194100011,23.054453224000156],[90.36942999200016,23.058781992000036],[90.35264729100004,23.055006028000037],[90.34952478800005,23.05619406200009],[90.33087649100008,23.057429572000046],[90.31216883300016,23.053280443000176],[90.31057273300007,23.049787701000014],[90.31160275400009,23.034607344000165],[90.32154769300007,23.02029017300009],[90.3284655970001,23.014282426000136],[90.32994738800005,23.002642228000184],[90.32798851800015,22.993324915000073],[90.3225850300002,22.985030408000114],[90.31625436900015,22.981456099000013],[90.2922260150001,22.97607105800006],[90.28989889000002,22.974222995],[90.27500313000019,22.97630427400003],[90.25695387400015,22.96611436300003],[90.25822532300009,22.974180833000105],[90.25062741600004,22.97859725100011],[90.24412517700017,22.97618768700005],[90.2354002850002,22.966345595000178],[90.22923516300006,22.985498269000175],[90.22881335700015,22.99255449700013],[90.23274048100018,23.006373178000104],[90.23241232800012,23.03184261700011],[90.23784297200007,23.045865499000058],[90.23529104900018,23.050358440000082],[90.22680255700004,23.055518829000107],[90.22037085500011,23.06897601600008],[90.21436603799998,23.074419343000045],[90.20455149100019,23.068012408000072],[90.19954010800006,23.059911800000066],[90.1805516600001,23.064072359000136],[90.17904462100006,23.06710949600017],[90.16288862900018,23.07071502700012],[90.15655869500011,23.066428889000065],[90.15771621900012,23.062268966000033],[90.15317471000014,23.054852170000117],[90.1463180360002,23.055539843000076],[90.13662984299998,23.053038904000175],[90.13551659100011,23.04977003100015],[90.13637830900018,23.044349158000102],[90.12730845700003,23.026138624000055],[90.12965341500006,23.02409968699999],[90.12637909200015,23.005129905000047],[90.09415512300018,23.006570590000138],[90.08743659700008,22.988699519000022],[90.08283748600013,22.983383543000173],[90.07747600200008,22.983031690000075],[90.0690430140001,22.967613194000137],[90.05908908100008,22.971250934000068],[90.05697295300018,22.947141321000117],[90.06108664300018,22.942885011000044],[90.05671709100011,22.931632207000177],[90.03591233000009,22.934116641],[90.03284599900013,22.91816183500009],[90.02212512900002,22.898838666000074],[90.02308079700009,22.892280162000134],[90.01724254800007,22.874995147],[90.01827904200007,22.868624095000087],[90.03532536200004,22.867302747],[90.03530341900012,22.834717977000082],[90.03245196700004,22.823896284000057],[90.03391509300013,22.817096893000155],[90.0426483780002,22.823185735000152],[90.05432531100013,22.826594293000085],[90.05225449000011,22.819138567000152],[90.0547920750002,22.813867370000025],[90.05062707900004,22.809499671000026],[90.06264941900014,22.805032772000175],[90.06790147500004,22.799673657000028],[90.0702413360001,22.79066964100008],[90.07672768200018,22.78237628900007],[90.08981613400005,22.784251371000153],[90.10037468400009,22.78154572300008],[90.09776522900006,22.77539729800003],[90.10593340800011,22.773400155000104],[90.107897078,22.77703490199997],[90.11667296000013,22.77624957],[90.12157204200014,22.76998195300007],[90.14049811300015,22.76584931400015],[90.141739541,22.75645316900011],[90.15068697200019,22.755519476000075],[90.15704866200008,22.75866701100017],[90.16529906000005,22.757315826000024],[90.16345099000006,22.750044042000184],[90.17070520400006,22.745573488000105],[90.1756402630001,22.751216744000033],[90.17460479900006,22.756933916000037],[90.184145,22.760705428000165],[90.17957892800013,22.76570915100018],[90.18107584200015,22.775078056999973],[90.18917131600011,22.78546084100003],[90.19730444300006,22.784809598000038],[90.20163837900003,22.780451318000075],[90.20528621300002,22.771614910000096],[90.21848959100004,22.768834437000123],[90.21690932700005,22.760134911000137],[90.22505200800009,22.75200914500016],[90.23215150400006,22.75103463800008],[90.24314649000013,22.756640387000175],[90.248707195,22.75376047200018],[90.25650990600019,22.75419078200008],[90.26617824500016,22.742214389000083],[90.2653897670001,22.737382688000082],[90.27293611100015,22.7321551280001],[90.27462099200017,22.719248686000185],[90.26874046800015,22.714814095000122],[90.2730209730002,22.70564072400009],[90.27258172,22.690664543000025],[90.28763640700015,22.6812639850001],[90.29707316600019,22.686037821000014],[90.30122440600007,22.68522377300019],[90.31847054299999,22.675302637000186],[90.32110147800017,22.670684003000133],[90.31486881000018,22.658658415000048],[90.32121928700008,22.64516290400013],[90.32561516400006,22.645569923000153],[90.32382029600006,22.660776981000026],[90.33559892100004,22.65943833800003],[90.346962431,22.651810014000148],[90.35600873200008,22.64886844700004],[90.3661504850001,22.651962236000145],[90.37059609300007,22.650345809000044],[90.37421608900013,22.640585404000092],[90.37172282200015,22.63267486799998],[90.36386826000006,22.630226192000066],[90.3514567700002,22.636849135000148],[90.34251646700005,22.62431093900011],[90.35911678200017,22.621836633000044],[90.36467813600007,22.6168470020001],[90.37978759200001,22.60771723],[90.38435123700009,22.597335623000163],[90.38265927200013,22.59061854200013],[90.37631301600015,22.589441079000153],[90.36358999400011,22.595273443000053],[90.35416099100001,22.607056810000074],[90.34669030400016,22.612365147000105],[90.3418289380001,22.60504939000009],[90.32586361900013,22.604401784000117],[90.3253215110002,22.595935038],[90.33695013300013,22.58066409500009],[90.32856652000004,22.579818799000122],[90.30897672900016,22.56802862500018],[90.30361409100004,22.557090807000066],[90.28915991600019,22.56249355900019],[90.27793034700017,22.556954690999987],[90.2818529860001,22.552114742000185],[90.28000687100001,22.541266013999973],[90.27006755600019,22.539008720000083],[90.26095340700004,22.527720082000087],[90.24950536500018,22.519528653000066],[90.23680240900018,22.515597975000105],[90.2289252290002,22.507790254000042],[90.20963075500015,22.501996811000083],[90.19988345100012,22.492599118999976],[90.19046515600007,22.47738586100013],[90.21676513800008,22.473384410000108],[90.23499944000014,22.48301845700007],[90.24551556200004,22.480057711000086],[90.24236441100015,22.473223944000154],[90.23218285600018,22.463229066000054],[90.23405626200008,22.45372309100003],[90.25003156600008,22.45757291200016],[90.2572603160001,22.461498114],[90.26733420500005,22.461854385000095],[90.27317644600004,22.471515473000068],[90.27718018200017,22.469462448000115],[90.29588299500017,22.46784378500007],[90.29781597800019,22.475629736000087],[90.31029888000006,22.473907821000125],[90.31379145400018,22.4811349900001],[90.31921936700013,22.481379543],[90.3254212390001,22.47716410800018],[90.33020158400012,22.46904191600015],[90.33934555200017,22.467941125000095],[90.35018585300008,22.480649099000175],[90.3512295050001,22.489575123000066],[90.35982851400007,22.48995979800003],[90.3637745960001,22.5007803150001],[90.37042240900007,22.500159897000117],[90.39411319000016,22.483470972000134],[90.40381705000016,22.481684463000192],[90.41240265600015,22.477434880000033],[90.42015774200019,22.470729800000186],[90.42674593100003,22.45992831700005],[90.43148881100007,22.46319951600009],[90.4421065520001,22.483758914000134],[90.43824377600004,22.497116950000134],[90.44436673700017,22.514018256000043],[90.45771914000011,22.531743532000064],[90.46340969500017,22.533732745000066],[90.47086741800018,22.52949233200013],[90.47912658000018,22.530443606000176],[90.49139405200003,22.534643445000142],[90.49978652800019,22.54385466100001],[90.50839051100007,22.54120784800017],[90.50909265900003,22.532454214000097],[90.51853819200005,22.533456160000014],[90.53113706800013,22.547019813000077],[90.52932699200011,22.551020924000113],[90.51639983100017,22.550889050000023],[90.52076511600012,22.55870537400017],[90.53149918300016,22.559356359000105],[90.545500554,22.565488487000152],[90.54522944900009,22.571833283000046],[90.53572065400016,22.582080054000073],[90.54180722000012,22.59310777100012],[90.5564162440001,22.593480143000022],[90.5550647450001,22.598225203000027],[90.53765523100009,22.61338186300003],[90.53010241100009,22.616502727000125],[90.52962124600015,22.632326598000134],[90.53953592000016,22.64051978900011],[90.5429565,22.64602950200009],[90.54115887000017,22.670271718000038],[90.53496150600006,22.676064744000087],[90.52363132400012,22.67850971700011],[90.52267922300013,22.68644804300004],[90.53446134400002,22.68740262100016],[90.54264921999999,22.691708549999987],[90.54947258800007,22.68859035000014],[90.56837060400011,22.71967854000019],[90.57059703000016,22.730585275000124],[90.56887967700004,22.746528165000143],[90.564217288,22.75477008200005],[90.5595101340001,22.767848957000126],[90.56707200400012,22.789470788000074],[90.5785163320001,22.790041706000068],[90.58470079,22.797991088],[90.58376894399998,22.806437107000136],[90.60277108399998,22.812987815000156],[90.61016018800012,22.82338412100006],[90.61493584400006,22.82624963699999],[90.63817314900007,22.82984381900002],[90.63819884400016,22.835353996000038],[90.65256570800011,22.838750040000036],[90.66649184200003,22.851106233000166],[90.67201806800006,22.86450717200006],[90.68141973299998,22.871481517000063],[90.68151969900009,22.87429942900019],[90.66797374600009,22.883033253],[90.66252232900013,22.884060965000117],[90.6633951610001,22.895642352000152],[90.66062784500008,22.903033957000048],[90.67354693800007,22.900019129000157],[90.6945007610002,22.901121295000053],[90.69910686800017,22.903746108000064],[90.70154151999998,22.91174269000004],[90.69420563000017,22.92475537200005],[90.67578550100012,22.94234546299998],[90.65757937900008,22.97793322200016],[90.65177034000004,22.983006697000064],[90.63717859100018,22.99883324700005],[90.617619386,23.002460717000133],[90.6149838820001,23.00467504600016],[90.59538698600011,23.030342926000117],[90.57136902300016,23.04943935299997],[90.5538821610001,23.06825651600002],[90.54483049600003,23.08013315200003]]]},"properties":{"adm2_name":"Barishal","adm2_pcode":"BD1006","adm1_pcode":"BD10"}},
{"type":"Feature","geometry":{"type":"Polygon","coordinates":[[[90.93147243300007,22.493449556000087],[90.91943605700015,22.515397236000126],[90.89490900599998,22.55482976200011],[90.8722636550001,22.57801399500005],[90.84468196800015,22.60345435300019],[90.826542093,22.623150850000115],[90.81663486400015,22.63644428000015],[90.78905784300008,22.65406393000012],[90.78346108300008,22.661044723000145],[90.77900573700003,22.674408546000166],[90.7765877220001,22.70113828900014],[90.77283738100004,22.71953222200017],[90.77316336400008,22.726748154000177],[90.77025732800018,22.76228736000013],[90.76617350600014,22.77892796600014],[90.75548542300015,22.78967416],[90.74701637400011,22.795039084],[90.72941354000005,22.802073832000133],[90.72511146900018,22.80566832900007],[90.71914822000019,22.815738182000075],[90.7175719060001,22.82697349400013],[90.71749352300014,22.860800645999973],[90.7161408140002,22.86847001600006],[90.69175055800008,22.867914006000035],[90.68005074100006,22.859247468000092],[90.67201806800006,22.86450717200006],[90.66649184200003,22.851106233000166],[90.65256570800011,22.838750040000036],[90.63819884400016,22.835353996000038],[90.63817314900007,22.82984381900002],[90.61493584400006,22.82624963699999],[90.61016018800012,22.82338412100006],[90.60277108399998,22.812987815000156],[90.58376894399998,22.806437107000136],[90.58470079,22.797991088],[90.5785163320001,22.790041706000068],[90.56707200400012,22.789470788000074],[90.5595101340001,22.767848957000126],[90.564217288,22.75477008200005],[90.56887967700004,22.746528165000143],[90.57059703000016,22.730585275000124],[90.56837060400011,22.71967854000019],[90.54947258800007,22.68859035000014],[90.54264921999999,22.691708549999987],[90.53446134400002,22.68740262100016],[90.52267922300013,22.68644804300004],[90.52363132400012,22.67850971700011],[90.53496150600006,22.676064744000087],[90.54115887000017,22.670271718000038],[90.5429565,22.64602950200009],[90.53953592000016,22.64051978900011],[90.52962124600015,22.632326598000134],[90.53010241100009,22.616502727000125],[90.53765523100009,22.61338186300003],[90.5550647450001,22.598225203000027],[90.5564162440001,22.593480143000022],[90.5764579480001,22.57188240100004],[90.58491058900006,22.56102508700019],[90.58714971200015,22.55304024800006],[90.59587363400004,22.536596341000063],[90.60059907200008,22.532635600000162],[90.60214130500003,22.523736232000147],[90.61458818600005,22.501044148],[90.62398008600013,22.47843033000015],[90.63401271000015,22.471812863000025],[90.64264383500011,22.45884929600004],[90.65515540400014,22.452656104000084],[90.65737376900012,22.441461170000025],[90.66437114700017,22.41796082800016],[90.66033593800017,22.40640213400019],[90.66172483700007,22.38565055600003],[90.6621955170001,22.36128465800016],[90.66378450400003,22.342664124000123],[90.66330632000012,22.324971194000113],[90.65925191500008,22.301974147000067],[90.65382221700008,22.279716451000183],[90.64381999500011,22.27067965400005],[90.63020637700009,22.262506272000053],[90.6241309350001,22.248868206000168],[90.61817222900004,22.23917047600014],[90.61158167600013,22.224264551000033],[90.60342942100004,22.210229106000043],[90.59814270200019,22.203845783000077],[90.58320042600002,22.17752968600007],[90.57897680700006,22.166871022000123],[90.57152549300014,22.157854215000043],[90.57473893700006,22.14701784600004],[90.58478452600019,22.142040512000165],[90.58505034300009,22.13550430400005],[90.58134289500009,22.123059566000165],[90.585577791,22.111363346000132],[90.58475384900004,22.08888261300001],[90.57856577600006,22.072103377000133],[90.57835212800018,22.0596437640001],[90.58158614500013,22.03342188700003],[90.58677347800011,22.02656676500004],[90.59409474900019,22.004126530000065],[90.58584789600008,21.98848632900018],[90.58839165500012,21.985804449000113],[90.61444706300017,21.976855424000178],[90.61880745700017,21.96802616700012],[90.61767682600015,21.951391627000135],[90.61142867600012,21.93766260400008],[90.59972067800004,21.922586861000127],[90.59897133700014,21.918639346000077],[90.60202158900006,21.89698878700011],[90.59605942800016,21.894776746000105],[90.59616375000007,21.870815036000124],[90.59346277100013,21.847834577000015],[90.59526642500015,21.844340805000115],[90.80270023400004,21.839694577000103],[90.85741606600004,21.838527058000068],[90.8565537240001,21.977940265000143],[90.85577961100012,22.048806309000042],[90.95622516300011,22.027563443000076],[90.96193957200018,22.049041261000127],[90.97369795300006,22.076429242000188],[90.97906690900004,22.09208615700004],[90.99311559200004,22.12155672000017],[91.0060901290002,22.149839635000035],[91.01097734100011,22.166451169000084],[91.01711906600013,22.17820826400009],[91.02130978300005,22.191879196],[91.01928571600018,22.210083893000046],[91.01957029900018,22.228151161000085],[91.01613368800014,22.242871687000047],[91.01507916200012,22.256860234999976],[91.02367076600012,22.29430651300015],[91.0225875980002,22.30427989400016],[91.01244728900008,22.320927297000082],[91.00914127800019,22.332706963000078],[91.00902128799999,22.33989652500003],[91.00087360600014,22.368000290000168],[90.99059015900008,22.389167848000113],[90.97129040900018,22.422038081000096],[90.95576466900008,22.45304449800011],[90.94596253300011,22.471012784000152],[90.93147243300007,22.493449556000087]]]},"properties":{"adm2_name":"Bhola","adm2_pcode":"BD1009","adm1_pcode":"BD10"}},
{"type":"Feature","geometry":{"type":"Polygon","coordinates":[[[90.19046515600007,22.47738586100013],[90.19988345100012,22.492599118999976],[90.20963075500015,22.501996811000083],[90.2289252290002,22.507790254000042],[90.23680240900018,22.515597975000105],[90.24950536500018,22.519528653000066],[90.26095340700004,22.527720082000087],[90.27006755600019,22.539008720000083],[90.28000687100001,22.541266013999973],[90.2818529860001,22.552114742000185],[90.27793034700017,22.556954690999987],[90.28915991600019,22.56249355900019],[90.30361409100004,22.557090807000066],[90.30897672900016,22.56802862500018],[90.32856652000004,22.579818799000122],[90.33695013300013,22.58066409500009],[90.3253215110002,22.595935038],[90.32586361900013,22.604401784000117],[90.3418289380001,22.60504939000009],[90.34669030400016,22.612365147000105],[90.35416099100001,22.607056810000074],[90.36358999400011,22.595273443000053],[90.37631301600015,22.589441079000153],[90.38265927200013,22.59061854200013],[90.38435123700009,22.597335623000163],[90.37978759200001,22.60771723],[90.36467813600007,22.6168470020001],[90.35911678200017,22.621836633000044],[90.34251646700005,22.62431093900011],[90.3514567700002,22.636849135000148],[90.36386826000006,22.630226192000066],[90.37172282200015,22.63267486799998],[90.37421608900013,22.640585404000092],[90.37059609300007,22.650345809000044],[90.3661504850001,22.651962236000145],[90.35600873200008,22.64886844700004],[90.346962431,22.651810014000148],[90.33559892100004,22.65943833800003],[90.32382029600006,22.660776981000026],[90.32561516400006,22.645569923000153],[90.32121928700008,22.64516290400013],[90.31486881000018,22.658658415000048],[90.32110147800017,22.670684003000133],[90.31847054299999,22.675302637000186],[90.30122440600007,22.68522377300019],[90.29707316600019,22.686037821000014],[90.28763640700015,22.6812639850001],[90.27258172,22.690664543000025],[90.2730209730002,22.70564072400009],[90.26874046800015,22.714814095000122],[90.27462099200017,22.719248686000185],[90.27293611100015,22.7321551280001],[90.2653897670001,22.737382688000082],[90.26617824500016,22.742214389000083],[90.25650990600019,22.75419078200008],[90.248707195,22.75376047200018],[90.24314649000013,22.756640387000175],[90.23215150400006,22.75103463800008],[90.22505200800009,22.75200914500016],[90.21690932700005,22.760134911000137],[90.21848959100004,22.768834437000123],[90.20528621300002,22.771614910000096],[90.20163837900003,22.780451318000075],[90.19730444300006,22.784809598000038],[90.18917131600011,22.78546084100003],[90.18107584200015,22.775078056999973],[90.17957892800013,22.76570915100018],[90.184145,22.760705428000165],[90.17460479900006,22.756933916000037],[90.1756402630001,22.751216744000033],[90.18627138800014,22.738599762000092],[90.18106975300009,22.7379011110001],[90.17745462700015,22.731466385000033],[90.15708912800005,22.71830521800007],[90.15453714000012,22.70370825400005],[90.15038735200011,22.701923524],[90.14851524100004,22.691723772000046],[90.14163111400018,22.685798099000124],[90.13782493500014,22.672740071000078],[90.1124772180001,22.66337358400017],[90.10320668200006,22.65817634300015],[90.09806977200014,22.652661340000066],[90.09673722100013,22.638837583000168],[90.10169550800009,22.631896520000055],[90.09854725500014,22.62770089300011],[90.10632482700004,22.61760866000003],[90.11012844700019,22.609630272],[90.10124618600003,22.596737185000052],[90.09529641400019,22.59186472900012],[90.07486325200006,22.587735668000164],[90.06268682800015,22.594627498000023],[90.05600690100016,22.57867137100004],[90.0589228020001,22.57374724400006],[90.05906313800017,22.56069423000008],[90.06450573900008,22.55291583900015],[90.06289281600016,22.53454162200012],[90.06518502800009,22.517088910000098],[90.06366633500011,22.505839935000097],[90.07467191800004,22.505196055000113],[90.06985368300008,22.498551446000192],[90.07775862300008,22.49455483900016],[90.07748214700013,22.48672469100012],[90.08477229900006,22.48614510400006],[90.08890396900017,22.494323178000116],[90.10114949900014,22.497319766000032],[90.11104956500003,22.49137113000012],[90.1129817710002,22.499229372000116],[90.11848674200013,22.501718802000084],[90.12357331900006,22.49781681000013],[90.12304653600012,22.488930010000104],[90.13065354900004,22.48999555100005],[90.1329876440002,22.485198841],[90.12355439900011,22.46787457300013],[90.11042936000013,22.457706709000092],[90.10681082200006,22.458835681000096],[90.10114551500016,22.44371406099998],[90.0960192760001,22.44444768900013],[90.0773979390001,22.43958281300013],[90.07596730100005,22.45085349100009],[90.06842943200013,22.452315865000116],[90.0579413960001,22.460525152000173],[90.05633633700006,22.452758691000156],[90.06163320700011,22.44971840000005],[90.06009392200019,22.44189712500014],[90.05347337100017,22.440672079000024],[90.03752419700015,22.44390466700014],[90.03021626800006,22.440499565000152],[90.03004068900003,22.431743433000065],[90.02728293000001,22.427576285000043],[90.03426361600015,22.406755261],[90.03902858000004,22.40101074100005],[90.03024264400011,22.39343477300008],[90.02184624900008,22.390608213000178],[90.02158531300012,22.381329552000125],[90.01766698600005,22.37104691100012],[90.02250166700009,22.3660552770001],[90.03999408600015,22.364991383000188],[90.04574810800017,22.35839491900009],[90.0558815650001,22.35420084300017],[90.05035529999998,22.33843556500011],[90.05079412500015,22.33539048700004],[90.06261276600009,22.342461721000177],[90.0713317740001,22.341760226000133],[90.0760281920002,22.352807945],[90.08849585400009,22.345038247],[90.09465561600007,22.344856647000086],[90.09894257600007,22.352869654000074],[90.11219447600013,22.36153174100008],[90.11728826500018,22.36702992900007],[90.12300234300011,22.37879491500007],[90.14655350400017,22.410064936000026],[90.16394878200003,22.423935256000163],[90.17639419900013,22.43247556400013],[90.17753533200016,22.44625123800006],[90.17677958400014,22.459570493000115],[90.18093609400012,22.46883704900017],[90.19046515600007,22.47738586100013]]]},"properties":{"adm2_name":"Jhalokati","adm2_pcode":"BD1042","adm1_pcode":"BD10"}},
{"type":"Feature","geometry":{"type":"Polygon","coordinates":[[[90.59605942800016,21.894776746000105],[90.60202158900006,21.89698878700011],[90.59897133700014,21.918639346000077],[90.59972067800004,21.922586861000127],[90.61142867600012,21.93766260400008],[90.61767682600015,21.951391627000135],[90.61880745700017,21.96802616700012],[90.61444706300017,21.976855424000178],[90.58839165500012,21.985804449000113],[90.58584789600008,21.98848632900018],[90.59409474900019,22.004126530000065],[90.58677347800011,22.02656676500004],[90.58158614500013,22.03342188700003],[90.57835212800018,22.0596437640001],[90.57856577600006,22.072103377000133],[90.58475384900004,22.08888261300001],[90.585577791,22.111363346000132],[90.58134289500009,22.123059566000165],[90.58505034300009,22.13550430400005],[90.58478452600019,22.142040512000165],[90.57473893700006,22.14701784600004],[90.57152549300014,22.157854215000043],[90.57897680700006,22.166871022000123],[90.58320042600002,22.17752968600007],[90.59814270200019,22.203845783000077],[90.60342942100004,22.210229106000043],[90.61158167600013,22.224264551000033],[90.61817222900004,22.23917047600014],[90.6241309350001,22.248868206000168],[90.63020637700009,22.262506272000053],[90.64381999500011,22.27067965400005],[90.65382221700008,22.279716451000183],[90.65925191500008,22.301974147000067],[90.66330632000012,22.324971194000113],[90.66378450400003,22.342664124000123],[90.6621955170001,22.36128465800016],[90.66172483700007,22.38565055600003],[90.66033593800017,22.40640213400019],[90.66437114700017,22.41796082800016],[90.65737376900012,22.441461170000025],[90.65515540400014,22.452656104000084],[90.64264383500011,22.45884929600004],[90.63401271000015,22.471812863000025],[90.62398008600013,22.47843033000015],[90.61458818600005,22.501044148],[90.60214130500003,22.523736232000147],[90.60059907200008,22.532635600000162],[90.59587363400004,22.536596341000063],[90.58714971200015,22.55304024800006],[90.58491058900006,22.56102508700019],[90.5764579480001,22.57188240100004],[90.5564162440001,22.593480143000022],[90.54180722000012,22.59310777100012],[90.53572065400016,22.582080054000073],[90.54522944900009,22.571833283000046],[90.545500554,22.565488487000152],[90.53149918300016,22.559356359000105],[90.52076511600012,22.55870537400017],[90.51639983100017,22.550889050000023],[90.52932699200011,22.551020924000113],[90.53113706800013,22.547019813000077],[90.51853819200005,22.533456160000014],[90.50909265900003,22.532454214000097],[90.50839051100007,22.54120784800017],[90.49978652800019,22.54385466100001],[90.49139405200003,22.534643445000142],[90.47912658000018,22.530443606000176],[90.47086741800018,22.52949233200013],[90.46340969500017,22.533732745000066],[90.45771914000011,22.531743532000064],[90.44436673700017,22.514018256000043],[90.43824377600004,22.497116950000134],[90.4421065520001,22.483758914000134],[90.43148881100007,22.46319951600009],[90.42674593100003,22.45992831700005],[90.42015774200019,22.470729800000186],[90.41240265600015,22.477434880000033],[90.40381705000016,22.481684463000192],[90.39411319000016,22.483470972000134],[90.37042240900007,22.500159897000117],[90.3637745960001,22.5007803150001],[90.35982851400007,22.48995979800003],[90.3512295050001,22.489575123000066],[90.35018585300008,22.480649099000175],[90.33934555200017,22.467941125000095],[90.33020158400012,22.46904191600015],[90.3254212390001,22.47716410800018],[90.31921936700013,22.481379543],[90.31379145400018,22.4811349900001],[90.31029888000006,22.473907821000125],[90.29781597800019,22.475629736000087],[90.29588299500017,22.46784378500007],[90.27718018200017,22.469462448000115],[90.27317644600004,22.471515473000068],[90.26733420500005,22.461854385000095],[90.2572603160001,22.461498114],[90.25003156600008,22.45757291200016],[90.23405626200008,22.45372309100003],[90.22417807500017,22.444030514000133],[90.22653304200003,22.43752272600011],[90.21489270300015,22.421261550000054],[90.21321399600009,22.41528452100016],[90.20540786700019,22.415583911000056],[90.19564552100013,22.410619018000034],[90.19417903800002,22.401037695000184],[90.18664616500018,22.391858461000083],[90.18597380600005,22.364619047000076],[90.17904037500006,22.36132087800013],[90.18140767000006,22.35096434999997],[90.17666448600005,22.338965650000034],[90.16570005400018,22.336860680000086],[90.1709000190001,22.331051891000072],[90.16632955600005,22.32658848000017],[90.14940672800014,22.328949270000123],[90.14441405300016,22.334858838],[90.13887615200014,22.32978920400012],[90.14908145300012,22.32336275299997],[90.15028476600014,22.316721321999978],[90.15839557000015,22.317716588999986],[90.15994946400008,22.308454983],[90.15678336700006,22.304864748000057],[90.14747939,22.30786586300013],[90.1438273010001,22.284176901000137],[90.14913538600007,22.26868516600007],[90.15651540800019,22.262297784000054],[90.15374786400014,22.256882131],[90.16010375400009,22.2470900240001],[90.17137040300014,22.242207156000063],[90.1837864520001,22.232246863000057],[90.19871680700004,22.228473308000048],[90.21036999800015,22.220644009000182],[90.21533638000017,22.223093790000064],[90.22274835900015,22.213236599000084],[90.23218940400017,22.226402848000134],[90.22578924800013,22.228950486000087],[90.22444456900018,22.234255038000015],[90.23604607300013,22.238334754999983],[90.23795645100012,22.247050906000084],[90.2462902690001,22.261738777000062],[90.25773512800015,22.259690586000147],[90.27060917500017,22.262976922000064],[90.27894346600004,22.25430957000009],[90.28951507800008,22.25614535200009],[90.28670716300019,22.244175908000045],[90.28916605000018,22.241510975999972],[90.3009152520001,22.24246535100019],[90.30827667000005,22.251605463000033],[90.32024585800008,22.256585002000065],[90.32903344800013,22.257861594000133],[90.33210739800006,22.254752762000123],[90.32884657400012,22.24520348600015],[90.33762982000013,22.242942327000037],[90.34366277400011,22.236843866000186],[90.35442658200009,22.229692792000037],[90.35977996600019,22.23114457700018],[90.36473861400009,22.212906512000075],[90.35750581000013,22.203694114000086],[90.34904319400016,22.203342072000055],[90.3552994530001,22.194502223000086],[90.36522716200005,22.19643165600013],[90.37376776700012,22.195716105000145],[90.37267541900019,22.19072310600012],[90.36248041200014,22.18078812599998],[90.35629882800009,22.18241211600008],[90.34212006800004,22.17165334400005],[90.33619333900003,22.15727817300018],[90.33871560800009,22.14766724800012],[90.33743789300013,22.134170141000084],[90.3443721880002,22.128051400000174],[90.3388296760001,22.111437587000182],[90.33369863400009,22.10948995800004],[90.3342889770002,22.09874917600007],[90.32607990000014,22.089730982000162],[90.31229993900013,22.088635367000165],[90.31582192000013,22.08133855500006],[90.30263187500009,22.074885146000156],[90.2913146050002,22.073051381000028],[90.28527176600016,22.06091321100007],[90.28724451000016,22.052121524000142],[90.2805898150001,22.05042329800017],[90.2822488560002,22.041878385000018],[90.28056344400017,22.03704785400015],[90.27085557800018,22.02627478900007],[90.2554591820001,22.02798494300015],[90.25137406800013,22.025964205000093],[90.24603347300013,22.0168785190001],[90.23844634800008,22.022806647000152],[90.23955619800006,22.028810701000054],[90.22118689600018,22.028324088000033],[90.21894030200014,22.033536059000085],[90.22852135600004,22.034772992],[90.2385820400001,22.0387857610001],[90.22314162300017,22.04152034100008],[90.23355049100007,22.056979805000026],[90.224305303,22.05939138200017],[90.21716946400016,22.05862158000008],[90.21202102400014,22.067818629000158],[90.20448208400006,22.06657695399997],[90.20100669100015,22.071317149000095],[90.20760419600009,22.07791559000009],[90.20320294400005,22.0849201690001],[90.19462134400004,22.088330298000074],[90.18167373300014,22.082249708],[90.18383445400013,22.072738700000173],[90.18263527900012,22.063791414000093],[90.18918040600016,22.055458714000054],[90.19548983400011,22.051633850000144],[90.20900747000019,22.047237691000078],[90.20311476800003,22.04137495500015],[90.20753759000007,22.030302162000112],[90.20681019100005,22.026935480000077],[90.19730301700014,22.01905556400004],[90.17638876000012,22.021885009000073],[90.17633275600014,22.018470023000134],[90.18370290000007,22.010954243000015],[90.17600399900016,22.002831613000126],[90.19016986900004,21.984674444000177],[90.19016409700009,21.980342383999982],[90.17021112800006,21.977269564000153],[90.16201468800006,21.983195497999986],[90.15685393000012,21.981709809999984],[90.13598733200007,21.9576196430001],[90.13567004200007,21.949536196000167],[90.145455002,21.934320317000186],[90.14137307700008,21.926626377000048],[90.12347775700016,21.927361302],[90.1163072380001,21.925202734000152],[90.11434040600005,21.916492458000107],[90.11685564300006,21.902344682000148],[90.10327726800006,21.878822943000046],[90.09573351699999,21.85404530699998],[90.09093448400006,21.845577969000033],[90.07846804700017,21.845033326000134],[90.07942796100019,21.83948039200004],[90.08708580500019,21.827374489000192],[90.10379581200016,21.811102298000037],[90.11034198599998,21.80758353700014],[90.125663707,21.802628411000114],[90.1472541550001,21.79714673500007],[90.16392864300008,21.794851944000186],[90.1773526730002,21.79440667900019],[90.19741160900008,21.800405578000152],[90.20572846400012,21.804809289000104],[90.21914898100005,21.80650164800005],[90.2341544160002,21.815775173000077],[90.239715731,21.821445527000094],[90.2515333290001,21.829175211000177],[90.30337415700006,21.82847609700002],[90.31068068700012,21.827233791000083],[90.31226971300015,21.83155839200009],[90.32393156100011,21.830971245000057],[90.36044204300015,21.824024695000162],[90.40918224500007,21.815587942000093],[90.42532266400013,21.815237717000173],[90.43609141700006,21.81728757900015],[90.46914298200016,21.799776084000086],[90.47893756700006,21.799612464000063],[90.48591571200006,21.803386596000053],[90.49489313700008,21.818741230000057],[90.5333973700001,21.869663718000083],[90.54104004800007,21.875127210000016],[90.59605942800016,21.894776746000105]]]},"properties":{"adm2_name":"Patuakhali","adm2_pcode":"BD1078","adm1_pcode":"BD10"}},
{"type":"Feature","geometry":{"type":"Polygon","coordinates":[[[90.1756402630001,22.751216744000033],[90.17070520400006,22.745573488000105],[90.16345099000006,22.750044042000184],[90.16529906000005,22.757315826000024],[90.15704866200008,22.75866701100017],[90.15068697200019,22.755519476000075],[90.141739541,22.75645316900011],[90.14049811300015,22.76584931400015],[90.12157204200014,22.76998195300007],[90.11667296000013,22.77624957],[90.107897078,22.77703490199997],[90.10593340800011,22.773400155000104],[90.09776522900006,22.77539729800003],[90.10037468400009,22.78154572300008],[90.08981613400005,22.784251371000153],[90.07672768200018,22.78237628900007],[90.0702413360001,22.79066964100008],[90.06790147500004,22.799673657000028],[90.06264941900014,22.805032772000175],[90.05062707900004,22.809499671000026],[90.0547920750002,22.813867370000025],[90.05225449000011,22.819138567000152],[90.05432531100013,22.826594293000085],[90.0426483780002,22.823185735000152],[90.03391509300013,22.817096893000155],[90.03245196700004,22.823896284000057],[90.03530341900012,22.834717977000082],[90.03532536200004,22.867302747],[90.01827904200007,22.868624095000087],[90.01075062600012,22.86641380800006],[90.0018053550001,22.86668742400019],[89.99273408200014,22.86409914400008],[89.98775721800013,22.86569327000018],[89.9826343680001,22.859698997000066],[89.97562155700007,22.85726578200007],[89.96964769500016,22.859008237000126],[89.96700684400008,22.854098591000138],[89.95292695100011,22.853387095000073],[89.94507410600005,22.862351876000105],[89.94095427600007,22.860952642000143],[89.94359785100005,22.852423159000068],[89.94232238600011,22.84596310300003],[89.94880987100015,22.83580682900009],[89.94892125700017,22.823789867000073],[89.93803276800008,22.82350360900017],[89.91737281100018,22.808990710000103],[89.9161710690002,22.79979833100009],[89.93317065300005,22.793238880000104],[89.93999884400006,22.78321420500015],[89.92513985900013,22.783630399000117],[89.91888688800015,22.782104027000116],[89.91649687900019,22.77706171400007],[89.90797414800011,22.7752855330001],[89.90734323200013,22.75654249000013],[89.91288051800018,22.752484949000063],[89.92510759700014,22.754521478000072],[89.9331978680001,22.75197981600013],[89.93297952700004,22.74532412600007],[89.92931088900008,22.739062167000043],[89.92718270600017,22.7218067500001],[89.90899636200015,22.72713186800013],[89.88864775500002,22.718801162999966],[89.86125615300011,22.702317979000043],[89.86043014000006,22.695932645000028],[89.86558985100004,22.691097215000127],[89.87404841400007,22.69347772200001],[89.90105753300008,22.696529790000113],[89.91574083700016,22.693755787000043],[89.93200617000008,22.68433224200004],[89.9371022380002,22.678518814000086],[89.93305188700003,22.674142547000088],[89.92063703200017,22.66743950400013],[89.90782852800015,22.65636957600009],[89.89602535300008,22.676735807000057],[89.88700039000008,22.66704998000006],[89.88937171900005,22.656655695000097],[89.90026850600009,22.65043410200019],[89.91198813800008,22.646604649000153],[89.92653895800015,22.64416199200008],[89.9236949050001,22.635918477000075],[89.92276048500008,22.62149998500007],[89.91550366300004,22.60371377200005],[89.92474153700005,22.603803557000106],[89.95014604600016,22.600450588000058],[89.95797799200017,22.59731580600004],[89.96204187800015,22.592499488000158],[89.96170067700007,22.579036616000167],[89.95603264600015,22.55836778200012],[89.95138849500017,22.54636935999997],[89.94552107100003,22.5373696530001],[89.92058532500005,22.51109072700001],[89.92366868700009,22.507955164],[89.94010280100008,22.508962628000063],[89.96226056700004,22.508332445000065],[89.96651850400013,22.506366229000093],[89.96583001500011,22.49270891900005],[89.95140468,22.49118612900014],[89.9410944920001,22.49260490500012],[89.92312858100019,22.49893445400005],[89.91314751800007,22.50456434200015],[89.88967044200018,22.50423152700006],[89.88035875800017,22.49725063400001],[89.88114819000009,22.489296777000163],[89.88565446899997,22.480801285000155],[89.8975187170002,22.473378776000175],[89.91128332200003,22.47184566900006],[89.92526809800017,22.47630297900008],[89.93690778900003,22.473627104000116],[89.9435868830002,22.463499358000035],[89.94123223500009,22.454427018000104],[89.93136176500013,22.44554081300015],[89.92480082400004,22.44313804],[89.91021511600007,22.444380266000167],[89.89929075200018,22.440358179000157],[89.89138701400009,22.435377542000083],[89.88594049900001,22.428231996000022],[89.87749470900008,22.425999265000144],[89.86967521100019,22.417706630999987],[89.87037017200004,22.40732475800013],[89.87769144000009,22.397255175],[89.89360142700008,22.38320707100013],[89.89883188100015,22.3736477920001],[89.89867714000007,22.36180618200018],[89.89395546999998,22.346621247000087],[89.8884145290001,22.337206170000115],[89.87370500700018,22.317957066000076],[89.86637321100017,22.303324812000028],[89.85939566899998,22.279364666000106],[89.85735738700009,22.259114875000023],[89.85881086000018,22.246662406000098],[89.86392978900017,22.22441983600004],[89.87664683900005,22.208488926000143],[89.88200461200006,22.200100007000117],[89.88496833200014,22.191318493000097],[89.88667947800019,22.164309218000085],[89.89013107800014,22.15701710500008],[89.92164097699998,22.157122814],[89.92902222600009,22.159084017],[89.93638449500008,22.16496737199998],[89.94024557000006,22.174352256000077],[89.9552488290002,22.168297482000185],[89.95791130500004,22.170755318000147],[89.95639981200014,22.180155185000103],[89.96792093700009,22.18977945500012],[89.96192107700017,22.206039990000022],[89.96815619100005,22.207222568000134],[89.9743530130001,22.200912525000035],[89.97990701200018,22.20629364500013],[89.98406594000005,22.20021851000007],[89.9889702010002,22.19936864800013],[89.99172636900016,22.211115047000078],[89.99901184800018,22.211459466000065],[89.9960851240001,22.218730892000053],[89.99580245200019,22.227938537000114],[90.01715066500003,22.228114784000013],[90.01766263200005,22.234320527000023],[90.0271690740002,22.256644428000186],[90.01923646900013,22.273856034000175],[90.0237586880001,22.286165685000185],[90.02289897700012,22.290659640000115],[90.02987025400006,22.29619939300011],[90.03145520400011,22.3035899140001],[90.03902021300013,22.30315801200004],[90.04111778100014,22.316818231000127],[90.04900555400008,22.312808686999972],[90.05393943900015,22.31564560200013],[90.05348171100013,22.32378935400004],[90.04934640599998,22.33135150600009],[90.05079412500015,22.33539048700004],[90.05035529999998,22.33843556500011],[90.0558815650001,22.35420084300017],[90.04574810800017,22.35839491900009],[90.03999408600015,22.364991383000188],[90.02250166700009,22.3660552770001],[90.01766698600005,22.37104691100012],[90.02158531300012,22.381329552000125],[90.02184624900008,22.390608213000178],[90.03024264400011,22.39343477300008],[90.03902858000004,22.40101074100005],[90.03426361600015,22.406755261],[90.02728293000001,22.427576285000043],[90.03004068900003,22.431743433000065],[90.03021626800006,22.440499565000152],[90.03752419700015,22.44390466700014],[90.05347337100017,22.440672079000024],[90.06009392200019,22.44189712500014],[90.06163320700011,22.44971840000005],[90.05633633700006,22.452758691000156],[90.0579413960001,22.460525152000173],[90.06842943200013,22.452315865000116],[90.07596730100005,22.45085349100009],[90.0773979390001,22.43958281300013],[90.0960192760001,22.44444768900013],[90.10114551500016,22.44371406099998],[90.10681082200006,22.458835681000096],[90.11042936000013,22.457706709000092],[90.12355439900011,22.46787457300013],[90.1329876440002,22.485198841],[90.13065354900004,22.48999555100005],[90.12304653600012,22.488930010000104],[90.12357331900006,22.49781681000013],[90.11848674200013,22.501718802000084],[90.1129817710002,22.499229372000116],[90.11104956500003,22.49137113000012],[90.10114949900014,22.497319766000032],[90.08890396900017,22.494323178000116],[90.08477229900006,22.48614510400006],[90.07748214700013,22.48672469100012],[90.07775862300008,22.49455483900016],[90.06985368300008,22.498551446000192],[90.07467191800004,22.505196055000113],[90.06366633500011,22.505839935000097],[90.06518502800009,22.517088910000098],[90.06289281600016,22.53454162200012],[90.06450573900008,22.55291583900015],[90.05906313800017,22.56069423000008],[90.0589228020001,22.57374724400006],[90.05600690100016,22.57867137100004],[90.06268682800015,22.594627498000023],[90.07486325200006,22.587735668000164],[90.09529641400019,22.59186472900012],[90.10124618600003,22.596737185000052],[90.11012844700019,22.609630272],[90.10632482700004,22.61760866000003],[90.09854725500014,22.62770089300011],[90.10169550800009,22.631896520000055],[90.09673722100013,22.638837583000168],[90.09806977200014,22.652661340000066],[90.10320668200006,22.65817634300015],[90.1124772180001,22.66337358400017],[90.13782493500014,22.672740071000078],[90.14163111400018,22.685798099000124],[90.14851524100004,22.691723772000046],[90.15038735200011,22.701923524],[90.15453714000012,22.70370825400005],[90.15708912800005,22.71830521800007],[90.17745462700015,22.731466385000033],[90.18106975300009,22.7379011110001],[90.18627138800014,22.738599762000092],[90.1756402630001,22.751216744000033]]]},"properties":{"adm2_name":"Pirojpur","adm2_pcode":"BD1079","adm1_pcode":"BD10"}},
{"type":"Feature","geometry":{"type":"Polygon","coordinates":[[[92.61377443400016,21.850996162000058],[92.6059633380001,21.86050440600019],[92.60190739400008,21.872302584000067],[92.5986335020001,21.89235569100009],[92.5906688890002,21.906747736000113],[92.58540454500019,21.913098263],[92.57686549100015,21.939068243000122],[92.56695038400017,21.948831593000023],[92.56579614800006,21.957173496000053],[92.56082919000016,21.95968637800013],[92.55921907700008,21.969446011],[92.55414617200017,21.969888437000066],[92.54774542400008,21.98337890900018],[92.53722196100006,21.993640058000153],[92.5343307390001,22.009174848000157],[92.54199625400014,22.027169611000033],[92.54114870500007,22.0370959170001],[92.53262262300018,22.047499551999977],[92.52488642200018,22.04934264300016],[92.52049462600007,22.05416142900009],[92.51955927200015,22.067467592000128],[92.51251798700008,22.070530427000165],[92.50465933500004,22.08002459100004],[92.50805100300016,22.08650675700011],[92.5062984880002,22.100676363000105],[92.51175439700017,22.111527934000094],[92.50625088100008,22.125585922000084],[92.5063628150001,22.143507414000055],[92.50413251700013,22.152466041000082],[92.4919885060001,22.16736817200001],[92.49396279100011,22.175880913000128],[92.49077503299998,22.195092090000117],[92.48739760900014,22.202894471000093],[92.47768207500008,22.207951818000083],[92.4745253700001,22.217820369000094],[92.4759704830002,22.223741225000083],[92.4734928260001,22.232780116000015],[92.4651850410001,22.247073978],[92.45645644700016,22.255862099000183],[92.44957437400012,22.25652579700005],[92.443697052,22.26178308500016],[92.42944018000009,22.2694477120001],[92.41781873200006,22.282455214000038],[92.41137124800002,22.295039843000097],[92.3979450760001,22.316426666000098],[92.39519090400012,22.32589998000003],[92.3882881720001,22.332845544000065],[92.37709184300013,22.331339941000124],[92.36500137300004,22.333665736000057],[92.33379695800005,22.334623948000115],[92.31345599600013,22.344504463000078],[92.30869923500006,22.345631001000015],[92.28499235200013,22.34404636800008],[92.26887395600016,22.338036154],[92.22841338400013,22.314128466000057],[92.22141909800018,22.31091294900017],[92.213006555,22.31312282000016],[92.2097852490001,22.327672497000037],[92.20087807100015,22.345014396000067],[92.19026772900008,22.349985213000082],[92.17499952500015,22.351209131000076],[92.1487386880001,22.34938592900005],[92.14781767100015,22.3445537450001],[92.15362987300006,22.340508031000184],[92.15745078200007,22.33173231800015],[92.154167578,22.319987819000175],[92.15001602700016,22.317993215000172],[92.15353616100009,22.306311778000065],[92.15061122900005,22.295792651],[92.14085382600013,22.286235085000044],[92.14159031200012,22.27518878000012],[92.137103938,22.27236741500019],[92.14196877000018,22.263169720000064],[92.14448331000006,22.247420264000084],[92.14015273900014,22.234205849000148],[92.1504380450001,22.22077833500009],[92.14587684000008,22.21133474200002],[92.15392553700013,22.197184866999976],[92.15991409900005,22.191782486000022],[92.165468954,22.183022109000035],[92.1644428830001,22.17565394400009],[92.15755459400015,22.16576968600009],[92.16377446200016,22.158824608000145],[92.16286468900012,22.147664610999982],[92.17093000300008,22.146841827000117],[92.17170178500015,22.141115731000127],[92.16069810600015,22.128599852000093],[92.1732793340002,22.11498522400018],[92.17102705100012,22.107168323000053],[92.15778573700015,22.100510502000134],[92.15549423700008,22.095179286000075],[92.1483407670001,22.09724654000007],[92.14340556800005,22.091545774],[92.15476615900008,22.08619515500004],[92.16370586600016,22.08547429900011],[92.16343301600017,22.080364772000053],[92.15767515100009,22.0768650550001],[92.17905445100013,22.063081979000117],[92.1695946970001,22.052399036],[92.16970546500016,22.047715602000096],[92.16412263800004,22.043780266000113],[92.17097343800003,22.03968255300009],[92.17975773300003,22.02545675200014],[92.19385989600005,22.02401558200006],[92.20363883400006,22.017644776000168],[92.20275349300005,22.00837638600018],[92.21515424800015,22.008146028000112],[92.21513518600017,22.00259755000002],[92.20553106800008,22.000532838000083],[92.20356042500003,21.988615260000074],[92.21164460500012,21.983991582000158],[92.21476464000006,21.972224417000064],[92.2095263920001,21.971227268000064],[92.19360223000007,21.95686228700015],[92.19655203500014,21.9514614040001],[92.18794040000017,21.950165452000192],[92.18452195400016,21.944756923000057],[92.17753557500004,21.943971531999978],[92.17316852900018,21.94703858500003],[92.16056774700013,21.94479156500006],[92.16364864900015,21.939107289000162],[92.1633409150001,21.932119890000138],[92.16693296400018,21.922385679],[92.1748763170001,21.910866946000056],[92.16451304000014,21.911631250000028],[92.15378156600008,21.908072088999972],[92.14668726100007,21.908918845000073],[92.12926825000005,21.90183988900003],[92.11876166700017,21.90880912500006],[92.11800001000012,21.91427542300005],[92.11153685000005,21.916866681000045],[92.11399796100005,21.928373379],[92.10861736200007,21.931325387000186],[92.10625736500015,21.924364007000122],[92.09856962100014,21.92157942199998],[92.08828357800002,21.92542185400015],[92.08089131399998,21.920686628000055],[92.07460847400012,21.922312478000094],[92.06301341300002,21.910663328000055],[92.0621769390001,21.902782583000032],[92.07004150200004,21.901466973000083],[92.0802020430001,21.887842949000117],[92.08517582200011,21.884921914000074],[92.08410599100017,21.874053884000034],[92.08819065400019,21.859348142999977],[92.08912850600012,21.843226091000076],[92.09309379900003,21.838252],[92.09069493800007,21.830012868000097],[92.0846882080001,21.82893300300003],[92.0793660380001,21.82109403800007],[92.07919915300005,21.80954395500015],[92.08304401400011,21.805300852000187],[92.09291036800005,21.803290979000053],[92.10372817200005,21.80400461300013],[92.10729197000018,21.789492564000113],[92.12345275500019,21.79062436200013],[92.13054247700006,21.794666668000104],[92.13596852400002,21.791799470000058],[92.141512739,21.78376530800017],[92.14349224200015,21.776808960000153],[92.15323013400007,21.775099841000042],[92.15632335700013,21.777371233000054],[92.16452482100016,21.773067275000074],[92.17338802200015,21.78243946499998],[92.17715158200014,21.79029346600015],[92.1849957030002,21.78710640600002],[92.18413988200012,21.778952096000182],[92.18865600800007,21.775327973000117],[92.19158400500015,21.790792885000144],[92.18683923700013,21.793808955000145],[92.18667388500012,21.800073447000102],[92.18163227100007,21.802449557000045],[92.18037993299998,21.818638846000113],[92.1693094150001,21.835745427],[92.1749773000002,21.844547264000084],[92.18576853700017,21.843309662000024],[92.18431060000006,21.82879976900017],[92.192159146,21.822555289000093],[92.19791146700015,21.82405899400004],[92.20597112000007,21.814650639000092],[92.20425922300012,21.804885097000124],[92.20826440200011,21.798630293000087],[92.21165388499998,21.786187052000173],[92.20544594500006,21.78462885800002],[92.196354326,21.78602544900002],[92.1886017170001,21.773673981],[92.18307750600019,21.776771788000076],[92.1827781250002,21.787407768000094],[92.17634521400004,21.78560037000011],[92.17755441700018,21.77996020100005],[92.16263358700019,21.768473122000046],[92.15389711600005,21.745666342],[92.15915679300008,21.74055218500007],[92.15693434800016,21.735535553000148],[92.13725461400003,21.733601000000192],[92.12355678600017,21.73578428100012],[92.11325023800009,21.728989897000133],[92.11803471800016,21.71421152700003],[92.10920467300008,21.715477828000132],[92.11590785700014,21.702262163000057],[92.10738362900003,21.702126955999972],[92.10398840700014,21.696819560000165],[92.10600342700008,21.69223359900002],[92.09450524000005,21.684353415000146],[92.10316232200012,21.68023206700019],[92.10603902600008,21.672291659999985],[92.11359577500014,21.66416976700009],[92.10847696100012,21.656574795000154],[92.11579897500019,21.650219026000173],[92.11580775100003,21.646390008000083],[92.10464181800012,21.638749871000016],[92.11281701200011,21.62855228800015],[92.12468493500018,21.626396217000035],[92.1319943690001,21.619371779],[92.14221269100005,21.615653102000124],[92.1469187400001,21.60853970000005],[92.14658405400013,21.59571641000008],[92.15300136600018,21.59223582700008],[92.1681284390001,21.60320081200007],[92.17540488300011,21.596008045000133],[92.1720058480002,21.582768956999985],[92.177607422,21.57723699000013],[92.1800398540002,21.569502371000112],[92.18591002600004,21.564512988000047],[92.17977503300006,21.55179301600009],[92.16579031400016,21.542635749999988],[92.15831986300014,21.532178406000014],[92.16063450900015,21.525294391000045],[92.1711010520001,21.50881135500009],[92.1700188100001,21.504122879000136],[92.17659206500014,21.500398093000115],[92.1831570390001,21.500585543],[92.19381347000012,21.507936443000176],[92.20191715300012,21.508315113000094],[92.20394847800009,21.495795034000025],[92.2092266950001,21.499364448000165],[92.21679239600019,21.498778803000107],[92.21763473000004,21.49403582700006],[92.22486154600006,21.488359099000036],[92.22349274800018,21.477527636000104],[92.23784043600017,21.47460000000018],[92.24071138400018,21.465946860000088],[92.23817824200006,21.453970793999986],[92.2325286200001,21.438762839000162],[92.23222199300005,21.431486391000135],[92.2410945520001,21.422694434000164],[92.23753084600014,21.411522173000094],[92.24745076600004,21.403018503000112],[92.24422708200012,21.397056690000056],[92.2361704560002,21.395042291000095],[92.22935908500017,21.39767952700015],[92.2189276040001,21.398303330000147],[92.21631514000012,21.39378891700011],[92.20266888500015,21.388873446000105],[92.1982850890002,21.401182853000137],[92.19161648000005,21.413463402000048],[92.1887070890001,21.42405564600017],[92.17831714400012,21.432015953000075],[92.17280514200007,21.430024145000118],[92.15764816700016,21.429068802000188],[92.15414039299998,21.416861866000033],[92.15635578300015,21.412162352000053],[92.14714179800012,21.40688044799998],[92.14260321400013,21.399964704000126],[92.13771431900017,21.40481785300011],[92.1277493990001,21.401668828000084],[92.13303806900012,21.388378539000087],[92.14281192300007,21.3515558900001],[92.1494978830001,21.340827890000128],[92.149612993,21.331904202000032],[92.15218780900011,21.322375587000067],[92.15698005700011,21.315604439000083],[92.16363109400004,21.300810475000105],[92.16946930100016,21.2975159020001],[92.1696367940001,21.29222862100005],[92.17565533900006,21.28456528600003],[92.17984511400005,21.269342088000087],[92.18918174600003,21.27059813699998],[92.19026125800019,21.260702512000023],[92.18402399700005,21.25342813200018],[92.17781217500016,21.239486348000185],[92.17922174000017,21.23557258599999],[92.16929328000009,21.22695559200008],[92.16613249500011,21.22032935599998],[92.16894730000007,21.203286296999977],[92.17364847900012,21.19793842600012],[92.16967042300013,21.190532541000096],[92.17639488500015,21.18348796200013],[92.18054056200003,21.185084855000184],[92.1856989150001,21.193865894000112],[92.19633508900012,21.201442233000023],[92.20034902200013,21.200762358000134],[92.20620834700009,21.209612507000145],[92.21059530500014,21.223902197000086],[92.21689904400012,21.227298439000094],[92.21897168700008,21.234867987000086],[92.21197645300003,21.24812846500015],[92.21896540400019,21.256317435000028],[92.21616351400019,21.269558944000096],[92.21747292900005,21.278222121],[92.20970669899998,21.288892014999988],[92.19840144500006,21.30945555000011],[92.19929602200006,21.31634080800012],[92.19735358000008,21.32840146100017],[92.21308000500005,21.34038599800016],[92.21545260700009,21.3461769970001],[92.22434058800013,21.351897556000097],[92.24665765600014,21.356968818000155],[92.2525335520001,21.35637535700016],[92.25878763200012,21.364535774000046],[92.25258802000019,21.372421108000026],[92.25677574100001,21.378478180000116],[92.25376360900003,21.38544475000009],[92.25611001400011,21.391056982000123],[92.26956277400012,21.4000408390001],[92.2636060370001,21.409022714000173],[92.26873302600006,21.413976288000015],[92.26921158800019,21.427704386000073],[92.2775252690002,21.427772092],[92.29160532100008,21.430957115000183],[92.29728446500013,21.419050188000085],[92.30079104200007,21.42327992500003],[92.30646177000011,21.41888340800017],[92.31555270000001,21.421001848000117],[92.324975194,21.417629620000127],[92.3301717700001,21.4197628980001],[92.32787114500007,21.432716379999988],[92.33738279300013,21.436884186000043],[92.33640278600018,21.447333873000048],[92.3409374860002,21.45165660900011],[92.341747887,21.461929974000043],[92.35590061200014,21.46674253300006],[92.36762283700006,21.479768950999983],[92.3739044240001,21.47769560300003],[92.3797191880002,21.4812246460001],[92.39047296100011,21.47138943699997],[92.41201260700007,21.442012525999985],[92.41648223600015,21.442090244000042],[92.42652690099999,21.43222266900011],[92.43134774900011,21.410475868000105],[92.43080206300004,21.402517769999974],[92.42720577700004,21.395551929000135],[92.42781325400011,21.37997220400007],[92.43001807500019,21.37382070300015],[92.43661717300017,21.372770135000053],[92.44135990400008,21.365288211000063],[92.4566590600001,21.369191220000175],[92.47048057699999,21.362081035000074],[92.47333575300019,21.354887977000033],[92.48480557800019,21.357546908000188],[92.49735288200009,21.351467048000018],[92.50760287000014,21.35978558900007],[92.50657756000004,21.377296587000103],[92.51796494100012,21.375785229000144],[92.52393672600016,21.3715444930001],[92.54166783000011,21.381032253000114],[92.55669869400015,21.384406130000116],[92.56306103400004,21.371131800000114],[92.56222402499998,21.36308883700019],[92.57172398400007,21.33656210400011],[92.57520506800017,21.32168841700002],[92.58979434700018,21.27875269800012],[92.59164995300006,21.260545241999978],[92.59472992300016,21.246135734000063],[92.61661560400006,21.248205694999967],[92.6304692970001,21.268813815000158],[92.63551251300015,21.27258551600005],[92.64338414400015,21.272915783000087],[92.64882972700013,21.279901526000174],[92.65442224300011,21.27743676000017],[92.67523833900009,21.284212297000067],[92.68005211900015,21.288690338000094],[92.67809993800017,21.29960018600002],[92.66544178000015,21.31669731900007],[92.65832973100015,21.340732156000172],[92.65224600300019,21.355846625000083],[92.64822874200007,21.38124296400008],[92.64922017400005,21.391499023],[92.64499553400009,21.39856253400012],[92.63960714700016,21.418340118000117],[92.63789642000012,21.43222299700011],[92.63232450000004,21.44294814500006],[92.63057666400005,21.454400759000123],[92.62772371900013,21.45990539400003],[92.6252410960002,21.475955837000186],[92.62616858900009,21.487093276],[92.61817392000006,21.515856142000075],[92.61899454900015,21.534276475000183],[92.61568972800018,21.552578753000148],[92.61482125700019,21.56841870700015],[92.60849240400012,21.58368753400009],[92.60808035000014,21.60378161000017],[92.60933643600015,21.62357185000019],[92.60151645400009,21.65786596400011],[92.603555342,21.664584756000068],[92.60592469800014,21.68996613300004],[92.59997126200011,21.702134699],[92.60371292900015,21.72225817900005],[92.60654982200015,21.728648274000022],[92.6045955310002,21.742810164000105],[92.6073113600001,21.74701506400004],[92.60702216200013,21.755849019000095],[92.61090219800019,21.77566289900011],[92.6097247850002,21.79140596500008],[92.60717234000015,21.80145830400005],[92.60929563200017,21.816395355000054],[92.6202763180001,21.82223390400003],[92.62045935900005,21.827934359000153],[92.61460886600014,21.831049304000032],[92.61243873300003,21.84454656600019],[92.61377443400016,21.850996162000058]]]},"properties":{"adm2_name":"Bandarban","adm2_pcode":"BD2003","adm1_pcode":"BD20"}},
{"type":"Feature","geometry":{"type":"Polygon","coordinates":[[[91.30347730600016,23.9961569030001],[91.29612663900008,24.000712002000114],[91.29590992900006,24.00740725300011],[91.30886960100014,24.017473063000068],[91.30993325800017,24.026812977000134],[91.3135802290002,24.031577025000104],[91.31269696600003,24.041233847000115],[91.30413523300012,24.045300824000094],[91.30420777500007,24.057286142],[91.2924087290001,24.06260597],[91.28563856300002,24.063028748000193],[91.28472523100015,24.07408320100012],[91.28851143300005,24.078948230000037],[91.28886175700012,24.086808721000182],[91.29254300400015,24.094638815],[91.28137809700013,24.094192415],[91.26989620200004,24.097939709000116],[91.27125023000013,24.114206238000122],[91.28408394600012,24.112006051000094],[91.284725955,24.118477873000188],[91.27230862300007,24.12429144200007],[91.27096500100009,24.142854579000073],[91.26208930800016,24.14293876200003],[91.26186772000011,24.148058715000047],[91.26821536700015,24.14942953800005],[91.26854402200007,24.159655125000143],[91.27519339800011,24.158071256000085],[91.27737500700005,24.168925838000064],[91.2775466290002,24.182774429000062],[91.28407055600007,24.182128735000106],[91.28506002600005,24.187547757000175],[91.2971014150001,24.18771215800018],[91.30803244900017,24.192422960000044],[91.31507262100001,24.189118174000157],[91.3133161500001,24.20523012900003],[91.30028840800009,24.203533533000154],[91.29807547300004,24.19999664700009],[91.2866970120001,24.196474180000052],[91.27700827400014,24.200375610000094],[91.27677548900016,24.20431036700012],[91.28317877300009,24.21197766900019],[91.28505245300005,24.219012444000043],[91.29760919700016,24.214413288000173],[91.29946839200011,24.223274395000146],[91.30656638900018,24.222073551999983],[91.30762332200015,24.227338265000128],[91.314748157,24.232033674000036],[91.32400938400008,24.231142915000135],[91.32369439400009,24.23686867200007],[91.32788553100005,24.242516787000113],[91.32554587900012,24.260746944000118],[91.32154678900014,24.265628805000176],[91.30748738200009,24.269012586000088],[91.29413437300008,24.259121107000112],[91.29280544900007,24.253479350000077],[91.28483942800011,24.244877589000055],[91.2863768810002,24.241062762000183],[91.28164688900017,24.232559824000077],[91.288458274,24.22812930000015],[91.27445999700006,24.225165473000118],[91.25836110900013,24.2266404290001],[91.24687138700017,24.22972409700003],[91.23392749200008,24.235385655000186],[91.23029130800012,24.23400632000005],[91.19610531400008,24.240277454000022],[91.18162704800011,24.25613335500003],[91.17527979,24.26551884900016],[91.16011499700016,24.257827847000044],[91.15429236500017,24.256332405000137],[91.14982872100012,24.249654089000046],[91.13955097799999,24.244294880999973],[91.10904705200011,24.240772468000102],[91.08724967600011,24.24109232000012],[91.08131467200008,24.23682685000017],[91.07871816400018,24.230017887000145],[91.081148928,24.225261220000164],[91.09094726500012,24.217720486000076],[91.08861429200005,24.211009128000057],[91.07525068200016,24.21495619700005],[91.05330051100003,24.21512539500003],[91.03908442200003,24.213734752000164],[91.02649572200005,24.195078373000115],[91.01068537200018,24.179914672000166],[90.99122528900006,24.17027973],[90.98424239000008,24.158647611000106],[90.99733621900015,24.142839270000138],[91.00454896000014,24.137727730000165],[91.02539230700017,24.12942498299998],[91.04089310700016,24.11894332600008],[91.048045748,24.1083415330001],[91.05080400500009,24.101020641000105],[91.05007444600017,24.09012279000018],[91.03646678600012,24.072015522000186],[91.01977207400012,24.060709969000072],[91.01203778100012,24.05804290100002],[90.99518539400009,24.045020353999973],[90.98668248600018,24.035309430000154],[90.9795822320001,24.027784833000055],[90.97046866200014,24.01301103800006],[90.96900678000014,24.002595764000034],[90.97389515200013,23.98232992300018],[90.97352752700016,23.974445551000088],[90.97009542800015,23.96870522200004],[90.95434432600001,23.959059006000075],[90.9531935490001,23.939291676000153],[90.94868100500014,23.92637291200009],[90.94057241600007,23.92226598100018],[90.93253001200009,23.915247779000026],[90.925271839,23.901486836000174],[90.91737777800012,23.879334370000095],[90.90686887600015,23.868556387000126],[90.89917937900009,23.86478334200018],[90.88997821100014,23.86589576800003],[90.86605994500019,23.877211196000133],[90.85796453300003,23.878536782000026],[90.83924353600014,23.866928042000154],[90.82355692100009,23.86401192800008],[90.81212714700013,23.86614769900018],[90.78640339900016,23.865922208000086],[90.7659916990001,23.863633908999986],[90.7593427590001,23.85232952700011],[90.76031809800008,23.841928967],[90.76648311200017,23.825182570000095],[90.76738556000004,23.810121815000116],[90.76278967400009,23.797660163000046],[90.756179337,23.78897682100012],[90.74742609700019,23.78148901100019],[90.7337139830002,23.761840749000044],[90.72335684200004,23.747639025000012],[90.72118216400008,23.73760548700011],[90.72354592500017,23.72502174300007],[90.73648626600016,23.70935317800013],[90.74146338800017,23.69294376600004],[90.76427956000009,23.698952966000036],[90.76729492600003,23.688546622000047],[90.77648996300007,23.68351506700003],[90.78509011300008,23.686962611000126],[90.78592067800014,23.698627822000162],[90.77638497100008,23.706493200000068],[90.7756261620001,23.715542615000174],[90.78076433200016,23.726513284000077],[90.78090298500018,23.734553350000112],[90.78771881000006,23.736824201000104],[90.79742012300011,23.75173074700018],[90.80143401700019,23.746835287000124],[90.80179761000016,23.734857368],[90.8114610830001,23.73725687900003],[90.81551017300012,23.734415339000122],[90.82644746300019,23.733119887000043],[90.83449814100015,23.724613384000122],[90.85304283600004,23.725174408000157],[90.85821571200012,23.721675274000177],[90.86514832300008,23.722788224000055],[90.86894830700004,23.718223592000072],[90.8820364230001,23.725343420000115],[90.8864341330002,23.73562589400018],[90.88539841400018,23.753490064000175],[90.8991397330002,23.76032457000008],[90.9012672400001,23.76690765000012],[90.913780492,23.768315341000175],[90.91478294199999,23.764667342000052],[90.9309232940002,23.770899910000026],[90.94786690800004,23.77595847200007],[90.9583703460001,23.774127941000074],[90.95997296399997,23.780130834000147],[90.96955084900014,23.78291821500011],[90.9986852340001,23.786658981000187],[91.034526664,23.796269554],[91.03906879100003,23.784828840000046],[91.04424847200005,23.779391906000114],[91.04718423600013,23.77067804800015],[91.05796623700007,23.76327210000005],[91.06241770900016,23.742698219000147],[91.07161155500006,23.739830471000175],[91.06867905700005,23.734163168000123],[91.0735391090002,23.728344811],[91.08292725700016,23.723878752000076],[91.08616608500012,23.71774509300019],[91.10396181900012,23.717472353000176],[91.10191915400009,23.712118820000114],[91.10411607400016,23.704664611000055],[91.10989532100007,23.70176932300012],[91.11119506200004,23.693571827000085],[91.11917469700012,23.690952788000175],[91.11781401900015,23.68577855200016],[91.12775561400014,23.68155424100013],[91.12412453400009,23.676513980000095],[91.12662906800006,23.66818456600015],[91.1415509110002,23.665049803000045],[91.14883148200016,23.670471305000092],[91.15631441800002,23.66873353500017],[91.16630211800009,23.663440779000098],[91.16945093200019,23.658426224000095],[91.1757277100001,23.65876805900001],[91.19261056200008,23.654425936000052],[91.19064496100009,23.647064679000152],[91.19847037000017,23.647083409000118],[91.20379054300008,23.65054409300012],[91.20056422600004,23.65650962800015],[91.20416518300016,23.679473016000145],[91.20299109000013,23.685851464000166],[91.19347779600008,23.690479122000056],[91.15317071600015,23.68879316300007],[91.15100398300001,23.70424169100005],[91.14847701100001,23.711860390000083],[91.15244937000017,23.722302725000134],[91.15580003800011,23.736583419999988],[91.16363375000009,23.747825078000062],[91.1676628990001,23.75019700400003],[91.1815786310001,23.74911135300016],[91.19564665300004,23.75135803900008],[91.20968485600008,23.748999992999984],[91.218848079,23.738067977000185],[91.22626217000015,23.75114519300007],[91.22556994299998,23.75711577600015],[91.23067084500019,23.766433755000094],[91.23035186700008,23.78135573800006],[91.22636283500009,23.791123043000084],[91.23109274799998,23.797639737000168],[91.23301107300017,23.810895593000055],[91.23736699400007,23.81388386000009],[91.25001840200008,23.833250489000136],[91.2544756480001,23.83778622300008],[91.24817061300018,23.852002574000153],[91.24003891200016,23.864280455000028],[91.23778368500018,23.873930179000183],[91.22960694900007,23.880838975000188],[91.22875920799999,23.89740410900015],[91.24477803400009,23.90736740000017],[91.24585989000008,23.913854173000175],[91.24113227500015,23.922853377000138],[91.23474255700012,23.92792604000016],[91.26087539400004,23.92435886600009],[91.27529956200016,23.92467556800017],[91.27240231700017,23.938119456000152],[91.26409426800012,23.945358544000158],[91.26995032800005,23.96001471699998],[91.28236324900013,23.979011653999976],[91.28683234800013,23.9738966700001],[91.28755821800013,23.96782076500017],[91.2994311720002,23.97197982400013],[91.29744404200011,23.975979041000187],[91.30274094500004,23.989773922000154],[91.30347730600016,23.9961569030001]]]},"properties":{"adm2_name":"Brahmanbaria","adm2_pcode":"BD2012","adm1_pcode":"BD20"}},
{"type":"Feature","geometry":{"type":"Polygon","coordinates":[[[90.68629742700017,23.495418316000098],[90.67946175200007,23.49342274999998],[90.66505684100008,23.49535235800016],[90.65125206200014,23.501911789000133],[90.64145090400012,23.504355091000093],[90.63425663900017,23.501966102000097],[90.62390827200005,23.491489536000074],[90.6129549490002,23.489868761000025],[90.60424280299998,23.49526359200007],[90.59450009300019,23.491866445000085],[90.57627093299999,23.49342864500005],[90.57757740200003,23.485761932000116],[90.5841995240001,23.48371512100016],[90.58173715800012,23.47210843500011],[90.57771287300011,23.470885933000034],[90.57873703600006,23.460009148000097],[90.57437841600017,23.443220073000134],[90.54637473700012,23.407485728000097],[90.53853974200018,23.390459162000184],[90.53875488500012,23.379713095],[90.54170760500017,23.378342107000094],[90.55247422900015,23.36358560600013],[90.56130249400007,23.359554111000023],[90.57121503600013,23.351184369000123],[90.57476487500008,23.3376273720001],[90.58161841800006,23.33643167500003],[90.56762504100016,23.320680029000016],[90.56149369400009,23.30859592600001],[90.55583620200008,23.305253645000164],[90.55455255800007,23.297869334000154],[90.562468647,23.288496666000015],[90.56419725900008,23.281600673000128],[90.57336351600009,23.270337396000116],[90.58182620500014,23.25260192000013],[90.59265262800017,23.252543370000126],[90.59555090000015,23.2473972520001],[90.59205013200005,23.22663720800017],[90.59480343500007,23.212043264000044],[90.59307939700005,23.200751908000143],[90.58773928000005,23.187123242000155],[90.58043965200005,23.182335826000156],[90.57994443500019,23.173699920000047],[90.56630612000004,23.164824967000186],[90.56548092000014,23.152624427000035],[90.56712884500013,23.14060691399999],[90.5610567560002,23.134818166000116],[90.55564177600013,23.12453068399998],[90.53733949500008,23.11860067800012],[90.52720869199999,23.11665210600006],[90.52883739000009,23.104553655000075],[90.53292154600018,23.093544424000186],[90.54483049600003,23.08013315200003],[90.5538821610001,23.06825651600002],[90.57136902300016,23.04943935299997],[90.59538698600011,23.030342926000117],[90.6149838820001,23.00467504600016],[90.617619386,23.002460717000133],[90.63717859100018,22.99883324700005],[90.65177034000004,22.983006697000064],[90.65291154000016,22.98967290600018],[90.66414436000014,23.008338123999977],[90.66339304500008,23.022191130000067],[90.66669619800007,23.036027077000085],[90.66193244400012,23.04970494300011],[90.67103376900008,23.05360946800016],[90.68550191300005,23.0625554880001],[90.69966274500007,23.062089215000185],[90.70690087100013,23.059236485000042],[90.71776251100016,23.049806884000077],[90.73084349400006,23.040915079000058],[90.74738177800015,23.05541907000014],[90.75529887700014,23.060358537000184],[90.75134852700018,23.06553285100017],[90.75861619100004,23.06779472700009],[90.77073647000003,23.075502024000173],[90.78625169100007,23.07559041900015],[90.79183558400013,23.08042892900005],[90.79131111800007,23.08537924700005],[90.79687761400004,23.116441891000136],[90.81305380100008,23.11777748800006],[90.81879781700019,23.119886264000115],[90.81851848200006,23.12555571200005],[90.8365569560001,23.133969803000184],[90.83933791600015,23.141989535999983],[90.84823048600015,23.14606305600006],[90.84634047900016,23.16084149599999],[90.85628026800003,23.162684617000025],[90.8674715960002,23.16807226700007],[90.8926042760001,23.164788524000073],[90.90152100400013,23.156692057000157],[90.9027860590001,23.149957863],[90.91018563100005,23.150475313000186],[90.91180536800005,23.145888740000032],[90.92267713100011,23.146410325000147],[90.9406539100001,23.141636548000122],[90.95489876100015,23.143888036000078],[90.96191333700006,23.138046583000175],[90.96256701600004,23.130850540000097],[90.9798447770001,23.133108351000146],[90.99038472200004,23.139771602000167],[91.00695419400006,23.140086637000024],[91.0112819850001,23.153568997000036],[91.0062295530002,23.15389715000009],[91.00647004500001,23.167371799000023],[90.99892669100012,23.18005148600014],[91.00891964400012,23.18508714900014],[91.00715555900007,23.191011646000163],[91.0146419900002,23.19356258500011],[91.0119741100001,23.20542780600016],[91.0139840290002,23.211823228000128],[91.02420500300013,23.215905031999966],[91.0276690990001,23.22282141000011],[91.02818810300005,23.230222158000117],[91.02404837700016,23.234130754000034],[91.02186345100006,23.24629240600018],[91.01439130500012,23.248625978000177],[91.01210377900003,23.25600506600017],[91.0129107940001,23.26428151800019],[91.00855496700007,23.270203054000035],[91.00423671300018,23.26802547600016],[90.99996938300006,23.275921164000124],[90.99405513500011,23.292891819000147],[90.98026217900014,23.2885469200001],[90.9799049670001,23.29588696899998],[90.9744123540001,23.301183295000158],[90.97496163900018,23.31524570099998],[90.9724115140001,23.320654727999965],[90.96259981700018,23.32408205700017],[90.9558051080001,23.335820354000134],[90.95824902000015,23.339969259000156],[90.95557661300012,23.348441702000116],[90.94886877100004,23.342723330000013],[90.94404235400015,23.34622312900018],[90.93277628300012,23.347248067000066],[90.93299232700002,23.36424314400017],[90.92799158200006,23.379501175000087],[90.9187064780001,23.387547236000103],[90.91103473700014,23.387878898],[90.90848022600005,23.395505661000186],[90.90107435300007,23.39461820700012],[90.89881155000012,23.408409886000015],[90.89113579800011,23.408790300000078],[90.88675250200015,23.421907447000137],[90.88127416800017,23.44733703500009],[90.87707965800007,23.454060303000176],[90.86188052500006,23.453691134999985],[90.8575281590002,23.45927445300015],[90.85112689800013,23.459262090000095],[90.8518590870001,23.466086458],[90.846246345,23.472800866000114],[90.8325963320001,23.470760801000154],[90.83233529199998,23.463778004000176],[90.81725938200015,23.463200037000036],[90.8170633490002,23.447878372],[90.80958477500013,23.44349377400016],[90.80363778100008,23.44796163700005],[90.7928258230001,23.434163578000152],[90.77689994600019,23.441684059000067],[90.7700495470001,23.447020010000017],[90.76905393600009,23.435583152],[90.76227721100008,23.422614242000066],[90.75082752700007,23.414565352000068],[90.74938652600008,23.421333051000033],[90.7384986420002,23.426174361],[90.7338245850001,23.420826603000023],[90.71860157000003,23.430837614000097],[90.71168525900003,23.432437553000057],[90.70992981200004,23.44236658000011],[90.71103709700009,23.449540087000116],[90.70032376600011,23.464982099000053],[90.69656348400002,23.477136289999976],[90.68629742700017,23.495418316000098]]]},"properties":{"adm2_name":"Chandpur","adm2_pcode":"BD2013","adm1_pcode":"BD20"}},
{"type":"Feature","geometry":{"type":"MultiPolygon","coordinates":[[[[91.71044126900011,22.984418335000157],[91.69884112900007,22.98973578900012],[91.69360802000011,22.988267897000185],[91.6857085150001,22.979332712000087],[91.67858792500016,22.98244263600003],[91.67222162400003,22.97866284500003],[91.66672524700004,22.98052465000012],[91.65150372700009,22.978132815000038],[91.64077394400005,22.974670302000163],[91.6366171860002,22.96347884],[91.63330436700005,22.960939190000033],[91.62548140500007,22.962893500000064],[91.62538154000009,22.954538641000056],[91.62134630600019,22.94223008900002],[91.6129371770001,22.948235619000116],[91.61614251500009,22.951327718000073],[91.60350493300001,22.96042378200019],[91.60564109600011,22.966547764000097],[91.59826661900007,22.97664220000007],[91.58974136200015,22.977418823000107],[91.57751832200006,22.967290687],[91.57549674300009,22.961743119],[91.56780407000014,22.95732412600006],[91.5590837530001,22.958123561000036],[91.54542894900004,22.956699676000085],[91.53797890499999,22.94625038900017],[91.53037759200015,22.952429021000114],[91.52509615000014,22.945241335000162],[91.535177395,22.94248891900014],[91.53833539200008,22.932980050000026],[91.53170382600013,22.930547045000083],[91.5330280180001,22.919389678000186],[91.51559494300017,22.91034282200019],[91.51452615800008,22.90551222],[91.50506851700015,22.90389517300008],[91.4997863980002,22.90747639300008],[91.4901503640001,22.90810219000008],[91.47030832300015,22.906142108000097],[91.46410476000017,22.901986234000105],[91.460899826,22.895607886000107],[91.46168780900013,22.882371726000088],[91.47213846800014,22.882975234000128],[91.47258050800014,22.871826280000107],[91.46730031500016,22.866546487000164],[91.46550632800012,22.859267810000176],[91.46587295100016,22.84705153800013],[91.46055920600008,22.83018200100014],[91.45538174700005,22.826000351000175],[91.44593294100002,22.81339922300009],[91.44373076900007,22.80284538900014],[91.44621651000017,22.770672403000162],[91.45087201300015,22.75167491900004],[91.45141462600003,22.738684677000094],[91.45630287200015,22.735551360999978],[91.47721520400012,22.70026468300017],[91.49425289100003,22.654056384000057],[91.50400642400012,22.64145178800004],[91.517220689,22.632185013000026],[91.5199081400001,22.61955368200006],[91.53957048300009,22.594872550000048],[91.55629382900014,22.5803014870001],[91.5608369900001,22.574109183000076],[91.57660458100008,22.547675790000085],[91.59261286400005,22.527371064000135],[91.61573040200005,22.496598553000183],[91.6328046370001,22.457155515000125],[91.63653930400011,22.44467460700008],[91.64490438100012,22.40642948800013],[91.69289955200009,22.408320384000092],[91.73901568500008,22.408891853000057],[91.74509110600013,22.398977913000067],[91.7468149890002,22.385080700000174],[91.75158466400006,22.3771043000001],[91.74231074400012,22.377082526000095],[91.74533462500011,22.358506695000074],[91.7517378280001,22.305214550000017],[91.75496704900007,22.285085211000137],[91.77331889000016,22.262960333000024],[91.77635507399998,22.250023876],[91.77852853000007,22.232131923000168],[91.78643932500012,22.22534408300004],[91.79825712500002,22.219799689000126],[91.81216897200011,22.2078371610001],[91.8139359060001,22.1987322330001],[91.80869329200016,22.189204008],[91.81135205400005,22.17292973100001],[91.81527874200003,22.161973723000187],[91.81916187600018,22.158159127000033],[91.8260481640001,22.14539473300016],[91.82993720100006,22.132111564000013],[91.83797106100008,22.116221398000107],[91.84255379100017,22.110495974000173],[91.85768793500006,22.108208999],[91.86459288500009,22.07526645500019],[91.87003408600009,22.065651761000083],[91.87158787800001,22.055853396000032],[91.88073864699999,22.042287772000066],[91.8780829860001,22.030803714000058],[91.88016768700004,22.020421214000066],[91.8838460450001,22.01751161200019],[91.88525891400019,22.008042492000072],[91.88239020800012,21.988127813000176],[91.88233158499997,21.977214457000116],[91.87926992900015,21.96249051200016],[91.87763151900015,21.94574302300009],[91.87995109900004,21.94081034600009],[91.89889677200006,21.94047959000011],[91.89914377600007,21.936026694000077],[91.9065960160001,21.93103656],[91.90436901400005,21.913020638999967],[91.90728288600008,21.894583878000162],[91.91271554600019,21.879461582000033],[91.91432160300008,21.857779702000187],[91.92290021100007,21.85582990600011],[91.92539125700011,21.865720091000185],[91.9235783040001,21.875882946000047],[91.92936331200002,21.879136416000108],[91.936508893,21.87707701800008],[91.94397655100005,21.88139838100011],[91.95900331900015,21.883712798000033],[91.96434900500009,21.881395909000105],[91.96892780500008,21.885560868000027],[91.96677645100004,21.891318897000076],[91.97422735800006,21.904317557000013],[91.98071860200014,21.90087557600009],[91.98629396300004,21.901892052000164],[91.99753951500008,21.908542460000092],[92.007124901,21.907883938000168],[92.01196170000009,21.90417421800015],[92.03658104200014,21.907892126000093],[92.03595495100012,21.913288840000064],[92.04066800600009,21.921906477000164],[92.05062116700003,21.91745478600012],[92.05721323800003,21.92184927800014],[92.05901387300003,21.91263150700013],[92.06301341300002,21.910663328000055],[92.07460847400012,21.922312478000094],[92.08089131399998,21.920686628000055],[92.08828357800002,21.92542185400015],[92.09856962100014,21.92157942199998],[92.10625736500015,21.924364007000122],[92.10861736200007,21.931325387000186],[92.11399796100005,21.928373379],[92.11153685000005,21.916866681000045],[92.11800001000012,21.91427542300005],[92.11876166700017,21.90880912500006],[92.12926825000005,21.90183988900003],[92.14668726100007,21.908918845000073],[92.15378156600008,21.908072088999972],[92.16451304000014,21.911631250000028],[92.1748763170001,21.910866946000056],[92.16693296400018,21.922385679],[92.1633409150001,21.932119890000138],[92.16364864900015,21.939107289000162],[92.16056774700013,21.94479156500006],[92.17316852900018,21.94703858500003],[92.17753557500004,21.943971531999978],[92.18452195400016,21.944756923000057],[92.18794040000017,21.950165452000192],[92.19655203500014,21.9514614040001],[92.19360223000007,21.95686228700015],[92.2095263920001,21.971227268000064],[92.21476464000006,21.972224417000064],[92.21164460500012,21.983991582000158],[92.20356042500003,21.988615260000074],[92.20553106800008,22.000532838000083],[92.21513518600017,22.00259755000002],[92.21515424800015,22.008146028000112],[92.20275349300005,22.00837638600018],[92.20363883400006,22.017644776000168],[92.19385989600005,22.02401558200006],[92.17975773300003,22.02545675200014],[92.17097343800003,22.03968255300009],[92.16412263800004,22.043780266000113],[92.16970546500016,22.047715602000096],[92.1695946970001,22.052399036],[92.17905445100013,22.063081979000117],[92.15767515100009,22.0768650550001],[92.16343301600017,22.080364772000053],[92.16370586600016,22.08547429900011],[92.15476615900008,22.08619515500004],[92.14340556800005,22.091545774],[92.1483407670001,22.09724654000007],[92.15549423700008,22.095179286000075],[92.15778573700015,22.100510502000134],[92.17102705100012,22.107168323000053],[92.1732793340002,22.11498522400018],[92.16069810600015,22.128599852000093],[92.17170178500015,22.141115731000127],[92.17093000300008,22.146841827000117],[92.16286468900012,22.147664610999982],[92.16377446200016,22.158824608000145],[92.15755459400015,22.16576968600009],[92.1644428830001,22.17565394400009],[92.165468954,22.183022109000035],[92.15991409900005,22.191782486000022],[92.15392553700013,22.197184866999976],[92.14587684000008,22.21133474200002],[92.1504380450001,22.22077833500009],[92.14015273900014,22.234205849000148],[92.14448331000006,22.247420264000084],[92.14196877000018,22.263169720000064],[92.137103938,22.27236741500019],[92.14159031200012,22.27518878000012],[92.14085382600013,22.286235085000044],[92.15061122900005,22.295792651],[92.15353616100009,22.306311778000065],[92.15001602700016,22.317993215000172],[92.154167578,22.319987819000175],[92.15745078200007,22.33173231800015],[92.15362987300006,22.340508031000184],[92.14781767100015,22.3445537450001],[92.1487386880001,22.34938592900005],[92.14929533800012,22.355970168000113],[92.13604266100003,22.358391729000175],[92.14178747300019,22.36380358400004],[92.14009681700014,22.370938051000167],[92.13510669900006,22.37781788000018],[92.12389066200012,22.374087285000144],[92.1181712120001,22.38284436600003],[92.11078998500017,22.39931407900019],[92.10764225600002,22.398009721999983],[92.10165931400007,22.40672687300014],[92.12025648000014,22.423450703000128],[92.11874952600016,22.43034658600004],[92.1259497900001,22.43003070700007],[92.1277478510001,22.436000449],[92.1379669690001,22.43776163200016],[92.1415530610002,22.44591068800014],[92.14278881600018,22.455368554000188],[92.13037644600007,22.46531653800014],[92.13626488000006,22.46898590800015],[92.13201538400017,22.479441982000026],[92.13306035900001,22.48577368700012],[92.13045275600018,22.49819224500004],[92.12524234200004,22.504827850000083],[92.12262734000018,22.513720368000065],[92.12566584300015,22.517030245000115],[92.11834493400005,22.534621596000022],[92.11037468200016,22.534638318000134],[92.11122709500012,22.550097105000134],[92.11002594700017,22.558485567],[92.10433064200015,22.564641680000022],[92.10727967600008,22.572769140000105],[92.10110574700019,22.58354674600014],[92.08922432800006,22.589127703000145],[92.08258964300012,22.59950285700006],[92.08825373400003,22.60855861300007],[92.08352393800004,22.613566939000066],[92.07691627900016,22.612948306000078],[92.0744828010001,22.618445007000048],[92.06409300100017,22.618225797000036],[92.05947635600006,22.614848153000025],[92.04363124600013,22.61553614500008],[92.0418530340001,22.62688442700005],[92.0342240010001,22.621428039000136],[92.03443904300013,22.616666584000086],[92.0180299340002,22.611275312000032],[92.01374718500011,22.606774266000116],[92.00762948100004,22.591309604000116],[92.01813394600009,22.57279971800017],[92.01577839600003,22.55440589700015],[92.02169084000002,22.54988213700011],[92.02250869000005,22.540880267000148],[92.02570465800017,22.538812822000068],[92.02717907900018,22.529319567000186],[92.01837931700004,22.524490316000026],[92.02261402500011,22.515536308000037],[92.01690545400004,22.51115839800002],[92.0171423760001,22.50458834799997],[92.01069485200009,22.504845066000087],[92.0056135870002,22.50111805900019],[92.00565527300012,22.494153095000172],[91.9968746360002,22.49042889000009],[91.97357697400008,22.49053309200002],[91.9706016400001,22.494505557000025],[91.97790114500003,22.511295760000053],[91.97348066000012,22.520183781000128],[91.97186506300011,22.534175523000158],[91.96834934100019,22.543396625000128],[91.96854883800006,22.551740320000135],[91.9603472780002,22.573989319000077],[91.95652444300003,22.58941657800017],[91.94830948700013,22.60342523000014],[91.93968130700011,22.625595068000052],[91.93872907400015,22.634898661000022],[91.940684,22.645580292000034],[91.93526553800007,22.653547235000076],[91.93518290200018,22.659492356000044],[91.94319104599998,22.66696267400016],[91.93711636800009,22.678694214000018],[91.92723456200014,22.68004837300009],[91.92810236500009,22.688605310000128],[91.92714161100014,22.697188784000105],[91.92126245600019,22.699268720000077],[91.91397938100005,22.69611191900009],[91.91018643300009,22.698629282000127],[91.90316638100012,22.693139022000082],[91.89671517600004,22.693229172000088],[91.89278030700018,22.697522274],[91.8846354170002,22.69823701399997],[91.87798741300008,22.717231521000144],[91.88725515100003,22.749703669000155],[91.89156491500012,22.754361953000114],[91.89125080200017,22.761777251000126],[91.87546115000004,22.766611897000075],[91.86591097600018,22.75809760700014],[91.85679612900014,22.7596397100001],[91.86283042400004,22.76558588],[91.85837753300007,22.774902937000093],[91.84915006199998,22.76975897500006],[91.84464419500011,22.775215821000018],[91.83330669500015,22.774188341000126],[91.83323237900004,22.78106136000008],[91.83757294700018,22.788113841000154],[91.8262288300001,22.786623179000117],[91.81875136100001,22.790413378999972],[91.80978081600006,22.78958980800013],[91.8038816940001,22.777921460000186],[91.79572216400015,22.77156567900016],[91.78954695100003,22.77688634400016],[91.79177414300011,22.78164755600011],[91.78360798700015,22.784403101000066],[91.77648245300014,22.793553885000165],[91.774271757,22.8061265500001],[91.76910895100008,22.814923328000134],[91.76470560100006,22.817832613000064],[91.76597650700006,22.832999015000155],[91.75728011800004,22.841638208000063],[91.75930250100009,22.849876635000044],[91.75676771000008,22.860097956000118],[91.74974572000013,22.864729041000032],[91.74760226800004,22.869809764000024],[91.73080913900014,22.876055256000086],[91.72070464900003,22.884233873000085],[91.71811542400013,22.893642541000133],[91.72577003700013,22.90587519500008],[91.72304120500013,22.914165635000018],[91.72838163800009,22.93433626200016],[91.72857149200019,22.952594131000126],[91.72174364300002,22.96645140400011],[91.7198680790001,22.98291653700005],[91.71044126900011,22.984418335000157]]],[[[91.35338716800004,22.599510133000138],[91.34798217600007,22.603425871000127],[91.34649591900012,22.60938825500017],[91.34049011400015,22.611159154000063],[91.32348975200006,22.610388007000097],[91.33783313200007,22.58924062300008],[91.34364337000011,22.583313256000167],[91.34935724700011,22.58606585800004],[91.35338716800004,22.599510133000138]]],[[[91.55899509200009,22.47908072400014],[91.54685322500012,22.503020996000146],[91.53991758100017,22.514453822],[91.50225005300018,22.56668132300007],[91.47814563500009,22.59404534300006],[91.46502774100009,22.607065241000157],[91.45609198900002,22.61333561300006],[91.43942529600008,22.618132878000097],[91.42411501600003,22.607209940000132],[91.41634297800005,22.59680166400011],[91.40956334600003,22.58057216500015],[91.41382382900002,22.565607123],[91.39039195400011,22.56552250200002],[91.38468568700017,22.558813520000058],[91.38310721800008,22.546493799000075],[91.38293173300019,22.486546859000157],[91.38471984400007,22.47632065600004],[91.38978531200019,22.475913529000024],[91.39331578900016,22.450721748000092],[91.39874221600019,22.443469408000112],[91.38266929400004,22.44204757400007],[91.38491996800013,22.436615735000146],[91.40666364700019,22.428364312000156],[91.40730015600019,22.422115291000125],[91.41872433800006,22.41746317000002],[91.42677389500005,22.411148839000077],[91.43145111600006,22.403434703000073],[91.44738863100002,22.395118761000163],[91.46072465900016,22.393806601000108],[91.46810816100003,22.399933430000033],[91.47675801000014,22.400593009000147],[91.48636294400006,22.392868462000024],[91.49421130200005,22.392297113000097],[91.51573957200014,22.385787978000053],[91.53110660800007,22.387305091000087],[91.54484038900017,22.39447668700018],[91.55672535100018,22.395773907000034],[91.56345276200017,22.398779777000016],[91.5699506750002,22.40510898900004],[91.57015552700011,22.415396352000073],[91.5778309370001,22.423206215000107],[91.57674298900014,22.429608990000077],[91.5710575720002,22.44003726600016],[91.56978773100019,22.454159320000144],[91.55899509200009,22.47908072400014]]],[[[91.31120302500017,22.661798441000144],[91.31735481200013,22.655549660000133],[91.33151470900015,22.65964384200015],[91.36640000600005,22.65443669800004],[91.36704731900005,22.659613293000177],[91.37523223500011,22.670840000000112],[91.37566393500015,22.686003228000118],[91.37906138800014,22.684833709000088],[91.39673349300011,22.671376477000024],[91.40038893100007,22.670509100000118],[91.40681401000012,22.6838561080001],[91.39956451800015,22.696790102000023],[91.3922263130001,22.704811227000107],[91.38375034400013,22.707777242000134],[91.38136333400018,22.716619808000075],[91.34925686900016,22.72978262400011],[91.3423176010001,22.702074365000158],[91.33742295700011,22.690053053999975],[91.33001523300004,22.677417926000146],[91.3191017580001,22.666827720000185],[91.31120302500017,22.661798441000144]]]]},"properties":{"adm2_name":"Chattogram","adm2_pcode":"BD2015","adm1_pcode":"BD20"}},
{"type":"Feature","geometry":{"type":"Polygon","coordinates":[[[91.15631441800002,23.66873353500017],[91.14883148200016,23.670471305000092],[91.1415509110002,23.665049803000045],[91.12662906800006,23.66818456600015],[91.12412453400009,23.676513980000095],[91.12775561400014,23.68155424100013],[91.11781401900015,23.68577855200016],[91.11917469700012,23.690952788000175],[91.11119506200004,23.693571827000085],[91.10989532100007,23.70176932300012],[91.10411607400016,23.704664611000055],[91.10191915400009,23.712118820000114],[91.10396181900012,23.717472353000176],[91.08616608500012,23.71774509300019],[91.08292725700016,23.723878752000076],[91.0735391090002,23.728344811],[91.06867905700005,23.734163168000123],[91.07161155500006,23.739830471000175],[91.06241770900016,23.742698219000147],[91.05796623700007,23.76327210000005],[91.04718423600013,23.77067804800015],[91.04424847200005,23.779391906000114],[91.03906879100003,23.784828840000046],[91.034526664,23.796269554],[90.9986852340001,23.786658981000187],[90.96955084900014,23.78291821500011],[90.95997296399997,23.780130834000147],[90.9583703460001,23.774127941000074],[90.94786690800004,23.77595847200007],[90.9309232940002,23.770899910000026],[90.91478294199999,23.764667342000052],[90.913780492,23.768315341000175],[90.9012672400001,23.76690765000012],[90.8991397330002,23.76032457000008],[90.88539841400018,23.753490064000175],[90.8864341330002,23.73562589400018],[90.8820364230001,23.725343420000115],[90.86894830700004,23.718223592000072],[90.86514832300008,23.722788224000055],[90.85821571200012,23.721675274000177],[90.85304283600004,23.725174408000157],[90.83449814100015,23.724613384000122],[90.82644746300019,23.733119887000043],[90.81551017300012,23.734415339000122],[90.8114610830001,23.73725687900003],[90.80179761000016,23.734857368],[90.80143401700019,23.746835287000124],[90.79742012300011,23.75173074700018],[90.78771881000006,23.736824201000104],[90.78090298500018,23.734553350000112],[90.78076433200016,23.726513284000077],[90.7756261620001,23.715542615000174],[90.77638497100008,23.706493200000068],[90.78592067800014,23.698627822000162],[90.78509011300008,23.686962611000126],[90.77648996300007,23.68351506700003],[90.76729492600003,23.688546622000047],[90.76427956000009,23.698952966000036],[90.74146338800017,23.69294376600004],[90.7388432460001,23.681956515000024],[90.73302106500006,23.669925578000118],[90.72227215800018,23.664839181],[90.70400681300015,23.6673801230001],[90.6953231660001,23.671971573000064],[90.67968921100015,23.6828795240001],[90.668373341,23.679895520000116],[90.66351956300008,23.674577203000183],[90.64992894000011,23.677636561000156],[90.6434799290002,23.673203800000124],[90.64246058300006,23.662908962000074],[90.63636061800008,23.639337202000036],[90.63190473100008,23.628001768000047],[90.62519797900012,23.61919549000004],[90.64066617100008,23.61449961],[90.6504807890002,23.618471406000026],[90.66345001700017,23.59479921200017],[90.66314221700009,23.58925466200003],[90.647629731,23.58909429900018],[90.64413293300004,23.582095190000075],[90.6477426030001,23.573027476000163],[90.6673393210001,23.57133455100012],[90.68478500100008,23.55813917500012],[90.6866585910002,23.547590140000068],[90.69660781200014,23.529463104],[90.7072341670002,23.519405047000134],[90.70535551000006,23.507605984000065],[90.70023964300003,23.50271318299997],[90.68629742700017,23.495418316000098],[90.69656348400002,23.477136289999976],[90.70032376600011,23.464982099000053],[90.71103709700009,23.449540087000116],[90.70992981200004,23.44236658000011],[90.71168525900003,23.432437553000057],[90.71860157000003,23.430837614000097],[90.7338245850001,23.420826603000023],[90.7384986420002,23.426174361],[90.74938652600008,23.421333051000033],[90.75082752700007,23.414565352000068],[90.76227721100008,23.422614242000066],[90.76905393600009,23.435583152],[90.7700495470001,23.447020010000017],[90.77689994600019,23.441684059000067],[90.7928258230001,23.434163578000152],[90.80363778100008,23.44796163700005],[90.80958477500013,23.44349377400016],[90.8170633490002,23.447878372],[90.81725938200015,23.463200037000036],[90.83233529199998,23.463778004000176],[90.8325963320001,23.470760801000154],[90.846246345,23.472800866000114],[90.8518590870001,23.466086458],[90.85112689800013,23.459262090000095],[90.8575281590002,23.45927445300015],[90.86188052500006,23.453691134999985],[90.87707965800007,23.454060303000176],[90.88127416800017,23.44733703500009],[90.88675250200015,23.421907447000137],[90.89113579800011,23.408790300000078],[90.89881155000012,23.408409886000015],[90.90107435300007,23.39461820700012],[90.90848022600005,23.395505661000186],[90.91103473700014,23.387878898],[90.9187064780001,23.387547236000103],[90.92799158200006,23.379501175000087],[90.93299232700002,23.36424314400017],[90.93277628300012,23.347248067000066],[90.94404235400015,23.34622312900018],[90.94886877100004,23.342723330000013],[90.95557661300012,23.348441702000116],[90.95824902000015,23.339969259000156],[90.9558051080001,23.335820354000134],[90.96259981700018,23.32408205700017],[90.9724115140001,23.320654727999965],[90.97496163900018,23.31524570099998],[90.9744123540001,23.301183295000158],[90.9799049670001,23.29588696899998],[90.98026217900014,23.2885469200001],[90.99405513500011,23.292891819000147],[90.99996938300006,23.275921164000124],[91.00423671300018,23.26802547600016],[91.00855496700007,23.270203054000035],[91.0129107940001,23.26428151800019],[91.01210377900003,23.25600506600017],[91.01439130500012,23.248625978000177],[91.02186345100006,23.24629240600018],[91.02404837700016,23.234130754000034],[91.02818810300005,23.230222158000117],[91.0276690990001,23.22282141000011],[91.02420500300013,23.215905031999966],[91.0139840290002,23.211823228000128],[91.0119741100001,23.20542780600016],[91.0146419900002,23.19356258500011],[91.00715555900007,23.191011646000163],[91.00891964400012,23.18508714900014],[90.99892669100012,23.18005148600014],[91.00647004500001,23.167371799000023],[91.0062295530002,23.15389715000009],[91.0112819850001,23.153568997000036],[91.00695419400006,23.140086637000024],[90.99038472200004,23.139771602000167],[90.9798447770001,23.133108351000146],[90.9851024190001,23.128460052000037],[90.98543845600005,23.115634234000026],[90.99959396500009,23.11715520000007],[91.0008919920001,23.112937893000094],[91.01929494800004,23.1116052320001],[91.02238097700007,23.10479973500003],[91.02891192200013,23.110544746000073],[91.03795980300015,23.11002258300016],[91.04073035100004,23.093050721999987],[91.0506421570002,23.081288263000147],[91.06222920900018,23.079517210000063],[91.06436282500016,23.075865104],[91.07652964500016,23.075884275000078],[91.07890750800004,23.068716770000094],[91.08698282400007,23.067505296000036],[91.1105388360001,23.070078254000123],[91.11495009900011,23.073511025000016],[91.13384428500007,23.07469298900014],[91.14587013300019,23.07884678800019],[91.15577095000003,23.07922174200013],[91.16372815400007,23.082744529000024],[91.17069885900014,23.071861335000108],[91.18333601400008,23.06616056100006],[91.18651056300013,23.060216265000122],[91.20040708300007,23.061283235000133],[91.20785710800004,23.066900812000142],[91.21814086400019,23.066469623000046],[91.21932617600004,23.060844870000153],[91.23607636600008,23.06655163],[91.23827237800003,23.059392457000172],[91.259223884,23.055912232000082],[91.28063243600019,23.057668534000072],[91.2891609940001,23.05214852200004],[91.29546613800005,23.05358045100013],[91.30073964600012,23.05028797700004],[91.3083568880001,23.051844065000182],[91.33007107400016,23.066605786000025],[91.36213743200017,23.068823069000075],[91.36940819800009,23.07022220500005],[91.35144430300011,23.097195091000174],[91.34711834900014,23.101382086000115],[91.34704668600017,23.11785882300012],[91.34131067100009,23.118903434000174],[91.34181292000017,23.128167823000126],[91.3368881290001,23.13204130200006],[91.33255716900004,23.153101234000133],[91.32342026100008,23.160204826000097],[91.32470706700013,23.169808979000095],[91.3237772970001,23.198981457000116],[91.32365775800008,23.237608694000016],[91.3186735590001,23.245152285000074],[91.3255638500001,23.247235884000077],[91.3265472220001,23.252532504999976],[91.31763818300004,23.253492551000022],[91.30965494400004,23.27642482900012],[91.31437239500019,23.282574208000085],[91.30236609700012,23.286273392000112],[91.30024622400015,23.292990097000086],[91.3070099320002,23.300448328000186],[91.31498704600017,23.30339136100008],[91.31008452800006,23.31430402500007],[91.29650953500015,23.31480301100015],[91.29018949300018,23.31952193400008],[91.29645087000017,23.34076420600013],[91.31049437300015,23.342607122],[91.31056821400011,23.351590506000093],[91.31777318400009,23.353221145000077],[91.31545370000003,23.36053802100008],[91.30070098800013,23.351589270000147],[91.29115221900008,23.35133190199997],[91.29403399800003,23.361287882000056],[91.28632975300019,23.362868682000112],[91.28486188200014,23.370875842000032],[91.27989603300006,23.376954077000164],[91.27626298100006,23.41298087700011],[91.2637580970001,23.42322033100004],[91.26996905600004,23.429184925000072],[91.2567866770001,23.440885677000097],[91.25151322800008,23.452964719000136],[91.25209114300003,23.4812690710001],[91.24916529800015,23.489705308999987],[91.23649764800007,23.48965281900007],[91.23670851400016,23.494476187000032],[91.23129206300007,23.4998702150001],[91.22386797400014,23.497422489000087],[91.2177424360001,23.500319912000123],[91.22315102500005,23.514824948000182],[91.20759781100014,23.51248527500013],[91.20026490500004,23.5206725700001],[91.20913584900006,23.546896743],[91.20153963700017,23.550757849999968],[91.19419970000013,23.54765788399999],[91.19476034100006,23.56341573700007],[91.18579639300003,23.578099542000075],[91.17507470700019,23.585860005000086],[91.17637198500006,23.593770781000046],[91.16456153000013,23.593632131000106],[91.16414779400014,23.60129329200015],[91.1599715160001,23.608987487000036],[91.15730155000017,23.622805785000082],[91.160212834,23.63171615700014],[91.15838798200019,23.64177502600012],[91.16070157100006,23.654413024],[91.15631441800002,23.66873353500017]]]},"properties":{"adm2_name":"Cumilla","adm2_pcode":"BD2019","adm1_pcode":"BD20"}},
{"type":"Feature","geometry":{"type":"MultiPolygon","coordinates":[[[[92.06301341300002,21.910663328000055],[92.05901387300003,21.91263150700013],[92.05721323800003,21.92184927800014],[92.05062116700003,21.91745478600012],[92.04066800600009,21.921906477000164],[92.03595495100012,21.913288840000064],[92.03658104200014,21.907892126000093],[92.01196170000009,21.90417421800015],[92.007124901,21.907883938000168],[91.99753951500008,21.908542460000092],[91.98629396300004,21.901892052000164],[91.98071860200014,21.90087557600009],[91.97422735800006,21.904317557000013],[91.96677645100004,21.891318897000076],[91.96892780500008,21.885560868000027],[91.96434900500009,21.881395909000105],[91.95900331900015,21.883712798000033],[91.94397655100005,21.88139838100011],[91.936508893,21.87707701800008],[91.92936331200002,21.879136416000108],[91.9235783040001,21.875882946000047],[91.92539125700011,21.865720091000185],[91.92290021100007,21.85582990600011],[91.91432160300008,21.857779702000187],[91.9040103820002,21.859095777999983],[91.9032985560001,21.850233204000176],[91.89269301600012,21.819981269000095],[91.86411200100008,21.755389517000083],[91.85574984400017,21.73148714299998],[91.87282302000011,21.722236459000044],[91.8690489380001,21.712161709999975],[91.85890431700017,21.69724079700012],[91.85465847100005,21.68513654999998],[91.85447056300012,21.67224624700009],[91.8435610520001,21.647662111999978],[91.84222405500009,21.62456071500003],[91.84558430200019,21.60140718100007],[91.84644567000004,21.587041947000046],[91.85269459000017,21.57503278900009],[91.85329547400016,21.56239545800014],[91.84976193300008,21.544994719000044],[91.84274083900004,21.53955355000005],[91.8419030980001,21.533887394000033],[91.84726928600014,21.51895250900003],[91.86637943000005,21.49556045999998],[91.88655546400014,21.4810558370001],[91.893937941,21.474460643999976],[91.90078240200012,21.475637495000115],[91.908730273,21.472464343000127],[91.91763654700009,21.474154602000056],[91.92131963600013,21.47930633400017],[91.92183030500019,21.490962238],[91.94123134400002,21.497761497000113],[91.9442462790002,21.503484365000077],[91.95165001000004,21.498105697000028],[91.96177471200019,21.499935549000043],[91.97564150200003,21.480601195000133],[91.97039329000006,21.47635298600005],[91.960782908,21.47309057700005],[91.95350978200008,21.46753570500016],[91.94661979,21.465711365],[91.9475268700001,21.458612774000017],[91.95681013400014,21.443114962000095],[91.97744474300009,21.42142327200014],[91.9864403860002,21.410734001000094],[92.01739343000008,21.368234520000044],[92.02043054,21.36274996600008],[92.03366103900004,21.323291053000105],[92.03502232800014,21.31478351800007],[92.04267665000003,21.304034049000165],[92.04290460300012,21.298391375000108],[92.04798883100017,21.286239237000075],[92.0457541630002,21.276070322000066],[92.04730793700014,21.269722909000052],[92.043766349,21.234494905000076],[92.0467387170001,21.223556037000094],[92.04549550500013,21.214422570000124],[92.04713977300008,21.208031170000083],[92.04617854900016,21.18457084800019],[92.05443823700017,21.16702923700018],[92.06677805500016,21.151358906000098],[92.07936836200014,21.137522579],[92.09972061400009,21.112047788000154],[92.11499302000004,21.09501287],[92.14301543100004,21.06199868200008],[92.16014569600014,21.043440030000056],[92.17400191400014,21.027062115000035],[92.18820364500004,21.004863041000192],[92.20269461400005,20.957648833000064],[92.21146013500015,20.942485738000187],[92.21746187400015,20.92667642600003],[92.22478306700009,20.912473045000183],[92.2361954070002,20.898173034000138],[92.253117315,20.873952082000187],[92.26584475300007,20.85313347800019],[92.2783354450001,20.829635205000045],[92.28076903500016,20.826993021000078],[92.28872820700002,20.80891859900015],[92.29684451600019,20.786231799000063],[92.30455420800007,20.761206830000106],[92.31538016600012,20.74235937700007],[92.3300925480001,20.730473105000158],[92.34616739400019,20.71991493200011],[92.35322469000005,20.718615263000117],[92.36834333300015,20.72197695500006],[92.36401917000006,20.7276035160001],[92.36051329400004,20.741948647000186],[92.3604765610001,20.7535731910001],[92.34671845700007,20.77809350500013],[92.33743313000014,20.81654212900014],[92.33106917200013,20.83924724700006],[92.3148515650002,20.88663903900016],[92.28410390700003,20.919175978000112],[92.27086871400019,20.94044306000012],[92.27154604200007,20.98079077000017],[92.26363991600016,21.011746072000108],[92.25401557999999,21.023660820000032],[92.25354075700005,21.036454152000033],[92.25725420200007,21.05009263900007],[92.26459119800018,21.062264911],[92.25882547600008,21.07917201200013],[92.23406063600004,21.097057045000156],[92.22390527599998,21.120435285000042],[92.21796582400009,21.122899466000092],[92.20748683900018,21.11897941100017],[92.20135419400003,21.12406214599997],[92.19812914100004,21.13824362700018],[92.2031374570002,21.146369984000103],[92.19975355200006,21.16150323300019],[92.19278663600005,21.163469809],[92.18177934200008,21.15893433100007],[92.17673490300001,21.159724036000114],[92.17342256500007,21.169896748000042],[92.17341096899997,21.179972820000046],[92.17639488500015,21.18348796200013],[92.16967042300013,21.190532541000096],[92.17364847900012,21.19793842600012],[92.16894730000007,21.203286296999977],[92.16613249500011,21.22032935599998],[92.16929328000009,21.22695559200008],[92.17922174000017,21.23557258599999],[92.17781217500016,21.239486348000185],[92.18402399700005,21.25342813200018],[92.19026125800019,21.260702512000023],[92.18918174600003,21.27059813699998],[92.17984511400005,21.269342088000087],[92.17565533900006,21.28456528600003],[92.1696367940001,21.29222862100005],[92.16946930100016,21.2975159020001],[92.16363109400004,21.300810475000105],[92.15698005700011,21.315604439000083],[92.15218780900011,21.322375587000067],[92.149612993,21.331904202000032],[92.1494978830001,21.340827890000128],[92.14281192300007,21.3515558900001],[92.13303806900012,21.388378539000087],[92.1277493990001,21.401668828000084],[92.13771431900017,21.40481785300011],[92.14260321400013,21.399964704000126],[92.14714179800012,21.40688044799998],[92.15635578300015,21.412162352000053],[92.15414039299998,21.416861866000033],[92.15764816700016,21.429068802000188],[92.17280514200007,21.430024145000118],[92.17831714400012,21.432015953000075],[92.1887070890001,21.42405564600017],[92.19161648000005,21.413463402000048],[92.1982850890002,21.401182853000137],[92.20266888500015,21.388873446000105],[92.21631514000012,21.39378891700011],[92.2189276040001,21.398303330000147],[92.22935908500017,21.39767952700015],[92.2361704560002,21.395042291000095],[92.24422708200012,21.397056690000056],[92.24745076600004,21.403018503000112],[92.23753084600014,21.411522173000094],[92.2410945520001,21.422694434000164],[92.23222199300005,21.431486391000135],[92.2325286200001,21.438762839000162],[92.23817824200006,21.453970793999986],[92.24071138400018,21.465946860000088],[92.23784043600017,21.47460000000018],[92.22349274800018,21.477527636000104],[92.22486154600006,21.488359099000036],[92.21763473000004,21.49403582700006],[92.21679239600019,21.498778803000107],[92.2092266950001,21.499364448000165],[92.20394847800009,21.495795034000025],[92.20191715300012,21.508315113000094],[92.19381347000012,21.507936443000176],[92.1831570390001,21.500585543],[92.17659206500014,21.500398093000115],[92.1700188100001,21.504122879000136],[92.1711010520001,21.50881135500009],[92.16063450900015,21.525294391000045],[92.15831986300014,21.532178406000014],[92.16579031400016,21.542635749999988],[92.17977503300006,21.55179301600009],[92.18591002600004,21.564512988000047],[92.1800398540002,21.569502371000112],[92.177607422,21.57723699000013],[92.1720058480002,21.582768956999985],[92.17540488300011,21.596008045000133],[92.1681284390001,21.60320081200007],[92.15300136600018,21.59223582700008],[92.14658405400013,21.59571641000008],[92.1469187400001,21.60853970000005],[92.14221269100005,21.615653102000124],[92.1319943690001,21.619371779],[92.12468493500018,21.626396217000035],[92.11281701200011,21.62855228800015],[92.10464181800012,21.638749871000016],[92.11580775100003,21.646390008000083],[92.11579897500019,21.650219026000173],[92.10847696100012,21.656574795000154],[92.11359577500014,21.66416976700009],[92.10603902600008,21.672291659999985],[92.10316232200012,21.68023206700019],[92.09450524000005,21.684353415000146],[92.10600342700008,21.69223359900002],[92.10398840700014,21.696819560000165],[92.10738362900003,21.702126955999972],[92.11590785700014,21.702262163000057],[92.10920467300008,21.715477828000132],[92.11803471800016,21.71421152700003],[92.11325023800009,21.728989897000133],[92.12355678600017,21.73578428100012],[92.13725461400003,21.733601000000192],[92.15693434800016,21.735535553000148],[92.15915679300008,21.74055218500007],[92.15389711600005,21.745666342],[92.16263358700019,21.768473122000046],[92.17755441700018,21.77996020100005],[92.17634521400004,21.78560037000011],[92.1827781250002,21.787407768000094],[92.18307750600019,21.776771788000076],[92.1886017170001,21.773673981],[92.196354326,21.78602544900002],[92.20544594500006,21.78462885800002],[92.21165388499998,21.786187052000173],[92.20826440200011,21.798630293000087],[92.20425922300012,21.804885097000124],[92.20597112000007,21.814650639000092],[92.19791146700015,21.82405899400004],[92.192159146,21.822555289000093],[92.18431060000006,21.82879976900017],[92.18576853700017,21.843309662000024],[92.1749773000002,21.844547264000084],[92.1693094150001,21.835745427],[92.18037993299998,21.818638846000113],[92.18163227100007,21.802449557000045],[92.18667388500012,21.800073447000102],[92.18683923700013,21.793808955000145],[92.19158400500015,21.790792885000144],[92.18865600800007,21.775327973000117],[92.18413988200012,21.778952096000182],[92.1849957030002,21.78710640600002],[92.17715158200014,21.79029346600015],[92.17338802200015,21.78243946499998],[92.16452482100016,21.773067275000074],[92.15632335700013,21.777371233000054],[92.15323013400007,21.775099841000042],[92.14349224200015,21.776808960000153],[92.141512739,21.78376530800017],[92.13596852400002,21.791799470000058],[92.13054247700006,21.794666668000104],[92.12345275500019,21.79062436200013],[92.10729197000018,21.789492564000113],[92.10372817200005,21.80400461300013],[92.09291036800005,21.803290979000053],[92.08304401400011,21.805300852000187],[92.07919915300005,21.80954395500015],[92.0793660380001,21.82109403800007],[92.0846882080001,21.82893300300003],[92.09069493800007,21.830012868000097],[92.09309379900003,21.838252],[92.08912850600012,21.843226091000076],[92.08819065400019,21.859348142999977],[92.08410599100017,21.874053884000034],[92.08517582200011,21.884921914000074],[92.0802020430001,21.887842949000117],[92.07004150200004,21.901466973000083],[92.0621769390001,21.902782583000032],[92.06301341300002,21.910663328000055]]],[[[92.32343296800013,20.636979094000026],[92.31754893100009,20.634346308000147],[92.31505010200004,20.628133673000093],[92.32495108100005,20.618252299000176],[92.32668159000013,20.603559086000075],[92.3243094710001,20.601057966999974],[92.32694385100012,20.590748150000024],[92.33156475400006,20.590925209000034],[92.33204845900002,20.6010508],[92.32610158200015,20.618810242000052],[92.32968412800005,20.635087278000128],[92.32343296800013,20.636979094000026]]],[[[91.87017593400009,21.92308538499998],[91.86413749400015,21.919559551000134],[91.85673163700017,21.907261544000164],[91.84856802900009,21.901713464000125],[91.8460921050002,21.89634056300008],[91.8476719740001,21.889775161000102],[91.84671630600008,21.87969153000006],[91.84259624700013,21.87535262500012],[91.8408954730001,21.858453721000046],[91.84996064100017,21.836941236000143],[91.85122577500005,21.825838840000074],[91.84849610000009,21.81618449000007],[91.84213115900019,21.80510526600017],[91.84471864600016,21.77539699600004],[91.83311694400015,21.76028098200004],[91.82919724900012,21.739305869000134],[91.829382855,21.72323000900019],[91.83426933400011,21.721076140000037],[91.84336987700004,21.722106294000184],[91.84602379400013,21.72533257100008],[91.84523104900018,21.740557120000062],[91.85072592900008,21.745076948000076],[91.85723684400011,21.766080961000057],[91.86777212000015,21.791435101],[91.87732324600012,21.82143474999998],[91.88625825200006,21.839302667000027],[91.89462928500018,21.860806927000112],[91.89599561199998,21.877040442000066],[91.89435725000016,21.89058337600011],[91.89042058100011,21.900759282000024],[91.87980583900008,21.921144500000082],[91.87017593400009,21.92308538499998]]]]},"properties":{"adm2_name":"Cox's Bazar","adm2_pcode":"BD2022","adm1_pcode":"BD20"}},
{"type":"Feature","geometry":{"type":"Polygon","coordinates":[[[91.57751832200006,22.967290687],[91.55633063800008,22.978947083000094],[91.5570232390001,22.99612877200019],[91.54833979900019,22.994827622000173],[91.54244037600012,22.99895146400013],[91.5479264270001,23.019143473999975],[91.53845084300013,23.01979354600013],[91.55009307400019,23.03844883000005],[91.53059720100015,23.038692898000136],[91.5353976770001,23.055405313000108],[91.5252330850002,23.055465912999978],[91.52622606700015,23.06011414000011],[91.5351685280001,23.06350902300005],[91.52560913600013,23.083185605000097],[91.53052465100018,23.086366663000035],[91.53024323200009,23.09168645000011],[91.51943566800009,23.094421153000155],[91.52270648600017,23.1042041930001],[91.51145218900007,23.104474948000018],[91.51454547700018,23.122877803000108],[91.50400145800006,23.127390421000086],[91.50382648700003,23.130417519000105],[91.5148997120001,23.138658507000173],[91.5152732900001,23.144925109000155],[91.50519566800011,23.14060962500014],[91.4952564250001,23.147190847000047],[91.49096174400012,23.15777840500016],[91.49483395200019,23.162066723000066],[91.49822411300016,23.171783695000045],[91.49241233300012,23.172077839000053],[91.49163986700017,23.17770050300004],[91.49722913200014,23.17991747300016],[91.50318217800015,23.192235942000025],[91.48491133900018,23.188364821000107],[91.47077905600014,23.19652631800011],[91.48241851000006,23.198581972],[91.48441424400016,23.20935894000013],[91.4753694750001,23.22049792500013],[91.45837275800017,23.213342196000042],[91.45159886500005,23.219104493000145],[91.45393538000019,23.223577197000168],[91.47025978100004,23.227793380000037],[91.45786513100018,23.246169521000013],[91.447840262,23.243846441000017],[91.44599674800008,23.24986351100017],[91.45448658800018,23.257252221000044],[91.45414830900017,23.260397688000182],[91.43135871700014,23.262588034000032],[91.41928237100012,23.257909045000076],[91.41530172800003,23.262217212999985],[91.41946687900014,23.273190846000148],[91.4153305860001,23.281218811000144],[91.40824277700011,23.284633877999966],[91.41048204100014,23.258741515],[91.40020600200012,23.25594122600006],[91.40696553300012,23.247786527000073],[91.39131800800016,23.246754104],[91.39889472800019,23.23283729900004],[91.39845024600015,23.22945451000004],[91.38550383800009,23.227645500999984],[91.39004518800016,23.220651265000015],[91.38388903900017,23.212304146000122],[91.3859446100002,23.204306825],[91.38151106800018,23.184625762000053],[91.3836153700002,23.175566835000097],[91.38354436200018,23.156181502000095],[91.38782226100017,23.15303029100005],[91.39203312600017,23.13750652500005],[91.39659160800005,23.12845282000012],[91.39622593300004,23.117710904999967],[91.40222273800003,23.113510026000142],[91.39963945700003,23.096551596000097],[91.40538882900006,23.096816614000033],[91.40441332600005,23.087787059000107],[91.40726282100002,23.08352593899997],[91.41635081200013,23.083036022000044],[91.410578456,23.06612889100012],[91.40457346700009,23.059090398000137],[91.39425223000012,23.056607802000087],[91.36940819800009,23.07022220500005],[91.36213743200017,23.068823069000075],[91.33007107400016,23.066605786000025],[91.3083568880001,23.051844065000182],[91.30073964600012,23.05028797700004],[91.29546613800005,23.05358045100013],[91.2891609940001,23.05214852200004],[91.28063243600019,23.057668534000072],[91.259223884,23.055912232000082],[91.25641076400012,23.048907821000057],[91.2616113000002,23.042602813000087],[91.26131535200005,23.036366406000013],[91.26498354800015,23.025530475000096],[91.25915137900017,23.01647735500012],[91.26056944100009,23.000879256000133],[91.2582180730002,22.977044612000157],[91.25606735900004,22.965121417000148],[91.2597091680002,22.959201429000018],[91.2587880530001,22.947142025],[91.26203672400004,22.944896611000047],[91.25994754700014,22.921407454000132],[91.26303570300018,22.911574167000026],[91.25002329700004,22.90313504600016],[91.25041010900003,22.896875050000176],[91.25615559900007,22.89592427700012],[91.26862776100012,22.884770020000076],[91.27238675200005,22.89325942400012],[91.27776357300019,22.892468892000124],[91.28009626900013,22.90159952099998],[91.30059387400013,22.896487020000052],[91.31273735100007,22.907745107000096],[91.31492868600014,22.902893409000114],[91.32155963700012,22.903998990000048],[91.3306499680001,22.909267258],[91.34235839700011,22.906559009000034],[91.3518518890001,22.898767615000168],[91.34400331700016,22.896393344000103],[91.34175046800016,22.880001538999977],[91.3329805100002,22.884083187000044],[91.32746396300018,22.88108108500012],[91.33354796200007,22.875167670000167],[91.34170443699998,22.874201223000057],[91.33659502000012,22.867398091000098],[91.33716431900007,22.862457395000035],[91.35171244700012,22.863711821000095],[91.34714240400007,22.85713249400004],[91.33718511900014,22.857674845000076],[91.3357449720001,22.8435023560001],[91.32786279900012,22.848535844000025],[91.31831498600019,22.845189840000103],[91.31132187300005,22.84520243600008],[91.31107680200012,22.83825436100011],[91.32364061900017,22.836883689000047],[91.3253046260001,22.825957005000134],[91.33026091700015,22.819801073000065],[91.31272331200006,22.820382332000122],[91.31018110300016,22.81651724200003],[91.31184850000017,22.809235354000066],[91.32168302800011,22.802293990000067],[91.33396586400016,22.789486005000185],[91.34300529200004,22.787231192000036],[91.36507622700003,22.796482130000015],[91.37193848000004,22.796125187000086],[91.38038799000014,22.776118991000146],[91.39549111900004,22.766628410000123],[91.41790679500019,22.760725060000027],[91.42913476800004,22.75182350700004],[91.45141462600003,22.738684677000094],[91.45087201300015,22.75167491900004],[91.44621651000017,22.770672403000162],[91.44373076900007,22.80284538900014],[91.44593294100002,22.81339922300009],[91.45538174700005,22.826000351000175],[91.46055920600008,22.83018200100014],[91.46587295100016,22.84705153800013],[91.46550632800012,22.859267810000176],[91.46730031500016,22.866546487000164],[91.47258050800014,22.871826280000107],[91.47213846800014,22.882975234000128],[91.46168780900013,22.882371726000088],[91.460899826,22.895607886000107],[91.46410476000017,22.901986234000105],[91.47030832300015,22.906142108000097],[91.4901503640001,22.90810219000008],[91.4997863980002,22.90747639300008],[91.50506851700015,22.90389517300008],[91.51452615800008,22.90551222],[91.51559494300017,22.91034282200019],[91.5330280180001,22.919389678000186],[91.53170382600013,22.930547045000083],[91.53833539200008,22.932980050000026],[91.535177395,22.94248891900014],[91.52509615000014,22.945241335000162],[91.53037759200015,22.952429021000114],[91.53797890499999,22.94625038900017],[91.54542894900004,22.956699676000085],[91.5590837530001,22.958123561000036],[91.56780407000014,22.95732412600006],[91.57549674300009,22.961743119],[91.57751832200006,22.967290687]]]},"properties":{"adm2_name":"Feni","adm2_pcode":"BD2030","adm1_pcode":"BD20"}},
{"type":"Feature","geometry":{"type":"Polygon","coordinates":[[[92.07805215200011,23.647905734],[92.06234283000009,23.645542382000087],[92.0529839670001,23.648935027],[92.0407005080001,23.648444919000156],[92.02483110200018,23.661679415000037],[92.00839027500007,23.664155160000178],[92.0047740440001,23.671118140000033],[92.00046259600009,23.67164113700005],[91.99708853900006,23.67962110700006],[91.99289834199999,23.69610548800017],[91.98966028500007,23.70083316800003],[91.97754491700005,23.733880966000072],[91.96860336900005,23.73000881300004],[91.96690325400016,23.73378199500013],[91.95664843800006,23.73393471900016],[91.95263440300005,23.718331380999985],[91.94892939900006,23.714831955000022],[91.95097955400013,23.69962825000016],[91.95339162700014,23.69378084600004],[91.94217840800007,23.69381135800006],[91.93423352600013,23.68579365100004],[91.94142829400016,23.66935409600012],[91.93965066100009,23.659001874000126],[91.9463449210001,23.64583470800011],[91.94650052300017,23.63846496900004],[91.941094733,23.634638911000025],[91.9455228810001,23.622838731000115],[91.9511053600001,23.61612767200006],[91.95300802600013,23.608471842000085],[91.95179760500008,23.600469170000167],[91.95546988000007,23.575929074000044],[91.95792773600004,23.57202685900006],[91.95733413700003,23.551307831000088],[91.96431765900019,23.53340743500013],[91.95647694700017,23.529289593000158],[91.95660698500006,23.52194267900012],[91.96752355200016,23.510891006000065],[91.97027294800006,23.500973777000127],[91.9637175380002,23.497539689],[91.96507472100012,23.492136635000065],[91.96660399600006,23.468806099000062],[91.96107954000007,23.462947972000052],[91.9503551090001,23.464888347000112],[91.93980369000002,23.449977623000052],[91.92242288000011,23.453394019000143],[91.90736783000017,23.44057100200007],[91.89295036800013,23.432290386999966],[91.8827748810001,23.422255162],[91.8606917570001,23.4061039070001],[91.8510438190001,23.40193842700006],[91.84230783000015,23.390591926000127],[91.8418476220001,23.375217361000182],[91.83722016000002,23.360435798000083],[91.8215025070001,23.358716528000116],[91.82650694,23.36665187500006],[91.82844216400008,23.376887174000046],[91.82652693200009,23.399012342000162],[91.82318333300009,23.401816774000054],[91.81472304400006,23.395951039000067],[91.81426311500013,23.387326077000182],[91.81077825500006,23.385946531000116],[91.7993230100002,23.39663478400007],[91.79007765900008,23.397903566000082],[91.79046391100002,23.391614294000192],[91.79724327600007,23.36671090500016],[91.79663283500014,23.361695000000168],[91.78542514000014,23.35333057800017],[91.78729268500018,23.341520577000097],[91.78193300400005,23.335935642000095],[91.75950155600015,23.319910235000123],[91.74687323300003,23.311901813000077],[91.74480048700013,23.303804497000158],[91.76351046000019,23.30212095400003],[91.76466492000014,23.293615114000033],[91.75927109700018,23.287995747000082],[91.76394846500011,23.273373040000138],[91.77561105299998,23.26769474300005],[91.77847529000013,23.252586501000053],[91.77495388400007,23.24274960800011],[91.78284162900013,23.239838358000156],[91.78274249200001,23.232791453000175],[91.78889372500015,23.22482920500005],[91.78960500800014,23.212492707000024],[91.7868870900001,23.20757735300009],[91.79004651300016,23.20057917100013],[91.79734801500013,23.194077736],[91.79367740700019,23.18702418500004],[91.80458751800006,23.179731784000182],[91.8054294480001,23.15889637600003],[91.8124803030002,23.145866193000018],[91.8078437440002,23.140268836000075],[91.81267596600014,23.133822246000136],[91.80992186999998,23.121726382000134],[91.81478271700013,23.11791397500008],[91.81677913800019,23.103264392000085],[91.83367709800018,23.094427118],[91.81455418900003,23.080700989000036],[91.81717825700008,23.077054222000186],[91.81100190300009,23.06898442500011],[91.79910179300009,23.065476686000068],[91.7953443040002,23.068587466000054],[91.78407357800006,23.071611619000066],[91.77576505000002,23.07022200700004],[91.77280620599998,23.065952275000086],[91.77905101200014,23.058581054000058],[91.77708767100012,23.055469612000024],[91.7814736090001,23.048153072000048],[91.78346008500017,23.03862172200013],[91.77848028200015,23.034541897000167],[91.76735274900005,23.040696685000114],[91.76751318700019,23.034484232000068],[91.76123134000011,23.03053576800005],[91.74368538600015,23.011520023000116],[91.74204408200006,23.006539702000055],[91.72437950100016,22.997835734000034],[91.72120079500007,22.9903387870001],[91.71481289200011,22.990367418000062],[91.71044126900011,22.984418335000157],[91.7198680790001,22.98291653700005],[91.72174364300002,22.96645140400011],[91.72857149200019,22.952594131000126],[91.72838163800009,22.93433626200016],[91.72304120500013,22.914165635000018],[91.72577003700013,22.90587519500008],[91.71811542400013,22.893642541000133],[91.72070464900003,22.884233873000085],[91.73080913900014,22.876055256000086],[91.74760226800004,22.869809764000024],[91.74974572000013,22.864729041000032],[91.75676771000008,22.860097956000118],[91.75930250100009,22.849876635000044],[91.75728011800004,22.841638208000063],[91.76597650700006,22.832999015000155],[91.76470560100006,22.817832613000064],[91.76910895100008,22.814923328000134],[91.774271757,22.8061265500001],[91.77648245300014,22.793553885000165],[91.78360798700015,22.784403101000066],[91.79177414300011,22.78164755600011],[91.78954695100003,22.77688634400016],[91.79572216400015,22.77156567900016],[91.8038816940001,22.777921460000186],[91.80978081600006,22.78958980800013],[91.81875136100001,22.790413378999972],[91.8262288300001,22.786623179000117],[91.83757294700018,22.788113841000154],[91.83323237900004,22.78106136000008],[91.83330669500015,22.774188341000126],[91.84464419500011,22.775215821000018],[91.84915006199998,22.76975897500006],[91.85837753300007,22.774902937000093],[91.86283042400004,22.76558588],[91.85679612900014,22.7596397100001],[91.86591097600018,22.75809760700014],[91.87546115000004,22.766611897000075],[91.89125080200017,22.761777251000126],[91.89156491500012,22.754361953000114],[91.88725515100003,22.749703669000155],[91.87798741300008,22.717231521000144],[91.8846354170002,22.69823701399997],[91.89278030700018,22.697522274],[91.89671517600004,22.693229172000088],[91.90316638100012,22.693139022000082],[91.91018643300009,22.698629282000127],[91.91397938100005,22.69611191900009],[91.92126245600019,22.699268720000077],[91.92714161100014,22.697188784000105],[91.92810236500009,22.688605310000128],[91.93368384500002,22.687544643000024],[91.9471094210001,22.690095400000132],[91.96267409799998,22.691158162000136],[91.96664433000007,22.71779086800018],[91.98471226999999,22.718161286000054],[91.99423958000011,22.72054851200005],[92.0014151760002,22.726811256000076],[91.99644137400009,22.7425968230001],[91.98540684800008,22.766327240000066],[91.97758984400008,22.781149824000124],[91.97460117300017,22.796429331000013],[91.97597893700015,22.816156102000036],[91.97983268800004,22.834639769000034],[91.98456250500016,22.849373980999985],[92.00908193300012,22.853569889000084],[92.01615151200019,22.85705848100008],[91.99623664900008,22.880604086],[91.99409996800011,22.88522703899997],[91.99791576500013,22.89756789000012],[92.00222751500019,22.90347320700016],[92.01257065700014,22.903516318000072],[92.03499614100019,22.897654857000134],[92.03841663600014,22.893917923000174],[92.05209695700006,22.896112072999983],[92.05888202600005,22.902568401000053],[92.06390333100012,22.911986409],[92.07522247200012,22.924766712000064],[92.11072647800017,22.95299568200005],[92.12977060400004,22.966009343000053],[92.130355119,22.981522523000024],[92.11959737800015,23.02200894000009],[92.11337462200004,23.03386616400013],[92.10222498600018,23.058677892000105],[92.0883647330001,23.09517928000008],[92.11453885000009,23.100780906000125],[92.13213949000016,23.105539336],[92.1462916930002,23.11078058300012],[92.16835696700014,23.11608794900019],[92.18008628800015,23.117853881000087],[92.19941080600017,23.117673595999975],[92.18773915400004,23.13944167900013],[92.17050204600008,23.166822758000023],[92.16460918000013,23.178295915000092],[92.16305907200012,23.189808589],[92.1584600610002,23.20778032100003],[92.15214291600017,23.222468710000044],[92.14445987800008,23.247095939000133],[92.14052858100013,23.280447714],[92.13982179300012,23.29610645300005],[92.13516169100018,23.326127397999983],[92.13485975500004,23.342288429],[92.13301859900014,23.348798413000054],[92.12340015600017,23.358700588000033],[92.0937212130001,23.375752075000037],[92.079499413,23.382952809000187],[92.06668927500004,23.392542139000113],[92.06640013400005,23.398374146000094],[92.07160128000015,23.403124458000036],[92.0897271250002,23.414627315000132],[92.09637149800011,23.417429734999985],[92.11786602800004,23.431468248999977],[92.13743167600012,23.440446837000025],[92.14428442400015,23.44723033400004],[92.14591578800008,23.454130560000067],[92.14502261100017,23.466455552000184],[92.13817265000017,23.498228653000183],[92.13700741600019,23.514324497000075],[92.130235928,23.55117932900015],[92.12069124800007,23.57536416000005],[92.1139893460001,23.599159997000072],[92.09651942500017,23.636685053000065],[92.0880793550001,23.647269879000078],[92.07805215200011,23.647905734]]]},"properties":{"adm2_name":"Khagrachhari","adm2_pcode":"BD2046","adm1_pcode":"BD20"}},
{"type":"Feature","geometry":{"type":"Polygon","coordinates":[[[90.96256701600004,23.130850540000097],[90.96191333700006,23.138046583000175],[90.95489876100015,23.143888036000078],[90.9406539100001,23.141636548000122],[90.92267713100011,23.146410325000147],[90.91180536800005,23.145888740000032],[90.91018563100005,23.150475313000186],[90.9027860590001,23.149957863],[90.90152100400013,23.156692057000157],[90.8926042760001,23.164788524000073],[90.8674715960002,23.16807226700007],[90.85628026800003,23.162684617000025],[90.84634047900016,23.16084149599999],[90.84823048600015,23.14606305600006],[90.83933791600015,23.141989535999983],[90.8365569560001,23.133969803000184],[90.81851848200006,23.12555571200005],[90.81879781700019,23.119886264000115],[90.81305380100008,23.11777748800006],[90.79687761400004,23.116441891000136],[90.79131111800007,23.08537924700005],[90.79183558400013,23.08042892900005],[90.78625169100007,23.07559041900015],[90.77073647000003,23.075502024000173],[90.75861619100004,23.06779472700009],[90.75134852700018,23.06553285100017],[90.75529887700014,23.060358537000184],[90.74738177800015,23.05541907000014],[90.73084349400006,23.040915079000058],[90.71776251100016,23.049806884000077],[90.70690087100013,23.059236485000042],[90.69966274500007,23.062089215000185],[90.68550191300005,23.0625554880001],[90.67103376900008,23.05360946800016],[90.66193244400012,23.04970494300011],[90.66669619800007,23.036027077000085],[90.66339304500008,23.022191130000067],[90.66414436000014,23.008338123999977],[90.65291154000016,22.98967290600018],[90.65177034000004,22.983006697000064],[90.65757937900008,22.97793322200016],[90.67578550100012,22.94234546299998],[90.69420563000017,22.92475537200005],[90.70154151999998,22.91174269000004],[90.69910686800017,22.903746108000064],[90.6945007610002,22.901121295000053],[90.67354693800007,22.900019129000157],[90.66062784500008,22.903033957000048],[90.6633951610001,22.895642352000152],[90.66252232900013,22.884060965000117],[90.66797374600009,22.883033253],[90.68151969900009,22.87429942900019],[90.68141973299998,22.871481517000063],[90.67201806800006,22.86450717200006],[90.68005074100006,22.859247468000092],[90.69175055800008,22.867914006000035],[90.7161408140002,22.86847001600006],[90.71749352300014,22.860800645999973],[90.7175719060001,22.82697349400013],[90.71914822000019,22.815738182000075],[90.72511146900018,22.80566832900007],[90.72941354000005,22.802073832000133],[90.74701637400011,22.795039084],[90.75548542300015,22.78967416],[90.76617350600014,22.77892796600014],[90.77025732800018,22.76228736000013],[90.77316336400008,22.726748154000177],[90.77283738100004,22.71953222200017],[90.7765877220001,22.70113828900014],[90.77900573700003,22.674408546000166],[90.78346108300008,22.661044723000145],[90.78905784300008,22.65406393000012],[90.81663486400015,22.63644428000015],[90.826542093,22.623150850000115],[90.84468196800015,22.60345435300019],[90.8722636550001,22.57801399500005],[90.89490900599998,22.55482976200011],[90.91943605700015,22.515397236000126],[90.93147243300007,22.493449556000087],[90.94068445100004,22.49867765500005],[91.00151508800013,22.529039071000057],[91.00541084300016,22.53260991200017],[91.01807239900006,22.53792295100004],[91.02346467600012,22.544480531000147],[91.01831426600012,22.55829296000013],[91.01625810900003,22.57490171799998],[91.0073127080002,22.574901581000063],[91.00601957800018,22.595567997000103],[91.00417953600015,22.6041698140001],[90.99624833400009,22.62107692800015],[90.9864745340002,22.633839865000027],[90.98122509500007,22.637817184000028],[90.99467414000003,22.6634238420001],[91.01254707400005,22.67855927200003],[91.012232053,22.687937319000184],[91.00916889900003,22.692362406000086],[91.004669702,22.7067302910001],[91.00030669600017,22.709395213000164],[90.9758968650001,22.71460439600014],[90.97726599300006,22.75370776200009],[90.97043002400011,22.75680970800005],[90.95352336200017,22.77187443200006],[90.92441174599998,22.78906814400017],[90.9072969990001,22.797898952000025],[90.89719302900005,22.800918908000142],[90.89126799900009,22.805945071000053],[90.89237068100005,22.810879892000116],[90.91048855200012,22.815165143000172],[90.92106039200019,22.813785605000078],[90.92618552000005,22.815302153000175],[90.93132207700006,22.82860297900004],[90.93903491700013,22.831698853000034],[90.94389151600006,22.837789854000164],[90.94364883900016,22.8511710680001],[90.93960100800018,22.85576784800014],[90.94205750300011,22.86288919900005],[90.95230292400004,22.862539163000065],[90.95500518400019,22.866009598000062],[90.97039984900005,22.86790137900016],[90.97683211600014,22.874573289000125],[90.98221475500009,22.874402390000057],[90.98791581400008,22.88085703800016],[90.98257113000017,22.893781992000015],[90.98801106900004,22.902681530999985],[90.98316690300015,22.912441965000028],[90.98560673400016,22.92454182600011],[90.99001793899998,22.927379970000118],[90.98909495200013,22.940437801000087],[90.99746579700019,22.94768822200018],[91.00195530000013,22.961847784000042],[90.99734541800012,22.971756168000127],[90.99896779800002,22.97723546400016],[90.97767107300018,22.979368967000028],[90.96601462900009,22.979372699000123],[90.96060770700018,22.982393088000038],[90.95462613000007,22.99267560300018],[90.94443728100003,22.998112163000087],[90.94382687500013,22.99337594600013],[90.93715188700014,22.98996737600004],[90.93006101700013,22.998079806000135],[90.92655018400018,23.006089734000113],[90.91895274800004,23.014812098999982],[90.90255090200009,23.01631329700001],[90.89285723500012,23.01462722300016],[90.88838425200015,23.02540803400018],[90.89318292500008,23.036662797000133],[90.89689416300001,23.039814508000063],[90.90421493000008,23.036013002000118],[90.90550019100016,23.042773336000096],[90.91387132700015,23.042689055000096],[90.90920836500015,23.059846247000053],[90.9015150350001,23.062839455000073],[90.89908639900005,23.071034563000126],[90.91904077500016,23.066274765000117],[90.91536238900005,23.076638397000124],[90.94431497100004,23.08809958300003],[90.94463298200014,23.09771501900019],[90.94133369800016,23.10222838800013],[90.9488069320002,23.113155824000103],[90.95372960300006,23.114257459000044],[90.95229406100015,23.125319580000053],[90.95680715300017,23.130569460000117],[90.96256701600004,23.130850540000097]]]},"properties":{"adm2_name":"Lakshmipur","adm2_pcode":"BD2051","adm1_pcode":"BD20"}},
{"type":"Feature","geometry":{"type":"MultiPolygon","coordinates":[[[[91.259223884,23.055912232000082],[91.23827237800003,23.059392457000172],[91.23607636600008,23.06655163],[91.21932617600004,23.060844870000153],[91.21814086400019,23.066469623000046],[91.20785710800004,23.066900812000142],[91.20040708300007,23.061283235000133],[91.18651056300013,23.060216265000122],[91.18333601400008,23.06616056100006],[91.17069885900014,23.071861335000108],[91.16372815400007,23.082744529000024],[91.15577095000003,23.07922174200013],[91.14587013300019,23.07884678800019],[91.13384428500007,23.07469298900014],[91.11495009900011,23.073511025000016],[91.1105388360001,23.070078254000123],[91.08698282400007,23.067505296000036],[91.07890750800004,23.068716770000094],[91.07652964500016,23.075884275000078],[91.06436282500016,23.075865104],[91.06222920900018,23.079517210000063],[91.0506421570002,23.081288263000147],[91.04073035100004,23.093050721999987],[91.03795980300015,23.11002258300016],[91.02891192200013,23.110544746000073],[91.02238097700007,23.10479973500003],[91.01929494800004,23.1116052320001],[91.0008919920001,23.112937893000094],[90.99959396500009,23.11715520000007],[90.98543845600005,23.115634234000026],[90.9851024190001,23.128460052000037],[90.9798447770001,23.133108351000146],[90.96256701600004,23.130850540000097],[90.95680715300017,23.130569460000117],[90.95229406100015,23.125319580000053],[90.95372960300006,23.114257459000044],[90.9488069320002,23.113155824000103],[90.94133369800016,23.10222838800013],[90.94463298200014,23.09771501900019],[90.94431497100004,23.08809958300003],[90.91536238900005,23.076638397000124],[90.91904077500016,23.066274765000117],[90.89908639900005,23.071034563000126],[90.9015150350001,23.062839455000073],[90.90920836500015,23.059846247000053],[90.91387132700015,23.042689055000096],[90.90550019100016,23.042773336000096],[90.90421493000008,23.036013002000118],[90.89689416300001,23.039814508000063],[90.89318292500008,23.036662797000133],[90.88838425200015,23.02540803400018],[90.89285723500012,23.01462722300016],[90.90255090200009,23.01631329700001],[90.91895274800004,23.014812098999982],[90.92655018400018,23.006089734000113],[90.93006101700013,22.998079806000135],[90.93715188700014,22.98996737600004],[90.94382687500013,22.99337594600013],[90.94443728100003,22.998112163000087],[90.95462613000007,22.99267560300018],[90.96060770700018,22.982393088000038],[90.96601462900009,22.979372699000123],[90.97767107300018,22.979368967000028],[90.99896779800002,22.97723546400016],[90.99734541800012,22.971756168000127],[91.00195530000013,22.961847784000042],[90.99746579700019,22.94768822200018],[90.98909495200013,22.940437801000087],[90.99001793899998,22.927379970000118],[90.98560673400016,22.92454182600011],[90.98316690300015,22.912441965000028],[90.98801106900004,22.902681530999985],[90.98257113000017,22.893781992000015],[90.98791581400008,22.88085703800016],[90.98221475500009,22.874402390000057],[90.97683211600014,22.874573289000125],[90.97039984900005,22.86790137900016],[90.95500518400019,22.866009598000062],[90.95230292400004,22.862539163000065],[90.94205750300011,22.86288919900005],[90.93960100800018,22.85576784800014],[90.94364883900016,22.8511710680001],[90.94389151600006,22.837789854000164],[90.93903491700013,22.831698853000034],[90.93132207700006,22.82860297900004],[90.92618552000005,22.815302153000175],[90.92106039200019,22.813785605000078],[90.91048855200012,22.815165143000172],[90.89237068100005,22.810879892000116],[90.89126799900009,22.805945071000053],[90.89719302900005,22.800918908000142],[90.9072969990001,22.797898952000025],[90.92441174599998,22.78906814400017],[90.95352336200017,22.77187443200006],[90.97043002400011,22.75680970800005],[90.97726599300006,22.75370776200009],[90.9758968650001,22.71460439600014],[91.00030669600017,22.709395213000164],[91.004669702,22.7067302910001],[91.00916889900003,22.692362406000086],[91.012232053,22.687937319000184],[91.01254707400005,22.67855927200003],[90.99467414000003,22.6634238420001],[90.98122509500007,22.637817184000028],[90.9864745340002,22.633839865000027],[90.99624833400009,22.62107692800015],[91.00417953600015,22.6041698140001],[91.00601957800018,22.595567997000103],[91.0073127080002,22.574901581000063],[91.01625810900003,22.57490171799998],[91.01831426600012,22.55829296000013],[91.02346467600012,22.544480531000147],[91.01807239900006,22.53792295100004],[91.00541084300016,22.53260991200017],[91.00151508800013,22.529039071000057],[90.94068445100004,22.49867765500005],[90.93147243300007,22.493449556000087],[90.94596253300011,22.471012784000152],[90.95576466900008,22.45304449800011],[90.97129040900018,22.422038081000096],[90.99059015900008,22.389167848000113],[91.00087360600014,22.368000290000168],[91.00902128799999,22.33989652500003],[91.00914127800019,22.332706963000078],[91.01244728900008,22.320927297000082],[91.0225875980002,22.30427989400016],[91.02367076600012,22.29430651300015],[91.01507916200012,22.256860234999976],[91.01613368800014,22.242871687000047],[91.01957029900018,22.228151161000085],[91.01928571600018,22.210083893000046],[91.02130978300005,22.191879196],[91.01711906600013,22.17820826400009],[91.01097734100011,22.166451169000084],[91.0060901290002,22.149839635000035],[90.99311559200004,22.12155672000017],[91.02107207400019,22.118432611],[91.0237424290001,22.10336414300008],[91.03459823800006,22.093687509000063],[91.04771000100004,22.087580919000175],[91.05359737400016,22.092992517000084],[91.06131349999998,22.09595412200008],[91.06643973100006,22.10210019700014],[91.0916613920001,22.124389555000164],[91.09288481300018,22.128633769000146],[91.10127750300006,22.135971063000056],[91.10881659100016,22.136656215000073],[91.11023817500018,22.140896666],[91.12552579000004,22.142456284000104],[91.13371558000017,22.14942284099999],[91.14852920400017,22.165766182000027],[91.16009387200012,22.17270748700014],[91.16372896200016,22.18044320200005],[91.16810202500005,22.181335537999985],[91.17552512300017,22.19107617000003],[91.17799870400006,22.202146277000168],[91.17933667900002,22.219692138000028],[91.18333557400007,22.223174674],[91.18925499099998,22.242536484000084],[91.187073893,22.26639025600008],[91.18978230300013,22.26969675700019],[91.20814607100004,22.26937602000004],[91.20860367300008,22.276395637000064],[91.20106270800005,22.323390618000076],[91.18725541300012,22.374314293999987],[91.21840991099998,22.36139725099997],[91.22752978900019,22.361208865000037],[91.22492596500018,22.41595764300007],[91.2214030090002,22.452995982000175],[91.21394656700016,22.458883612000022],[91.19069255600004,22.458644344000163],[91.19130691500015,22.469684077000068],[91.18414562500004,22.507488479000074],[91.19492575800018,22.5078241330001],[91.20266610700014,22.504635755000095],[91.22413927400004,22.507126777000167],[91.23468771700016,22.50453689300008],[91.24571921300003,22.50423687300014],[91.25253157600014,22.506693406000068],[91.26329005600019,22.51879765600006],[91.23696211500004,22.53972659300007],[91.2388593890002,22.544350174999977],[91.26970883300004,22.543134109999983],[91.26584667800017,22.528062351000074],[91.26577714299998,22.520430506000025],[91.28202847500012,22.501408407000042],[91.29085738500004,22.483532806000085],[91.29715047700006,22.48747911700002],[91.30301189900007,22.48706828400003],[91.30660241200007,22.49466929400012],[91.31758176000005,22.497849587000132],[91.31843592800004,22.505474899999967],[91.32778261800013,22.50140133600007],[91.33489076700005,22.50860904700005],[91.33182527400015,22.515173783000023],[91.3435746470002,22.516893910000135],[91.33861662100014,22.530016134000164],[91.35304861700018,22.525898701000074],[91.35555118400003,22.54186459700003],[91.35486489800007,22.55168156600007],[91.34988923000014,22.56298877900008],[91.3381709300001,22.564902226000072],[91.32361365100007,22.558537634000118],[91.31645162600017,22.575527395000165],[91.30870915500003,22.590771589999974],[91.29964796900009,22.605294536000088],[91.27271444600012,22.636917903000153],[91.28534172900015,22.651250644000072],[91.31120302500017,22.661798441000144],[91.3191017580001,22.666827720000185],[91.33001523300004,22.677417926000146],[91.33742295700011,22.690053053999975],[91.3423176010001,22.702074365000158],[91.34925686900016,22.72978262400011],[91.38136333400018,22.716619808000075],[91.42955168600008,22.69789783599998],[91.43962546500006,22.697561394000047],[91.453045497,22.690673050000157],[91.48695759800006,22.656865367000023],[91.49425289100003,22.654056384000057],[91.47721520400012,22.70026468300017],[91.45630287200015,22.735551360999978],[91.45141462600003,22.738684677000094],[91.42913476800004,22.75182350700004],[91.41790679500019,22.760725060000027],[91.39549111900004,22.766628410000123],[91.38038799000014,22.776118991000146],[91.37193848000004,22.796125187000086],[91.36507622700003,22.796482130000015],[91.34300529200004,22.787231192000036],[91.33396586400016,22.789486005000185],[91.32168302800011,22.802293990000067],[91.31184850000017,22.809235354000066],[91.31018110300016,22.81651724200003],[91.31272331200006,22.820382332000122],[91.33026091700015,22.819801073000065],[91.3253046260001,22.825957005000134],[91.32364061900017,22.836883689000047],[91.31107680200012,22.83825436100011],[91.31132187300005,22.84520243600008],[91.31831498600019,22.845189840000103],[91.32786279900012,22.848535844000025],[91.3357449720001,22.8435023560001],[91.33718511900014,22.857674845000076],[91.34714240400007,22.85713249400004],[91.35171244700012,22.863711821000095],[91.33716431900007,22.862457395000035],[91.33659502000012,22.867398091000098],[91.34170443699998,22.874201223000057],[91.33354796200007,22.875167670000167],[91.32746396300018,22.88108108500012],[91.3329805100002,22.884083187000044],[91.34175046800016,22.880001538999977],[91.34400331700016,22.896393344000103],[91.3518518890001,22.898767615000168],[91.34235839700011,22.906559009000034],[91.3306499680001,22.909267258],[91.32155963700012,22.903998990000048],[91.31492868600014,22.902893409000114],[91.31273735100007,22.907745107000096],[91.30059387400013,22.896487020000052],[91.28009626900013,22.90159952099998],[91.27776357300019,22.892468892000124],[91.27238675200005,22.89325942400012],[91.26862776100012,22.884770020000076],[91.25615559900007,22.89592427700012],[91.25041010900003,22.896875050000176],[91.25002329700004,22.90313504600016],[91.26303570300018,22.911574167000026],[91.25994754700014,22.921407454000132],[91.26203672400004,22.944896611000047],[91.2587880530001,22.947142025],[91.2597091680002,22.959201429000018],[91.25606735900004,22.965121417000148],[91.2582180730002,22.977044612000157],[91.26056944100009,23.000879256000133],[91.25915137900017,23.01647735500012],[91.26498354800015,23.025530475000096],[91.26131535200005,23.036366406000013],[91.2616113000002,23.042602813000087],[91.25641076400012,23.048907821000057],[91.259223884,23.055912232000082]]],[[[91.08274144000018,22.053548780000085],[91.08462819100004,22.05889079700006],[91.08026137300004,22.064558745000056],[91.068968503,22.0631514480001],[91.04867082000004,22.05415228100003],[91.0565946530001,22.050898980000056],[91.05503656700017,22.03786026800003],[91.05708687600008,22.030819046999966],[91.066052803,22.036736538000127],[91.07190727500017,22.044823850000114],[91.08274144000018,22.053548780000085]]],[[[91.03375302800015,22.083759583000187],[91.02702705500008,22.08532843],[91.01044599300019,22.09776467100005],[91.00040582600019,22.09964442800009],[90.98398235100012,22.085672209000165],[90.97494980700009,22.071713050000028],[90.97485002000008,22.04965144300013],[90.98113692200013,22.03019171700015],[90.9908800930001,22.023010111000133],[90.99784250700009,22.02526238100012],[91.02427703900008,22.043839223000077],[91.02015971700013,22.034494943000027],[91.02615240700015,22.033644493000168],[91.03725229500003,22.042508665000128],[91.04052984100014,22.052115257000082],[91.04976342300012,22.071952370000133],[91.04296752500005,22.083888317000174],[91.03375302800015,22.083759583000187]]],[[[91.37672919500017,22.35207128100018],[91.38150883800017,22.354778871],[91.38228428100007,22.361762472000066],[91.39171319500008,22.366879524000183],[91.3975624740001,22.37369981000012],[91.40001499400012,22.381266225000104],[91.39783476500014,22.388096008000048],[91.3916070780001,22.38850818300017],[91.3745590170002,22.379632414000184],[91.36373846200013,22.371162431000073],[91.36333296700002,22.36514347800005],[91.37064079400011,22.353437332000112],[91.37672919500017,22.35207128100018]]],[[[91.25624364300006,22.409764177000113],[91.26421371200007,22.415340843000024],[91.26636666000019,22.423164218000124],[91.25858258300013,22.43512542000019],[91.2509079240001,22.433561459000032],[91.24604861400002,22.424850987000127],[91.25250343500005,22.410843496000155],[91.25624364300006,22.409764177000113]]]]},"properties":{"adm2_name":"Noakhali","adm2_pcode":"BD2075","adm1_pcode":"BD20"}},
{"type":"Feature","geometry":{"type":"Polygon","coordinates":[[[92.61377443400016,21.850996162000058],[92.62060595500009,21.860764154000037],[92.63035521000018,21.861364841000068],[92.63204864400018,21.876378071000033],[92.62755813300015,21.89731076200019],[92.62323662400007,21.91267055800006],[92.61469211500014,21.931471690000137],[92.61615450800008,21.936436274000016],[92.6107098350002,21.946243609000135],[92.61217786800006,21.953729145000068],[92.60976004600019,21.965135876000033],[92.606562343,21.970291936000137],[92.60428818700018,21.981779852000102],[92.61068333600019,21.986013774000128],[92.61044364200012,21.992551452000157],[92.60635040600016,21.999615381000126],[92.59731198400016,22.008364654000104],[92.59987115600018,22.020148254],[92.59900831000004,22.02837274799998],[92.59417937400013,22.032572796000068],[92.59223110500017,22.04266067100008],[92.59773012700003,22.05136880900011],[92.59898194900006,22.060710742000083],[92.5907692940001,22.06686035399997],[92.58856569200003,22.082192909000014],[92.58113090400019,22.090656761000105],[92.58130319800006,22.096732039000074],[92.57524541700019,22.10809670200007],[92.572018389,22.11842806800007],[92.56143282000016,22.128290536000065],[92.56476591800009,22.134801454000183],[92.57232716900018,22.13706348000011],[92.57881940700014,22.143266887000095],[92.59085418799998,22.140302330000054],[92.590418532,22.129931837000072],[92.59959922600007,22.12391326500017],[92.60618169400004,22.126144176000082],[92.60654739900002,22.135089282000024],[92.61006462300008,22.13593128800005],[92.60704098200011,22.156883212000082],[92.60657699600011,22.171863001000077],[92.59560435800012,22.17376927700002],[92.59598364600004,22.189627148],[92.59339451100016,22.20636062200009],[92.58787866300008,22.216331539],[92.58779491600018,22.22913189200017],[92.59140888000007,22.23988270100017],[92.58993913500007,22.2541811320001],[92.58613171500014,22.262511156000073],[92.5776518780001,22.268299601000024],[92.58086522100012,22.275689623000062],[92.57705321300006,22.283295101000192],[92.58162081200004,22.294841104000056],[92.58198909100003,22.302933054000107],[92.5786960050001,22.32441488500018],[92.57478288400006,22.32700712500008],[92.57520910200014,22.33994151000013],[92.57046513400019,22.35899080500019],[92.56734286000011,22.360110152000175],[92.56563772600009,22.37000671600009],[92.56173527600015,22.372598577000076],[92.55946815300007,22.382670998000094],[92.5617232030001,22.389421848000154],[92.55994209400012,22.40069856499997],[92.55278968900012,22.40815802700007],[92.55447513700011,22.416533915000173],[92.55445673899999,22.43077990100005],[92.55096423500004,22.438993918000165],[92.55035692900009,22.457717916000036],[92.54608565400008,22.46382042700003],[92.54423169700004,22.476845068000102],[92.54533506300004,22.48605167900007],[92.54274357400016,22.497503600000186],[92.54683556000015,22.50121475600008],[92.54693377400008,22.514923950000025],[92.53972241600007,22.528286027000092],[92.5412947910001,22.53388993900012],[92.53738582000005,22.544922534000023],[92.52750616800006,22.556994734],[92.52297424000005,22.55865708099998],[92.52812961200016,22.566193162000104],[92.52715050400013,22.572733333000087],[92.53739485200009,22.57465043700006],[92.53724435800007,22.593856844000186],[92.53016599900013,22.604691178999985],[92.53213126100019,22.612191482000185],[92.5275432200001,22.621246357000018],[92.53220962200004,22.633317136000187],[92.52486017600017,22.639980376000153],[92.52376639000005,22.65858100300005],[92.52534412000006,22.67329597200012],[92.51854432,22.688998353000045],[92.51860053100012,22.693235936000065],[92.51366137000014,22.710303654000086],[92.51684622700009,22.715020124000034],[92.51633657800011,22.722234440000136],[92.5093446800002,22.729306959999974],[92.50690135700006,22.738111162000166],[92.50039036800001,22.737549698000066],[92.48467312700012,22.743690108000067],[92.47914691900013,22.7474187090001],[92.47863295300004,22.753858964000187],[92.47438017200017,22.761032064000176],[92.47520057100013,22.771739816000093],[92.46929657700008,22.787474207000173],[92.47012849200013,22.79868735200006],[92.46185470600011,22.80740757300009],[92.45880821600014,22.823007261000157],[92.45572642700012,22.826871321000112],[92.46235851500018,22.832063687000016],[92.45825355400007,22.83776723400007],[92.46119542800011,22.851078348999977],[92.4644745550001,22.856620272000157],[92.45689357600014,22.86048858400011],[92.4547427240002,22.8662928010001],[92.45964602800018,22.871331252000175],[92.44791368700015,22.87893092000013],[92.44855371900013,22.89162315800013],[92.44527453800015,22.897783217999972],[92.43642518799999,22.88740402600007],[92.42761007500008,22.896255359000122],[92.4218437190001,22.905159116999982],[92.42096229000009,22.919344087000013],[92.41411361900003,22.91503148700008],[92.40603424300014,22.91809048000016],[92.40285701400006,22.91228622400007],[92.39704311400004,22.91570995100011],[92.40082314200004,22.926276503000054],[92.39557532700002,22.93102553500006],[92.3761727280002,22.9294191300001],[92.37294618300012,22.943097572000113],[92.37630706800013,22.94914796900008],[92.37437119200018,22.97167038000009],[92.38151743300006,22.976961891000144],[92.38539838200006,22.99304102900004],[92.3821202270002,23.00103501300015],[92.38374439400019,23.006124911000086],[92.379566754,23.01196343200013],[92.38429795800016,23.02890089000016],[92.38286387100004,23.038347687000112],[92.38747647200006,23.040932310000187],[92.39071594300015,23.05872248600008],[92.38363105900015,23.071346743],[92.38414866100015,23.07704456900018],[92.3790020730001,23.086669226000083],[92.37392905000019,23.08646348400015],[92.36667656399999,23.096821392000038],[92.36183221200008,23.099320248000026],[92.35775120400012,23.106944492000082],[92.3671842220001,23.12638934400013],[92.35674670400016,23.134081840000135],[92.36081024500004,23.144263234],[92.3603423300001,23.150535641000033],[92.363827808,23.15582564500005],[92.35798192700014,23.16926787000017],[92.35736594300016,23.176151871000172],[92.35342039000011,23.184211939000022],[92.3530811380001,23.20527467300019],[92.35432201800006,23.221840370999985],[92.3503546440001,23.23503537700003],[92.39848297999998,23.236192357000164],[92.39211159500013,23.249223980000068],[92.39409302300015,23.254998585000124],[92.3879825260002,23.260497011000155],[92.39287151700012,23.265381004],[92.38738143000018,23.28227195900007],[92.38232715200013,23.286246537000125],[92.38701673800006,23.30537259200014],[92.377689277,23.313758956000186],[92.37746929600019,23.320485679000114],[92.36778160400013,23.319224104000114],[92.36553924000003,23.323216658000035],[92.37594221800015,23.336059075000094],[92.37665491000013,23.34543931100012],[92.38125178600018,23.351077172000032],[92.37845817100003,23.36397731400018],[92.36337431000015,23.366740504],[92.35682532500016,23.373084283000082],[92.35464743000017,23.389601766999988],[92.35134933200015,23.40450207300006],[92.35438343200019,23.411547649000056],[92.3469088130002,23.412594533000117],[92.34485258600012,23.43140992300016],[92.34035063500005,23.433998503999987],[92.329972193,23.428719069000067],[92.33080018200008,23.43520672600016],[92.32721449700011,23.449034430000097],[92.33104666200018,23.451897694000024],[92.325746993,23.45770496],[92.32886769700013,23.466957],[92.32447854600014,23.473937805000105],[92.32245221400018,23.490251903000114],[92.31832955500005,23.50367220200019],[92.31831768000018,23.516934194000044],[92.31414635100009,23.522803406000037],[92.31690042200017,23.529050269000038],[92.31237004000013,23.5348819190001],[92.30748935300016,23.53441047600012],[92.3124976950001,23.557496860000185],[92.30691633900017,23.56398501500007],[92.30899643300017,23.570120089],[92.30567559100018,23.575583820000077],[92.30631389200016,23.581808020000153],[92.30158472700009,23.589734607000082],[92.29453887400007,23.58907830000004],[92.28898022100009,23.598689222000132],[92.28730953400014,23.61834711300014],[92.29042880700007,23.629396249000024],[92.27711101700004,23.633025225000097],[92.28129987200015,23.639833826000086],[92.27354555200014,23.644125385000166],[92.27510121000006,23.651593408000167],[92.28887226700004,23.673885543000154],[92.29083463200016,23.681796422],[92.28928209300005,23.70086565400004],[92.2842450190002,23.70890483300002],[92.27874283400013,23.70992713700008],[92.27708126600015,23.716896217999988],[92.27265123200004,23.72092909899999],[92.25629936200016,23.72516792199997],[92.2406439880001,23.71959744300011],[92.23734931100012,23.71338428200005],[92.24286269700013,23.695566816],[92.23272617700002,23.685261267000044],[92.23093097600008,23.665926607000074],[92.225555337,23.65459701900005],[92.21917559600018,23.652052325],[92.21176111400007,23.65337938200014],[92.20700025000014,23.66239979500017],[92.20605045000008,23.672471741000038],[92.21385644700018,23.68387338499997],[92.21157778300011,23.692123755000125],[92.20607798600008,23.701273213000093],[92.19935760200019,23.707331953000107],[92.19305644700012,23.706651769000132],[92.18628643700004,23.710302435000017],[92.1768067750001,23.708088808000127],[92.17730632200016,23.716288398000188],[92.16987714300018,23.722753189000116],[92.17203429000006,23.726476370000057],[92.17191012500018,23.73780397300004],[92.15957090100005,23.738590820000184],[92.15563635700016,23.735054768],[92.14584590700008,23.734161786000186],[92.14326662600013,23.72737894900007],[92.12962353400013,23.709440789000155],[92.12394860600011,23.705042983000055],[92.12082878500013,23.693518118000156],[92.10708350400017,23.689211941999986],[92.10344648800015,23.680237419000036],[92.0984595020002,23.675813394000045],[92.08320707700005,23.680350807000025],[92.07704800800013,23.667360110000118],[92.08053347200007,23.661176129000125],[92.07805215200011,23.647905734],[92.0880793550001,23.647269879000078],[92.09651942500017,23.636685053000065],[92.1139893460001,23.599159997000072],[92.12069124800007,23.57536416000005],[92.130235928,23.55117932900015],[92.13700741600019,23.514324497000075],[92.13817265000017,23.498228653000183],[92.14502261100017,23.466455552000184],[92.14591578800008,23.454130560000067],[92.14428442400015,23.44723033400004],[92.13743167600012,23.440446837000025],[92.11786602800004,23.431468248999977],[92.09637149800011,23.417429734999985],[92.0897271250002,23.414627315000132],[92.07160128000015,23.403124458000036],[92.06640013400005,23.398374146000094],[92.06668927500004,23.392542139000113],[92.079499413,23.382952809000187],[92.0937212130001,23.375752075000037],[92.12340015600017,23.358700588000033],[92.13301859900014,23.348798413000054],[92.13485975500004,23.342288429],[92.13516169100018,23.326127397999983],[92.13982179300012,23.29610645300005],[92.14052858100013,23.280447714],[92.14445987800008,23.247095939000133],[92.15214291600017,23.222468710000044],[92.1584600610002,23.20778032100003],[92.16305907200012,23.189808589],[92.16460918000013,23.178295915000092],[92.17050204600008,23.166822758000023],[92.18773915400004,23.13944167900013],[92.19941080600017,23.117673595999975],[92.18008628800015,23.117853881000087],[92.16835696700014,23.11608794900019],[92.1462916930002,23.11078058300012],[92.13213949000016,23.105539336],[92.11453885000009,23.100780906000125],[92.0883647330001,23.09517928000008],[92.10222498600018,23.058677892000105],[92.11337462200004,23.03386616400013],[92.11959737800015,23.02200894000009],[92.130355119,22.981522523000024],[92.12977060400004,22.966009343000053],[92.11072647800017,22.95299568200005],[92.07522247200012,22.924766712000064],[92.06390333100012,22.911986409],[92.05888202600005,22.902568401000053],[92.05209695700006,22.896112072999983],[92.03841663600014,22.893917923000174],[92.03499614100019,22.897654857000134],[92.01257065700014,22.903516318000072],[92.00222751500019,22.90347320700016],[91.99791576500013,22.89756789000012],[91.99409996800011,22.88522703899997],[91.99623664900008,22.880604086],[92.01615151200019,22.85705848100008],[92.00908193300012,22.853569889000084],[91.98456250500016,22.849373980999985],[91.97983268800004,22.834639769000034],[91.97597893700015,22.816156102000036],[91.97460117300017,22.796429331000013],[91.97758984400008,22.781149824000124],[91.98540684800008,22.766327240000066],[91.99644137400009,22.7425968230001],[92.0014151760002,22.726811256000076],[91.99423958000011,22.72054851200005],[91.98471226999999,22.718161286000054],[91.96664433000007,22.71779086800018],[91.96267409799998,22.691158162000136],[91.9471094210001,22.690095400000132],[91.93368384500002,22.687544643000024],[91.92810236500009,22.688605310000128],[91.92723456200014,22.68004837300009],[91.93711636800009,22.678694214000018],[91.94319104599998,22.66696267400016],[91.93518290200018,22.659492356000044],[91.93526553800007,22.653547235000076],[91.940684,22.645580292000034],[91.93872907400015,22.634898661000022],[91.93968130700011,22.625595068000052],[91.94830948700013,22.60342523000014],[91.95652444300003,22.58941657800017],[91.9603472780002,22.573989319000077],[91.96854883800006,22.551740320000135],[91.96834934100019,22.543396625000128],[91.97186506300011,22.534175523000158],[91.97348066000012,22.520183781000128],[91.97790114500003,22.511295760000053],[91.9706016400001,22.494505557000025],[91.97357697400008,22.49053309200002],[91.9968746360002,22.49042889000009],[92.00565527300012,22.494153095000172],[92.0056135870002,22.50111805900019],[92.01069485200009,22.504845066000087],[92.0171423760001,22.50458834799997],[92.01690545400004,22.51115839800002],[92.02261402500011,22.515536308000037],[92.01837931700004,22.524490316000026],[92.02717907900018,22.529319567000186],[92.02570465800017,22.538812822000068],[92.02250869000005,22.540880267000148],[92.02169084000002,22.54988213700011],[92.01577839600003,22.55440589700015],[92.01813394600009,22.57279971800017],[92.00762948100004,22.591309604000116],[92.01374718500011,22.606774266000116],[92.0180299340002,22.611275312000032],[92.03443904300013,22.616666584000086],[92.0342240010001,22.621428039000136],[92.0418530340001,22.62688442700005],[92.04363124600013,22.61553614500008],[92.05947635600006,22.614848153000025],[92.06409300100017,22.618225797000036],[92.0744828010001,22.618445007000048],[92.07691627900016,22.612948306000078],[92.08352393800004,22.613566939000066],[92.08825373400003,22.60855861300007],[92.08258964300012,22.59950285700006],[92.08922432800006,22.589127703000145],[92.10110574700019,22.58354674600014],[92.10727967600008,22.572769140000105],[92.10433064200015,22.564641680000022],[92.11002594700017,22.558485567],[92.11122709500012,22.550097105000134],[92.11037468200016,22.534638318000134],[92.11834493400005,22.534621596000022],[92.12566584300015,22.517030245000115],[92.12262734000018,22.513720368000065],[92.12524234200004,22.504827850000083],[92.13045275600018,22.49819224500004],[92.13306035900001,22.48577368700012],[92.13201538400017,22.479441982000026],[92.13626488000006,22.46898590800015],[92.13037644600007,22.46531653800014],[92.14278881600018,22.455368554000188],[92.1415530610002,22.44591068800014],[92.1379669690001,22.43776163200016],[92.1277478510001,22.436000449],[92.1259497900001,22.43003070700007],[92.11874952600016,22.43034658600004],[92.12025648000014,22.423450703000128],[92.10165931400007,22.40672687300014],[92.10764225600002,22.398009721999983],[92.11078998500017,22.39931407900019],[92.1181712120001,22.38284436600003],[92.12389066200012,22.374087285000144],[92.13510669900006,22.37781788000018],[92.14009681700014,22.370938051000167],[92.14178747300019,22.36380358400004],[92.13604266100003,22.358391729000175],[92.14929533800012,22.355970168000113],[92.1487386880001,22.34938592900005],[92.17499952500015,22.351209131000076],[92.19026772900008,22.349985213000082],[92.20087807100015,22.345014396000067],[92.2097852490001,22.327672497000037],[92.213006555,22.31312282000016],[92.22141909800018,22.31091294900017],[92.22841338400013,22.314128466000057],[92.26887395600016,22.338036154],[92.28499235200013,22.34404636800008],[92.30869923500006,22.345631001000015],[92.31345599600013,22.344504463000078],[92.33379695800005,22.334623948000115],[92.36500137300004,22.333665736000057],[92.37709184300013,22.331339941000124],[92.3882881720001,22.332845544000065],[92.39519090400012,22.32589998000003],[92.3979450760001,22.316426666000098],[92.41137124800002,22.295039843000097],[92.41781873200006,22.282455214000038],[92.42944018000009,22.2694477120001],[92.443697052,22.26178308500016],[92.44957437400012,22.25652579700005],[92.45645644700016,22.255862099000183],[92.4651850410001,22.247073978],[92.4734928260001,22.232780116000015],[92.4759704830002,22.223741225000083],[92.4745253700001,22.217820369000094],[92.47768207500008,22.207951818000083],[92.48739760900014,22.202894471000093],[92.49077503299998,22.195092090000117],[92.49396279100011,22.175880913000128],[92.4919885060001,22.16736817200001],[92.50413251700013,22.152466041000082],[92.5063628150001,22.143507414000055],[92.50625088100008,22.125585922000084],[92.51175439700017,22.111527934000094],[92.5062984880002,22.100676363000105],[92.50805100300016,22.08650675700011],[92.50465933500004,22.08002459100004],[92.51251798700008,22.070530427000165],[92.51955927200015,22.067467592000128],[92.52049462600007,22.05416142900009],[92.52488642200018,22.04934264300016],[92.53262262300018,22.047499551999977],[92.54114870500007,22.0370959170001],[92.54199625400014,22.027169611000033],[92.5343307390001,22.009174848000157],[92.53722196100006,21.993640058000153],[92.54774542400008,21.98337890900018],[92.55414617200017,21.969888437000066],[92.55921907700008,21.969446011],[92.56082919000016,21.95968637800013],[92.56579614800006,21.957173496000053],[92.56695038400017,21.948831593000023],[92.57686549100015,21.939068243000122],[92.58540454500019,21.913098263],[92.5906688890002,21.906747736000113],[92.5986335020001,21.89235569100009],[92.60190739400008,21.872302584000067],[92.6059633380001,21.86050440600019],[92.61377443400016,21.850996162000058]]]},"properties":{"adm2_name":"Rangamati","adm2_pcode":"BD2084","adm1_pcode":"BD20"}},
{"type":"Feature","geometry":{"type":"Polygon","coordinates":[[[90.14843635800014,24.035549212999967],[90.13827642000007,24.036420580000026],[90.12906341800004,24.034983465000096],[90.11767744700006,24.028715229000113],[90.11078673300011,24.02884907800012],[90.10951334800018,24.020273872000075],[90.1026249910002,24.020883803000174],[90.09442290300012,24.02950810200008],[90.09003898200018,24.037296532000028],[90.08209105700013,24.042564533000075],[90.074661795,24.042843819000097],[90.07369793500004,24.03471527199997],[90.06195064400015,24.03131306000006],[90.042131773,24.02947043900008],[90.02613385800015,24.02274723000005],[90.02156631100019,24.025261168000043],[90.02891503700016,24.032996083000114],[90.01918432400015,24.037118572000054],[90.0174313500001,24.044270057000176],[90.01084810900011,24.04245292799999],[90.0080031230001,24.034064407000074],[90.01469349900015,24.033519718000036],[90.01740393800014,24.027865245000157],[90.00839655100009,24.01121050600011],[90.02067839400013,24.011064826000165],[90.02731944400006,24.003993768000043],[90.03209716200013,24.00624413899999],[90.04465198500014,24.003483893000066],[90.04446617800016,23.997463929000048],[90.05530749900004,24.000723316000176],[90.05154635200012,23.990274264000163],[90.03799336200018,23.982966573000112],[90.03899489700018,23.96988301300007],[90.04460404600019,23.968680187000018],[90.04562219300016,23.96223983800013],[90.05025342400012,23.959009333000097],[90.05688193700007,23.960416065000175],[90.07477810200015,23.956928685000094],[90.06216450099998,23.950620706000166],[90.06728194000004,23.94373138400016],[90.0655330080001,23.926200329000096],[90.074932129,23.923682776000078],[90.0640193930002,23.917317624000134],[90.06893616200011,23.90695760900013],[90.07806758400017,23.90637968900006],[90.08133041700006,23.912465827000062],[90.0873936500002,23.91185733000009],[90.09333095100015,23.903144359000066],[90.10318168900005,23.900324476000094],[90.10884004200005,23.895456629000137],[90.11408811200016,23.881795828],[90.12004769700008,23.874036964000027],[90.13092946300014,23.864855664000117],[90.14081122600004,23.851572497000177],[90.14660790900012,23.84655378600013],[90.15014838100012,23.83858810600009],[90.15156466399998,23.827534989000128],[90.15578799000019,23.829443573000106],[90.17571204400008,23.828082918000064],[90.18989923600014,23.83379944600017],[90.21317256100014,23.838161041000035],[90.22106349600011,23.838197343],[90.22723381000014,23.833967966999978],[90.24080734800003,23.83119020700002],[90.24508997100008,23.836817594000138],[90.24843686900005,23.82162630199997],[90.24626556600009,23.80425360800018],[90.23864246500005,23.783280885000124],[90.22503035600005,23.762386553000056],[90.21801180300014,23.745898697000086],[90.222191758,23.737469897999972],[90.23730816400001,23.733703445],[90.25278984300013,23.72186208],[90.2570383220002,23.71394707700017],[90.23717038300009,23.71372589400005],[90.22678673400009,23.70729671500004],[90.21621857100007,23.711703936000106],[90.210739021,23.721401196000045],[90.19409407700005,23.719657105000067],[90.18274103300018,23.720291922000115],[90.17429605500007,23.72478860600006],[90.16159224100005,23.723702680000088],[90.1555368810001,23.73258791799998],[90.15880739700003,23.73578212500007],[90.15746745400008,23.74265728200004],[90.14533809700004,23.746727042000146],[90.13797317900014,23.74534955200005],[90.12945710600007,23.73323293800007],[90.12510170800016,23.733283945000153],[90.11653595799999,23.721690529000114],[90.11585596600008,23.714769805],[90.10574811900011,23.716782281000064],[90.10534141300008,23.72685391400006],[90.0989139670001,23.729007916000114],[90.085743132,23.72705796400004],[90.07944793800016,23.718301953000037],[90.07023172000004,23.724326645000076],[90.05099801100016,23.723812551000037],[90.05035104000018,23.711670667000078],[90.04494822300018,23.711846209000043],[90.04071273200009,23.699985278000042],[90.03768517200007,23.682173660000103],[90.03099867200018,23.679530831000022],[90.02982627500006,23.673790802000042],[90.02249842800012,23.6736520340001],[90.01804061100012,23.66815623600013],[90.02085656900005,23.65772990700009],[90.01420449100016,23.647063047000017],[90.00598912900006,23.6443966760001],[90.00762712100004,23.627500914000166],[90.02562421200008,23.629836201000046],[90.0391520410002,23.628973975000065],[90.04503344400018,23.61323924700008],[90.03577732600013,23.60936909000003],[90.03846856000007,23.596353284000145],[90.05464022100006,23.586349582000025],[90.04016593100005,23.576655055000174],[90.07008113100011,23.569456607],[90.0740950030002,23.56605212600016],[90.10667226400011,23.574780275000137],[90.10904742500009,23.568424565000043],[90.12745549700014,23.56746681600015],[90.13439587300007,23.56086252400013],[90.14214203500012,23.546545437000077],[90.14896552900012,23.541101304],[90.15226333500016,23.533731858000067],[90.16511068000011,23.526698009000143],[90.17136516000016,23.530385544000126],[90.1773275720002,23.527117390000114],[90.18106492400017,23.534431608999967],[90.181774114,23.544621291],[90.1771300530001,23.55572523000012],[90.18617668000013,23.562659006000047],[90.19211515300009,23.559930261000147],[90.20680110700016,23.566681475999985],[90.20539577600016,23.579830504000086],[90.20846872300012,23.58970822000009],[90.22203902200016,23.59599892700004],[90.225959584,23.60160243600012],[90.22575837800008,23.612401315000056],[90.23657352700008,23.621638442000062],[90.23983876400018,23.63203530400017],[90.24549809700005,23.628865057000155],[90.24974265300011,23.63945387600006],[90.24759963300005,23.647739889000093],[90.24895910800018,23.654655928000068],[90.2709197600002,23.65483401800003],[90.27147879300014,23.660619341000086],[90.27805146400016,23.664359847000128],[90.28505025500004,23.67286981],[90.2958485800001,23.665735161000043],[90.30307393800018,23.66429334900016],[90.31521708600019,23.65690950200019],[90.33404300500007,23.64312246800006],[90.3471137410001,23.63952588799998],[90.35352976400014,23.6405072390001],[90.36747146200008,23.653517871000133],[90.39039276000017,23.652350843000193],[90.39703535500007,23.644028542000058],[90.41002358800012,23.63475218600007],[90.43048555000013,23.61379993500009],[90.44593862900018,23.628276127000106],[90.45349608700019,23.628839078000055],[90.47123293100015,23.63454716700005],[90.47258085800019,23.6407830280001],[90.44910226000019,23.669187140000133],[90.46082708500018,23.67862494700006],[90.45927685300012,23.682104753000033],[90.46578669300015,23.687426211000115],[90.47241375200002,23.68707615700015],[90.48006200200012,23.69596070900019],[90.49106502100005,23.699862442000153],[90.51018174900008,23.712658036000164],[90.50083756600014,23.718525561999968],[90.50071490100004,23.728630931000055],[90.49302510700005,23.73309505000003],[90.49445766200017,23.743843507000065],[90.48610248200004,23.748941682000066],[90.48852819800004,23.755396683000072],[90.48405635200004,23.757677877],[90.48315917900015,23.771500174000153],[90.47088864100004,23.78268172600019],[90.4813607160001,23.79282885700019],[90.4851852970001,23.806227592000084],[90.48414577100004,23.808996999000158],[90.48821701400004,23.824498212000094],[90.48663080500017,23.831600013000184],[90.47852360800005,23.83375622799997],[90.47261791400007,23.84233704000013],[90.47330911300014,23.848574174000134],[90.47436622000015,23.85780386199997],[90.47129411400016,23.869997845000057],[90.463630416,23.877495290000184],[90.4602973420001,23.884906631000092],[90.46158811200013,23.892877223000028],[90.4588150580002,23.896144607],[90.44973442600008,23.89581324200003],[90.43775430100015,23.90069359000006],[90.42217490900003,23.887936188000026],[90.41210962200006,23.883000246],[90.39435359800018,23.880789429000174],[90.39242316900004,23.889570748000097],[90.38581308100004,23.897967158000085],[90.38063204100018,23.899668849000136],[90.35983247500013,23.893168054],[90.35711157100008,23.889185296],[90.35764258500018,23.88128745800003],[90.3501135140001,23.88195699000005],[90.34906608000011,23.894737825000163],[90.3439068780001,23.904513355],[90.34682513600012,23.91133972500012],[90.34860563500013,23.932746688000066],[90.34676845500013,23.948290824000082],[90.33428018100017,23.94793690200015],[90.33003362100015,23.954790269000057],[90.31685190000013,23.956619380000177],[90.31358069700008,23.94926539800008],[90.30078656800009,23.948674536000055],[90.2965499780002,23.960675358],[90.27450653000011,23.964679259000093],[90.2623934560001,23.968302057000187],[90.26250866000004,23.974771557999986],[90.2587300030001,23.987292985000124],[90.25224569100004,24.001928059000136],[90.25916287300004,24.00860714300012],[90.25910091100008,24.0135072220001],[90.24898996700017,24.020045236000158],[90.25116353400017,24.025325529000156],[90.23770374500015,24.032008251000093],[90.23665175000008,24.021408331000032],[90.23889067000005,24.009093942000163],[90.2208971,24.00894028300013],[90.20938773300014,24.00556934800005],[90.2062972380001,24.00972836700015],[90.19837553600013,24.00544851000018],[90.19317158900009,24.010197082000104],[90.17187819400016,24.001280506000114],[90.16365043200005,24.014359179000166],[90.16077367100019,24.022233823000136],[90.14803429000011,24.026519894000103],[90.14843635800014,24.035549212999967]]]},"properties":{"adm2_name":"Dhaka","adm2_pcode":"BD3026","adm1_pcode":"BD30"}},
{"type":"Feature","geometry":{"type":"Polygon","coordinates":[[[89.8497464960002,23.713369528000044],[89.84232250399998,23.709177785000065],[89.81934181200018,23.714935784000147],[89.81411044000004,23.721031100000175],[89.79583236299999,23.712253227000133],[89.79393888800013,23.709608685000035],[89.79309820999998,23.689444540000068],[89.79114530600009,23.683164251000107],[89.7842743560002,23.683866152000178],[89.77735805200007,23.68090721400017],[89.76526999100008,23.68198457200009],[89.75732308400006,23.677927975000102],[89.757394283,23.66741638000019],[89.73993731400009,23.667817115000048],[89.73495871500018,23.678083269000183],[89.72329807000017,23.672354277000068],[89.7288317660001,23.668748761000188],[89.73430493200016,23.643832713999984],[89.73344173300006,23.636600602000044],[89.72797908000007,23.63145380200018],[89.73048244400007,23.619185044000062],[89.74640149500016,23.609745625000016],[89.7541600290001,23.60171901000018],[89.75608673300019,23.592587728000126],[89.7424177360001,23.587952207],[89.74376746000007,23.583862621000037],[89.73458623400018,23.58099287300007],[89.72151515500019,23.58739224800013],[89.70865482400006,23.59126852600008],[89.694762605,23.590320517000066],[89.68461635800008,23.585652936000088],[89.67044465600009,23.587540708000176],[89.67287160199999,23.598265351000123],[89.66630065700014,23.61035963300003],[89.65610993700005,23.61150937800005],[89.64994450500006,23.60666313900009],[89.6460886650001,23.592604129000165],[89.636538707,23.59274240700006],[89.62872782100015,23.58950379900017],[89.61087853200007,23.59394029600014],[89.60564586400005,23.59766208300016],[89.6019574230001,23.607626929000048],[89.59653452200001,23.597476095000047],[89.58862921600019,23.59547947600015],[89.57906139300019,23.599035261999973],[89.57159366000019,23.606277036],[89.56148493400008,23.605207812000174],[89.56093296500018,23.59389069300005],[89.54774491000012,23.59321154100013],[89.54536252400015,23.584359437000103],[89.5405577730001,23.578415416000098],[89.5434199140002,23.572493957000177],[89.5512763390002,23.57357139200002],[89.55210020800007,23.568873445000065],[89.54467916400012,23.561727873000052],[89.5401471020001,23.570939737000174],[89.52856218900018,23.57169989900018],[89.52271099500012,23.58204691399999],[89.51677081200006,23.588423602000034],[89.5062803350001,23.59173717200008],[89.497837919,23.580829067000025],[89.50071112500007,23.575510480000048],[89.50075956600011,23.562695695000173],[89.50930656600008,23.546342317000153],[89.52119164900017,23.541829179000104],[89.53753744300013,23.538638166000112],[89.53512638800004,23.530124501000103],[89.51716866600009,23.53017370900011],[89.49795776100018,23.522035534999986],[89.49250622500011,23.515959228000042],[89.48864318100004,23.503687072],[89.48853967800011,23.491725276000068],[89.49355404000005,23.47895142200008],[89.4998439060002,23.475453511000126],[89.51103814000004,23.47648486700018],[89.5138003880001,23.484110306000048],[89.50759665800018,23.49388446500012],[89.51281355300011,23.495788185000038],[89.51451446200008,23.508033592000118],[89.51949731300016,23.51291956100016],[89.53056625400018,23.51276137700006],[89.5558559870002,23.50421612499997],[89.57590221700008,23.496052230000146],[89.59208229000006,23.485493263000023],[89.60505693400017,23.474167998999974],[89.60715005800012,23.460924481000063],[89.60161443000004,23.447018032000074],[89.60295703400016,23.417068685000118],[89.61282528400005,23.38338061500008],[89.59853831700019,23.38076120000011],[89.60555951400016,23.372423660000038],[89.60640561100007,23.367548038000052],[89.60378665800005,23.355435104000037],[89.6080856550002,23.34541038600014],[89.60477741200009,23.334598794000158],[89.60994457100014,23.32839926100013],[89.62052835600002,23.30801034400008],[89.61862055800009,23.303086591000067],[89.62153632300004,23.297182709000083],[89.634448572,23.289250763000155],[89.64251707100016,23.290102646000037],[89.65400216700004,23.28799209600004],[89.66526006600014,23.282623811],[89.66883658000012,23.27799971800016],[89.64573738000007,23.27241203900013],[89.6368629010002,23.265840565000133],[89.63143787500002,23.258517952999966],[89.62997080100018,23.250768683000103],[89.63219352200014,23.240096854],[89.63768725700004,23.236200571000154],[89.66868481000017,23.244340018000116],[89.6722920160002,23.242683240000133],[89.6857270590001,23.227536917000066],[89.68863313700018,23.221942631000104],[89.68629918700015,23.21520607000008],[89.68852430800013,23.21105074500008],[89.69982558700008,23.21720620399998],[89.70596055900018,23.22628252100003],[89.7158256080001,23.230663655000114],[89.71494353000008,23.240986891000034],[89.73023942300011,23.247002840000164],[89.73316547800005,23.250341049000042],[89.73155428900003,23.259190731000047],[89.73883544400019,23.260404412000014],[89.74409396099998,23.27133406400003],[89.75086816200013,23.277433251000105],[89.74544532600015,23.285680766000098],[89.7315894410001,23.293560652000167],[89.73222752000004,23.303724847000126],[89.74578426200014,23.297559778000107],[89.75125304700009,23.301678583000125],[89.75630938200004,23.29080169600013],[89.76612488600006,23.297817256000087],[89.76880469000008,23.303331391000086],[89.78141896900007,23.304343119000123],[89.78057849600009,23.309942435000153],[89.78595221600011,23.313337256000125],[89.79382014600003,23.311107047000064],[89.80073259500011,23.317196913000146],[89.80914727800007,23.329097127000125],[89.81785326300019,23.33517317400009],[89.82362784800006,23.34530806400005],[89.82911157100017,23.346416173000136],[89.83120504200014,23.33680956000012],[89.84127073600018,23.330853761000185],[89.84887000900005,23.339490088000048],[89.85838624300015,23.340038706000144],[89.86414962700007,23.336971452],[89.86331152900016,23.329683312000043],[89.86934557400019,23.321942614000136],[89.87612222299998,23.32886744600006],[89.89481628800019,23.341010419000156],[89.90433448100015,23.341520493000075],[89.90643977100007,23.33775724000003],[89.91561230200006,23.33381952200017],[89.910738122,23.32720875900003],[89.90457151800013,23.313113911000187],[89.9087188360001,23.310200576000113],[89.92007040100009,23.30823530400005],[89.92544489800008,23.30937837900018],[89.92682819600014,23.318491531000177],[89.93166025400006,23.321555926000144],[89.94633497100006,23.32180327200018],[89.951863049,23.319621320000124],[89.95664993700012,23.326907515000187],[89.96304382900018,23.329831351000166],[89.96529759100014,23.33732291200016],[89.9571500350001,23.344061179000164],[89.94855950600015,23.342641037000078],[89.94955336200013,23.3571998110001],[89.95571939200016,23.36056422400003],[89.95827277800004,23.355495135000126],[89.97434841900008,23.34985068399999],[89.98413040500014,23.334775813000135],[89.99154093300007,23.326036893000094],[90.00782642000013,23.32414223899997],[90.020040081,23.326826235],[90.0208155300001,23.320631703000117],[90.01457758300012,23.311827407000123],[90.00531273000013,23.30414535],[90.01343995600007,23.299291828000094],[90.02028012700015,23.287605761000123],[90.02333335900016,23.287984216999973],[90.02550913100009,23.307248490000063],[90.03320161599999,23.316295948000118],[90.03501415300013,23.329258017000143],[90.03210833500003,23.33930566400005],[90.03884156999999,23.341889851000076],[90.04735884000007,23.33480107400004],[90.05893648600016,23.322024387000056],[90.06849450400017,23.305801600999985],[90.07574948700011,23.31019286200018],[90.08657615600004,23.308044157000097],[90.09390606700015,23.31409888100012],[90.0924263170001,23.327620009000157],[90.10202261900008,23.33512955700013],[90.09984962700003,23.343953988000067],[90.08771817900009,23.350268581000023],[90.08652228,23.35513353200014],[90.09136183000004,23.364960972000063],[90.08878447600011,23.368955047000043],[90.09268074100004,23.378550286000177],[90.10228121800009,23.384819858000014],[90.09729323,23.388616901000034],[90.09803822900011,23.405367196000157],[90.11003715100009,23.415255725000065],[90.10282142500012,23.41907706800015],[90.0928370580001,23.418699425000057],[90.10686916400005,23.431607569000164],[90.11111892200017,23.43783055200015],[90.10642421600005,23.447083542000144],[90.10678411700007,23.45330472000012],[90.11211011000012,23.462874082000155],[90.12365301500012,23.464344020000112],[90.13569061800018,23.47032281900016],[90.14237134300004,23.48025529400013],[90.15051137000006,23.472583249000138],[90.15757521600011,23.470489677000103],[90.16165890700006,23.47532712000003],[90.16664524100014,23.494679296000072],[90.17282701200014,23.49326795500008],[90.18088325800005,23.499270403000025],[90.1751145390001,23.50374294200003],[90.15887607899998,23.521804761999988],[90.16511068000011,23.526698009000143],[90.15226333500016,23.533731858000067],[90.14896552900012,23.541101304],[90.14214203500012,23.546545437000077],[90.13439587300007,23.56086252400013],[90.12745549700014,23.56746681600015],[90.10904742500009,23.568424565000043],[90.10667226400011,23.574780275000137],[90.0740950030002,23.56605212600016],[90.07008113100011,23.569456607],[90.04016593100005,23.576655055000174],[90.05464022100006,23.586349582000025],[90.03846856000007,23.596353284000145],[90.03577732600013,23.60936909000003],[90.04503344400018,23.61323924700008],[90.0391520410002,23.628973975000065],[90.02562421200008,23.629836201000046],[90.00762712100004,23.627500914000166],[89.99229009200019,23.626648144000114],[89.97888873500006,23.635729125000182],[89.9658255,23.636393645000112],[89.93611122300018,23.64412640300003],[89.92501210400013,23.645760664000022],[89.91695117800003,23.65919268099998],[89.90308517900019,23.674770510000087],[89.8916746380001,23.68602892299998],[89.87398540600003,23.69912640500013],[89.8567034780001,23.708261416000028],[89.8497464960002,23.713369528000044]]]},"properties":{"adm2_name":"Faridpur","adm2_pcode":"BD3029","adm1_pcode":"BD30"}},
{"type":"Feature","geometry":{"type":"Polygon","coordinates":[[[90.65129715300003,24.260889026000143],[90.64047496000018,24.26299644800008],[90.63230764200011,24.26987883800018],[90.62286602200015,24.27158639900017],[90.61188717900012,24.268408947000182],[90.59062665600004,24.256946041000106],[90.58404790500009,24.250055436000082],[90.57732389900008,24.24765157800016],[90.57095297400008,24.249953861000165],[90.56154886000002,24.25979051100012],[90.55558612800013,24.260875891000012],[90.54449779800018,24.26855229500012],[90.54689555700008,24.274743948000037],[90.53553398100007,24.28184492500003],[90.52253753000002,24.286297629000046],[90.52067579600003,24.2898587520001],[90.52943281400019,24.30251800500008],[90.52319114400012,24.304227798000056],[90.51385272800019,24.31178080899997],[90.49600855900019,24.31501929700005],[90.48915922700013,24.31350612900013],[90.48593771300017,24.319330627000113],[90.47203701700005,24.329140008000024],[90.46349594499998,24.332988999000065],[90.45628776100011,24.34084810000013],[90.43780761000005,24.340123565000113],[90.42961440400018,24.3312052390001],[90.4265708150001,24.32421231300009],[90.428731497,24.309638024000094],[90.42220442500019,24.308218001000057],[90.4095800360002,24.294829093000033],[90.40473551900004,24.28415972000016],[90.39339174900005,24.280335178000087],[90.38743169800011,24.289007479000077],[90.36641895600008,24.280991918000097],[90.35849233900012,24.28809855100019],[90.35866745800013,24.29979209000004],[90.35296302600011,24.298956459000124],[90.34549914100012,24.293159379000087],[90.33915655200013,24.293532683000024],[90.33107967700005,24.298450268000067],[90.32373991800017,24.299184118000028],[90.31071215100008,24.291340063000177],[90.29353691500006,24.27830122],[90.30464040200013,24.266101499],[90.30381352700016,24.252661430000103],[90.29335113900015,24.242997493000132],[90.29134036100004,24.236737715000174],[90.29335709399999,24.22545069500012],[90.28307880200009,24.21778396000019],[90.27017503800005,24.21400042400012],[90.25847170300005,24.19835927400004],[90.25188137100014,24.196001667000075],[90.25212762700005,24.18790858600005],[90.24587007200006,24.18481856900013],[90.23778239900008,24.17646825500003],[90.2336519530001,24.169065602000103],[90.22710164200004,24.16335595300012],[90.22753354000002,24.152753936000124],[90.22145702600017,24.144498535000025],[90.219122707,24.13003025000006],[90.22066177900018,24.12541941000012],[90.23192539100006,24.115329676000044],[90.23394802000018,24.11047635099999],[90.231118648,24.10498010000009],[90.21688386700004,24.102187458000117],[90.20198269200017,24.095226036000042],[90.1942567860001,24.10164886700005],[90.18729633300012,24.09914887700012],[90.18055273300013,24.108584284000017],[90.17442926700011,24.10070859700005],[90.1807458290001,24.09213878600019],[90.18097859900018,24.084273763000056],[90.17819442200016,24.07628130900008],[90.16767791900014,24.07308226000015],[90.159139272,24.0664640170001],[90.16340689700007,24.057474748000175],[90.15208457900013,24.054325145000064],[90.14892096200009,24.0453169110001],[90.14843635800014,24.035549212999967],[90.14803429000011,24.026519894000103],[90.16077367100019,24.022233823000136],[90.16365043200005,24.014359179000166],[90.17187819400016,24.001280506000114],[90.19317158900009,24.010197082000104],[90.19837553600013,24.00544851000018],[90.2062972380001,24.00972836700015],[90.20938773300014,24.00556934800005],[90.2208971,24.00894028300013],[90.23889067000005,24.009093942000163],[90.23665175000008,24.021408331000032],[90.23770374500015,24.032008251000093],[90.25116353400017,24.025325529000156],[90.24898996700017,24.020045236000158],[90.25910091100008,24.0135072220001],[90.25916287300004,24.00860714300012],[90.25224569100004,24.001928059000136],[90.2587300030001,23.987292985000124],[90.26250866000004,23.974771557999986],[90.2623934560001,23.968302057000187],[90.27450653000011,23.964679259000093],[90.2965499780002,23.960675358],[90.30078656800009,23.948674536000055],[90.31358069700008,23.94926539800008],[90.31685190000013,23.956619380000177],[90.33003362100015,23.954790269000057],[90.33428018100017,23.94793690200015],[90.34676845500013,23.948290824000082],[90.34860563500013,23.932746688000066],[90.34682513600012,23.91133972500012],[90.3439068780001,23.904513355],[90.34906608000011,23.894737825000163],[90.3501135140001,23.88195699000005],[90.35764258500018,23.88128745800003],[90.35711157100008,23.889185296],[90.35983247500013,23.893168054],[90.38063204100018,23.899668849000136],[90.38581308100004,23.897967158000085],[90.39242316900004,23.889570748000097],[90.39435359800018,23.880789429000174],[90.41210962200006,23.883000246],[90.42217490900003,23.887936188000026],[90.43775430100015,23.90069359000006],[90.44973442600008,23.89581324200003],[90.4588150580002,23.896144607],[90.46158811200013,23.892877223000028],[90.4602973420001,23.884906631000092],[90.463630416,23.877495290000184],[90.47129411400016,23.869997845000057],[90.47436622000015,23.85780386199997],[90.47330911300014,23.848574174000134],[90.48347326600009,23.847074654000096],[90.4924439190001,23.853441067000063],[90.50431290600011,23.859090707000178],[90.50636804000015,23.874750324000047],[90.52183415000013,23.87765762700019],[90.51814880000018,23.888128421000033],[90.52335556700012,23.891178648999983],[90.53600562700018,23.886705587000108],[90.55478117100006,23.88603896400008],[90.56088556200007,23.894194443000117],[90.57071878400006,23.895628744000078],[90.56170653500004,23.90804719700003],[90.56184399500006,23.913283053000157],[90.5724464490001,23.91750708799998],[90.59486844300011,23.921468318],[90.61282703600017,23.928783708000083],[90.61738056600018,23.944106348000105],[90.61740758700017,23.96590945600019],[90.62191805900017,23.97185686000006],[90.63163298299997,23.97910495100018],[90.63624841700016,23.99030579700019],[90.63925153400004,24.003266410000094],[90.65511263800016,24.009995946000174],[90.65971133400018,24.017292037000175],[90.6532246700001,24.035738049000145],[90.64067145000007,24.05976386700013],[90.63693815200008,24.071602124000094],[90.6409659430002,24.078451743000073],[90.64073482800018,24.09750982000014],[90.6451747810001,24.102214770000046],[90.65218071400005,24.09392773100018],[90.66060957000008,24.09327512200008],[90.66872335700003,24.09816215800015],[90.68543166400002,24.098661664000076],[90.69269670000006,24.097346410000114],[90.70141891500009,24.099869385999966],[90.70457253800015,24.108346944000118],[90.69523574500005,24.114666748000047],[90.68649783500007,24.110522316000186],[90.67837385500007,24.112028512999984],[90.67812567900012,24.117568322000125],[90.68791025900003,24.1313092150001],[90.6949564140001,24.134797408000168],[90.69610326000014,24.140875020000124],[90.68977973200009,24.14408061900008],[90.68635747700017,24.149799552000104],[90.68546762300008,24.16115410499998],[90.68678156900006,24.174693419999983],[90.68988761000014,24.181457646000126],[90.68627899700004,24.192316410000103],[90.67491647900016,24.20232452600004],[90.67220300200006,24.213574124],[90.67352640400014,24.224482981000165],[90.68309081200016,24.231405766000137],[90.68546507900004,24.237563881000142],[90.682452689,24.24397177400016],[90.66999305600018,24.24702111600004],[90.6561036980001,24.253516653000077],[90.65129715300003,24.260889026000143]]]},"properties":{"adm2_name":"Gazipur","adm2_pcode":"BD3033","adm1_pcode":"BD30"}},
{"type":"Feature","geometry":{"type":"Polygon","coordinates":[[[90.02333335900016,23.287984216999973],[90.02028012700015,23.287605761000123],[90.01343995600007,23.299291828000094],[90.00531273000013,23.30414535],[90.01457758300012,23.311827407000123],[90.0208155300001,23.320631703000117],[90.020040081,23.326826235],[90.00782642000013,23.32414223899997],[89.99154093300007,23.326036893000094],[89.98413040500014,23.334775813000135],[89.97434841900008,23.34985068399999],[89.95827277800004,23.355495135000126],[89.95571939200016,23.36056422400003],[89.94955336200013,23.3571998110001],[89.94855950600015,23.342641037000078],[89.9571500350001,23.344061179000164],[89.96529759100014,23.33732291200016],[89.96304382900018,23.329831351000166],[89.95664993700012,23.326907515000187],[89.951863049,23.319621320000124],[89.94633497100006,23.32180327200018],[89.93166025400006,23.321555926000144],[89.92682819600014,23.318491531000177],[89.92544489800008,23.30937837900018],[89.92007040100009,23.30823530400005],[89.9087188360001,23.310200576000113],[89.90457151800013,23.313113911000187],[89.910738122,23.32720875900003],[89.91561230200006,23.33381952200017],[89.90643977100007,23.33775724000003],[89.90433448100015,23.341520493000075],[89.89481628800019,23.341010419000156],[89.87612222299998,23.32886744600006],[89.86934557400019,23.321942614000136],[89.86331152900016,23.329683312000043],[89.86414962700007,23.336971452],[89.85838624300015,23.340038706000144],[89.84887000900005,23.339490088000048],[89.84127073600018,23.330853761000185],[89.83120504200014,23.33680956000012],[89.82911157100017,23.346416173000136],[89.82362784800006,23.34530806400005],[89.81785326300019,23.33517317400009],[89.80914727800007,23.329097127000125],[89.80073259500011,23.317196913000146],[89.79382014600003,23.311107047000064],[89.78595221600011,23.313337256000125],[89.78057849600009,23.309942435000153],[89.78141896900007,23.304343119000123],[89.76880469000008,23.303331391000086],[89.76612488600006,23.297817256000087],[89.75630938200004,23.29080169600013],[89.75125304700009,23.301678583000125],[89.74578426200014,23.297559778000107],[89.73222752000004,23.303724847000126],[89.7315894410001,23.293560652000167],[89.74544532600015,23.285680766000098],[89.75086816200013,23.277433251000105],[89.74409396099998,23.27133406400003],[89.73883544400019,23.260404412000014],[89.73155428900003,23.259190731000047],[89.73316547800005,23.250341049000042],[89.73023942300011,23.247002840000164],[89.71494353000008,23.240986891000034],[89.7158256080001,23.230663655000114],[89.70596055900018,23.22628252100003],[89.69982558700008,23.21720620399998],[89.68852430800013,23.21105074500008],[89.68330348000018,23.20530655100015],[89.67865192300019,23.182093273000078],[89.68840314500017,23.162897094000073],[89.69458350400004,23.160915122000063],[89.71396247500019,23.175634928000136],[89.72943866300011,23.182732994000162],[89.7397283250001,23.185469324000053],[89.75306240800018,23.185761801000183],[89.759635747,23.18350690700015],[89.76552956200015,23.177352904000145],[89.76073419200003,23.172449702000165],[89.74210770300016,23.171876049000048],[89.73339046200016,23.1676023870001],[89.7300793980001,23.156628195],[89.73892179500012,23.146309107000093],[89.74207512100008,23.137703378000083],[89.73914411000015,23.12906730399999],[89.72297675700014,23.12137052300011],[89.71843552100012,23.12287780600019],[89.7074216150001,23.1207146320001],[89.70564889700012,23.11530494600015],[89.69745233500015,23.11357312700011],[89.6930276670002,23.12421023000013],[89.68125009400012,23.12982359100016],[89.6743983130001,23.12824233600014],[89.67009425400005,23.123068657999966],[89.6726535750002,23.11469794599998],[89.68258449100011,23.102193670000133],[89.70072304800016,23.088765039000066],[89.71962299800003,23.081171124000093],[89.73160142000012,23.07958419900018],[89.73580644000003,23.069900819999987],[89.72754250399998,23.05642265],[89.73017459800019,23.051650798000082],[89.7461673250001,23.048703054999976],[89.75406283800015,23.03282588500008],[89.75672192900015,23.014982370000155],[89.76256985100014,23.00771034400009],[89.76942420500006,23.004823012000145],[89.784479793,23.00233970500011],[89.7970666670002,22.99669675600012],[89.79345891300011,22.988496636000036],[89.79499694500015,22.977931785000123],[89.80341294900018,22.972470123000107],[89.80736800000011,22.958455378000053],[89.8013846500001,22.943906185000174],[89.80754539100013,22.940668501000175],[89.81845104700011,22.938646554000115],[89.82595788700019,22.933970177000162],[89.83953571900008,22.91997007200007],[89.84389083100018,22.906282349000037],[89.85058357500009,22.897264281000105],[89.83734585600018,22.892935247000082],[89.83646975200014,22.888432347000162],[89.84672574000018,22.88344338200011],[89.85114895700013,22.883547739000107],[89.86969006900017,22.87524638600013],[89.87015648500005,22.888236626000037],[89.87768361800016,22.887260198000092],[89.88988010800011,22.882553591000146],[89.91524190900009,22.881774174000043],[89.92004541100016,22.865981445000102],[89.9311450300001,22.858694260000163],[89.93650564200004,22.847616765999987],[89.94232238600011,22.84596310300003],[89.94359785100005,22.852423159000068],[89.94095427600007,22.860952642000143],[89.94507410600005,22.862351876000105],[89.95292695100011,22.853387095000073],[89.96700684400008,22.854098591000138],[89.96964769500016,22.859008237000126],[89.97562155700007,22.85726578200007],[89.9826343680001,22.859698997000066],[89.98775721800013,22.86569327000018],[89.99273408200014,22.86409914400008],[90.0018053550001,22.86668742400019],[90.01075062600012,22.86641380800006],[90.01827904200007,22.868624095000087],[90.01724254800007,22.874995147],[90.02308079700009,22.892280162000134],[90.02212512900002,22.898838666000074],[90.03284599900013,22.91816183500009],[90.03591233000009,22.934116641],[90.05671709100011,22.931632207000177],[90.06108664300018,22.942885011000044],[90.05697295300018,22.947141321000117],[90.05908908100008,22.971250934000068],[90.0690430140001,22.967613194000137],[90.07747600200008,22.983031690000075],[90.08283748600013,22.983383543000173],[90.08743659700008,22.988699519000022],[90.09415512300018,23.006570590000138],[90.12637909200015,23.005129905000047],[90.12965341500006,23.02409968699999],[90.12730845700003,23.026138624000055],[90.13637830900018,23.044349158000102],[90.13551659100011,23.04977003100015],[90.135564154,23.044616335000057],[90.12615992200011,23.026848663000067],[90.12151462100007,23.026897465000047],[90.11472116400012,23.034261496000113],[90.11616473000004,23.043258698999978],[90.11109854500017,23.05633815500005],[90.11110717900016,23.06688648200003],[90.12461443600017,23.064882675000035],[90.12739691399997,23.069268408000084],[90.1237144390002,23.075876972000117],[90.11240675900007,23.074112625000055],[90.10876780800015,23.0767303290001],[90.11061024100007,23.103456421000033],[90.11919449000004,23.111340768000048],[90.1097548680001,23.11210190000014],[90.10927983700014,23.11755382700011],[90.09662550400003,23.11339547100016],[90.08095486100007,23.112650007000127],[90.07913781400009,23.11947785400008],[90.06231672500019,23.119749617000082],[90.04980340200018,23.10565983400005],[90.04251977600006,23.10530740600018],[90.04079622700016,23.110538156000075],[90.04386688000011,23.121530872000108],[90.0222061720001,23.12787227100017],[90.01501734400017,23.128318009999987],[90.0127752360001,23.138570994000133],[89.99124567500019,23.12898242900019],[89.98564029100004,23.11129705700006],[89.97826063500014,23.109433088000117],[89.96678507000018,23.110266671999966],[89.96014160200014,23.115344118000166],[89.95117093400006,23.11487186400018],[89.94731938300015,23.117298326000025],[89.9354392050002,23.118350032000023],[89.93673662000015,23.125864787000125],[89.943583462,23.146494897000025],[89.94256302400015,23.157101848000025],[89.94764029700019,23.162503248000178],[89.96008586100004,23.160354720000043],[89.96520656700005,23.165091621000045],[89.96622036600019,23.17409347600011],[89.97015565800018,23.18121924200011],[89.97646605800009,23.183580244000098],[89.97639262200005,23.194880808],[89.98169653600013,23.197939258000133],[89.98167135000017,23.210208616000102],[89.98469169300006,23.21680543700012],[89.9973246130001,23.21601349499997],[90.00210674700014,23.225798712000028],[90.00957787400006,23.229845302],[90.01768314600014,23.23048369700018],[90.02416462300005,23.239231466000035],[90.024927602,23.246950191000167],[90.02266993299997,23.25417498200011],[90.02931029100017,23.261811412999975],[90.0246108820001,23.276109419000136],[90.02636099100005,23.285206914000128],[90.02333335900016,23.287984216999973]]]},"properties":{"adm2_name":"Gopalganj","adm2_pcode":"BD3035","adm1_pcode":"BD30"}},
{"type":"Feature","geometry":{"type":"Polygon","coordinates":[[[91.19461677700008,24.632192949000114],[91.19308423900009,24.64136623400003],[91.18439625300016,24.63935797700003],[91.17481309400011,24.64446980500003],[91.16632403000011,24.636083554000095],[91.16066163600004,24.636669191000124],[91.15535489700017,24.642428515000063],[91.14638904700013,24.64186051700011],[91.14262417300017,24.638337996000075],[91.1308387790001,24.64533533600013],[91.12952280700011,24.63235503600015],[91.13493742700012,24.62600880800011],[91.12953670899998,24.612603201000184],[91.1258849150002,24.614249273000155],[91.11721242700008,24.60866313000008],[91.10443182500006,24.610179770000116],[91.10547631499998,24.602514271000132],[91.09731087200004,24.603061668000066],[91.07339006200004,24.622069572000157],[91.06266727900004,24.620529243000192],[91.04589164200013,24.612824089000185],[91.03945557400016,24.61261131400005],[91.03672201600011,24.619972038000185],[91.04289341500015,24.62559606100018],[91.03043923300015,24.630969307000157],[91.02147430900015,24.618751108000026],[91.02228676200014,24.608947374000138],[91.01970989400013,24.605291651000073],[91.01038688300008,24.607458670000085],[91.00471414200013,24.603920511000126],[90.99405133500011,24.603435928000124],[90.98617714699998,24.607210629000065],[90.97762170500016,24.60147776800011],[90.96687024300019,24.607256891000134],[90.96150257300019,24.612461374000077],[90.95137487300008,24.60396008700002],[90.94759562000013,24.607666219000066],[90.9363350480001,24.602882115],[90.93343553500011,24.61205282000003],[90.92811133300012,24.615083972000036],[90.91477776400012,24.613740942000106],[90.9169227320001,24.599886675000164],[90.908421986,24.596058563000156],[90.90089260100012,24.59915849400005],[90.8879636600002,24.60157430600009],[90.88181276900008,24.594343819000187],[90.8656543300001,24.59576644900011],[90.86343043700003,24.601297102000046],[90.85274462700016,24.59862165000004],[90.84540954300007,24.58566750400007],[90.83923019700018,24.583092122000153],[90.82062797700007,24.58595074900012],[90.82234353900009,24.579003067000087],[90.8193766620002,24.572198575000016],[90.80992964200016,24.564214311000057],[90.81399701000004,24.559760423000114],[90.80686288400005,24.54385448000005],[90.80107972400009,24.53666046400008],[90.80379405400015,24.52968532699998],[90.79863778400005,24.527048545000127],[90.79311299400013,24.507742100000144],[90.77950085600008,24.51017464900002],[90.77440056200015,24.50830662100003],[90.75915621500013,24.51042736000005],[90.7530759460002,24.50255554400013],[90.74299387800016,24.50844190200013],[90.74163021100003,24.496927067000115],[90.7292938830002,24.476481751999984],[90.71833214000014,24.476315254999975],[90.71595806900007,24.490336248000062],[90.70919593300016,24.498144054000193],[90.70269025599998,24.514945479000062],[90.6970216970002,24.50910146200016],[90.68722567700007,24.50635120700008],[90.68279839900003,24.501358943000184],[90.68209751100011,24.492188594000027],[90.68553276900013,24.48891726200003],[90.67897267800015,24.466901488000133],[90.6647063420001,24.467109406000077],[90.65965994100009,24.473281854000106],[90.65132055600014,24.47439984600004],[90.64710987600006,24.478206273000126],[90.63669799500002,24.47691161000006],[90.63147183500018,24.48029320700016],[90.616550126,24.495956521000096],[90.60440971500014,24.499141743000052],[90.59119185000009,24.497848640000086],[90.58365178000008,24.494430653000165],[90.58270980800012,24.485266769000077],[90.57572968699998,24.482183290000137],[90.57592460000006,24.46660903800006],[90.57921886000014,24.456991517000063],[90.58503578500012,24.453510078000193],[90.58760711800016,24.446313341000064],[90.5998493800002,24.44425126699997],[90.61958129800018,24.43621278400002],[90.63475480000011,24.434000405000063],[90.63964910300012,24.422663437000097],[90.64790300500005,24.41584573900019],[90.64365883000016,24.396051148000083],[90.64077543600018,24.391396372000088],[90.64275943700011,24.384941773000094],[90.63922902300004,24.375586565000162],[90.63573827300002,24.374056862000145],[90.63361097300003,24.359089308000023],[90.62819620800013,24.353771957000163],[90.62367651900018,24.344052376000036],[90.62448555000003,24.337031549000073],[90.6417536400001,24.309155938000174],[90.64436687000011,24.296920671000066],[90.64409314500011,24.278921918000037],[90.6507408220001,24.271946065000066],[90.65129715300003,24.260889026000143],[90.6561036980001,24.253516653000077],[90.66999305600018,24.24702111600004],[90.682452689,24.24397177400016],[90.69368681100013,24.242200466000156],[90.70990594000017,24.235911966000117],[90.72475319400013,24.240019465000103],[90.73347179100006,24.239672882000093],[90.74060496400006,24.242374881000103],[90.75449048100006,24.250728129000095],[90.76779327100013,24.252756873000067],[90.77869239600017,24.246006920000127],[90.78257815000012,24.23774353800013],[90.78141459000017,24.2311723630001],[90.79179317600017,24.223372013000073],[90.7897431610001,24.20621123000012],[90.78626729900009,24.19692714700011],[90.79725489400016,24.188888493000036],[90.80409485500007,24.18777104600008],[90.82051209100007,24.173226558000124],[90.81993348800006,24.165681518000042],[90.82620169500012,24.15385485300004],[90.83915060600009,24.145953914000074],[90.85930469100009,24.143379007000135],[90.86425183100016,24.14552541100005],[90.87189245200005,24.14130840300004],[90.8720111400001,24.134618162000095],[90.86879461700016,24.127840340999967],[90.86088115600006,24.12228791000001],[90.8479414320002,24.11776778500007],[90.84550523500013,24.11184308300011],[90.85311712800018,24.108395517000133],[90.85665830000005,24.10342005900003],[90.8733972710001,24.10195930700013],[90.89122200100019,24.095468922000066],[90.89734527100006,24.091612804000192],[90.911380184,24.078553888999977],[90.91966298500012,24.077278294000052],[90.94368911700013,24.0867621000001],[90.95138142000019,24.07933090300014],[90.95453715100007,24.06963381200012],[90.96298119600004,24.067043084000147],[90.96506895300018,24.061105631000146],[90.95943274200005,24.04739757900012],[90.96026773800003,24.04090781100018],[90.96816536400013,24.036730723000062],[90.98111163100009,24.037826597000105],[90.98668248600018,24.035309430000154],[90.99518539400009,24.045020353999973],[91.01203778100012,24.05804290100002],[91.01977207400012,24.060709969000072],[91.03646678600012,24.072015522000186],[91.05007444600017,24.09012279000018],[91.05080400500009,24.101020641000105],[91.048045748,24.1083415330001],[91.04089310700016,24.11894332600008],[91.02539230700017,24.12942498299998],[91.00454896000014,24.137727730000165],[90.99733621900015,24.142839270000138],[90.98424239000008,24.158647611000106],[90.99122528900006,24.17027973],[91.01068537200018,24.179914672000166],[91.02649572200005,24.195078373000115],[91.03908442200003,24.213734752000164],[91.05330051100003,24.21512539500003],[91.07525068200016,24.21495619700005],[91.08861429200005,24.211009128000057],[91.09094726500012,24.217720486000076],[91.081148928,24.225261220000164],[91.07871816400018,24.230017887000145],[91.08131467200008,24.23682685000017],[91.08724967600011,24.24109232000012],[91.10904705200011,24.240772468000102],[91.13955097799999,24.244294880999973],[91.14982872100012,24.249654089000046],[91.15429236500017,24.256332405000137],[91.16011499700016,24.257827847000044],[91.17527979,24.26551884900016],[91.19339513000017,24.277701964000187],[91.19814375600015,24.28670878900016],[91.19755993800015,24.293396056],[91.18704134000006,24.29279002100003],[91.17981282200009,24.28929727500008],[91.16345397800012,24.284914835000052],[91.15884226000014,24.29065297200009],[91.16940637400006,24.31492776900012],[91.1729462190001,24.319704770000044],[91.18603278400013,24.32280444100013],[91.20419006000003,24.32142429000004],[91.2346909310001,24.316198932000077],[91.23902728400014,24.32466582300009],[91.2351674470001,24.336958444000174],[91.22333215200001,24.352349762000188],[91.21550153000015,24.35957472800004],[91.21412057600008,24.363953070000093],[91.21996558100011,24.36777571300013],[91.23130533500012,24.367268621999983],[91.23756066400011,24.372159592],[91.2443411270001,24.380980983000086],[91.25306150900002,24.37788618600007],[91.25640133600007,24.382127652],[91.24553069600017,24.393966622999983],[91.23924501700014,24.407766340000023],[91.23240407800012,24.409662126000057],[91.21600818000013,24.403150561000132],[91.21630706800016,24.41125299400005],[91.22054295200019,24.419477233000123],[91.21833035200007,24.43301793200004],[91.23185085400019,24.433337380000182],[91.24024153900018,24.427399079000054],[91.24315572500007,24.430255850000094],[91.23897762000013,24.44201380500016],[91.23841666500016,24.458232407000025],[91.23354112600009,24.472332532000053],[91.22860030200019,24.480831965000164],[91.2233801480001,24.484366821000037],[91.2035914020002,24.476922212000034],[91.19926178800011,24.465354809000132],[91.19020872800013,24.464475923000066],[91.18482923500011,24.46961588500011],[91.18618325100005,24.474138547],[91.19384410900011,24.480137623000076],[91.17089469400008,24.483954271000187],[91.16308026300004,24.48316578100014],[91.15682085300011,24.476865409000027],[91.15083580700013,24.480580553000095],[91.15703986600005,24.489113800000155],[91.17052833000014,24.500442414000076],[91.17537388600016,24.501585281000075],[91.18199727200016,24.49371343000007],[91.18749962400017,24.49733661199997],[91.21514241699998,24.525632222000127],[91.22692384900012,24.55459636300003],[91.22583965800004,24.561644493000017],[91.23393475700004,24.570234943000116],[91.23016851500017,24.574684729000012],[91.217180015,24.57855360400015],[91.20666625600006,24.57839603000008],[91.204147192,24.588652629000023],[91.20528716000018,24.595814271],[91.20012697400011,24.602941276000024],[91.20094792100008,24.610046059000183],[91.19340275000008,24.613883001000033],[91.17997689600014,24.617165305000185],[91.17973718800005,24.631874572000186],[91.19334813400019,24.625672922000035],[91.19461677700008,24.632192949000114]]]},"properties":{"adm2_name":"Kishoreganj","adm2_pcode":"BD3048","adm1_pcode":"BD30"}},
{"type":"Feature","geometry":{"type":"Polygon","coordinates":[[[90.28729050200008,23.441741632000117],[90.2683253140001,23.456301753],[90.23525083100009,23.47106966000007],[90.22276606100019,23.479373381000073],[90.21959256000008,23.475533496000082],[90.20408162100006,23.485675883],[90.18088325800005,23.499270403000025],[90.17282701200014,23.49326795500008],[90.16664524100014,23.494679296000072],[90.16165890700006,23.47532712000003],[90.15757521600011,23.470489677000103],[90.15051137000006,23.472583249000138],[90.14237134300004,23.48025529400013],[90.13569061800018,23.47032281900016],[90.12365301500012,23.464344020000112],[90.11211011000012,23.462874082000155],[90.10678411700007,23.45330472000012],[90.10642421600005,23.447083542000144],[90.11111892200017,23.43783055200015],[90.10686916400005,23.431607569000164],[90.0928370580001,23.418699425000057],[90.10282142500012,23.41907706800015],[90.11003715100009,23.415255725000065],[90.09803822900011,23.405367196000157],[90.09729323,23.388616901000034],[90.10228121800009,23.384819858000014],[90.09268074100004,23.378550286000177],[90.08878447600011,23.368955047000043],[90.09136183000004,23.364960972000063],[90.08652228,23.35513353200014],[90.08771817900009,23.350268581000023],[90.09984962700003,23.343953988000067],[90.10202261900008,23.33512955700013],[90.0924263170001,23.327620009000157],[90.09390606700015,23.31409888100012],[90.08657615600004,23.308044157000097],[90.07574948700011,23.31019286200018],[90.06849450400017,23.305801600999985],[90.05893648600016,23.322024387000056],[90.04735884000007,23.33480107400004],[90.03884156999999,23.341889851000076],[90.03210833500003,23.33930566400005],[90.03501415300013,23.329258017000143],[90.03320161599999,23.316295948000118],[90.02550913100009,23.307248490000063],[90.02333335900016,23.287984216999973],[90.02636099100005,23.285206914000128],[90.0246108820001,23.276109419000136],[90.02931029100017,23.261811412999975],[90.02266993299997,23.25417498200011],[90.024927602,23.246950191000167],[90.02416462300005,23.239231466000035],[90.01768314600014,23.23048369700018],[90.00957787400006,23.229845302],[90.00210674700014,23.225798712000028],[89.9973246130001,23.21601349499997],[89.98469169300006,23.21680543700012],[89.98167135000017,23.210208616000102],[89.98169653600013,23.197939258000133],[89.97639262200005,23.194880808],[89.97646605800009,23.183580244000098],[89.97015565800018,23.18121924200011],[89.96622036600019,23.17409347600011],[89.96520656700005,23.165091621000045],[89.96008586100004,23.160354720000043],[89.94764029700019,23.162503248000178],[89.94256302400015,23.157101848000025],[89.943583462,23.146494897000025],[89.93673662000015,23.125864787000125],[89.9354392050002,23.118350032000023],[89.94731938300015,23.117298326000025],[89.95117093400006,23.11487186400018],[89.96014160200014,23.115344118000166],[89.96678507000018,23.110266671999966],[89.97826063500014,23.109433088000117],[89.98564029100004,23.11129705700006],[89.99124567500019,23.12898242900019],[90.0127752360001,23.138570994000133],[90.01501734400017,23.128318009999987],[90.0222061720001,23.12787227100017],[90.04386688000011,23.121530872000108],[90.04079622700016,23.110538156000075],[90.04251977600006,23.10530740600018],[90.04980340200018,23.10565983400005],[90.06231672500019,23.119749617000082],[90.07913781400009,23.11947785400008],[90.08095486100007,23.112650007000127],[90.09662550400003,23.11339547100016],[90.10927983700014,23.11755382700011],[90.1097548680001,23.11210190000014],[90.11919449000004,23.111340768000048],[90.11061024100007,23.103456421000033],[90.10876780800015,23.0767303290001],[90.11240675900007,23.074112625000055],[90.1237144390002,23.075876972000117],[90.12739691399997,23.069268408000084],[90.12461443600017,23.064882675000035],[90.11110717900016,23.06688648200003],[90.11109854500017,23.05633815500005],[90.11616473000004,23.043258698999978],[90.11472116400012,23.034261496000113],[90.12151462100007,23.026897465000047],[90.12615992200011,23.026848663000067],[90.135564154,23.044616335000057],[90.13551659100011,23.04977003100015],[90.13662984299998,23.053038904000175],[90.1463180360002,23.055539843000076],[90.15317471000014,23.054852170000117],[90.15771621900012,23.062268966000033],[90.15655869500011,23.066428889000065],[90.16288862900018,23.07071502700012],[90.17904462100006,23.06710949600017],[90.1805516600001,23.064072359000136],[90.19954010800006,23.059911800000066],[90.20455149100019,23.068012408000072],[90.21436603799998,23.074419343000045],[90.22037085500011,23.06897601600008],[90.22680255700004,23.055518829000107],[90.23529104900018,23.050358440000082],[90.23784297200007,23.045865499000058],[90.23241232800012,23.03184261700011],[90.23274048100018,23.006373178000104],[90.22881335700015,22.99255449700013],[90.22923516300006,22.985498269000175],[90.2354002850002,22.966345595000178],[90.24412517700017,22.97618768700005],[90.25062741600004,22.97859725100011],[90.25822532300009,22.974180833000105],[90.25695387400015,22.96611436300003],[90.27500313000019,22.97630427400003],[90.28989889000002,22.974222995],[90.2922260150001,22.97607105800006],[90.31625436900015,22.981456099000013],[90.3225850300002,22.985030408000114],[90.32798851800015,22.993324915000073],[90.32994738800005,23.002642228000184],[90.3284655970001,23.014282426000136],[90.32154769300007,23.02029017300009],[90.31160275400009,23.034607344000165],[90.31057273300007,23.049787701000014],[90.31216883300016,23.053280443000176],[90.33087649100008,23.057429572000046],[90.34952478800005,23.05619406200009],[90.33617145800008,23.07026071100006],[90.3418880500002,23.07358623500005],[90.34613817800016,23.08795112300004],[90.3520493600002,23.09554854700019],[90.35158184500017,23.114497388000075],[90.34455286700017,23.120341802000155],[90.34804569100015,23.126118869000038],[90.34689031400018,23.13104492700012],[90.355093764,23.13731728500005],[90.35170682400008,23.141085654],[90.341870922,23.14244194300005],[90.33783880700008,23.138872470000024],[90.31871633700007,23.140593486000114],[90.30859937300005,23.137451997000028],[90.30769773500003,23.148971077000056],[90.2961193160001,23.147728612000037],[90.29192438700005,23.15026573000017],[90.29000450500018,23.165987018000123],[90.29051560200008,23.176464557000088],[90.28444884200013,23.18464470100014],[90.283756406,23.200272763000044],[90.27399302499998,23.1992441860001],[90.26529523300013,23.212448775000098],[90.25453325600006,23.21392412000006],[90.24746114100014,23.221252250000077],[90.24890002299998,23.23294788000004],[90.24171966199998,23.23517220300016],[90.2422360440001,23.250482534000128],[90.23417301300009,23.2602895980001],[90.23323263000015,23.267640980000124],[90.24480837500005,23.294648040000084],[90.2442062770001,23.304323369000087],[90.24836761500018,23.307344135999983],[90.25037463700016,23.321146692000184],[90.24512336500015,23.331116154000142],[90.23552103700007,23.335482536000086],[90.252837683,23.345073425000066],[90.25056525100013,23.356928354000104],[90.2409577320002,23.359005218],[90.24408145300009,23.37182493800009],[90.25395520800004,23.37839424700013],[90.26797525800009,23.380317455000124],[90.26340062000014,23.387766112000122],[90.24988953900015,23.39345645700007],[90.23562529300017,23.394510618000027],[90.23091802500005,23.398582466000107],[90.23062933300014,23.410948976000157],[90.24695406900008,23.41579051200017],[90.24895173400012,23.42248524000007],[90.26260891900006,23.426699303000134],[90.26663742300013,23.42445909500003],[90.27929663300006,23.425640601999987],[90.28729050200008,23.441741632000117]]]},"properties":{"adm2_name":"Madaripur","adm2_pcode":"BD3054","adm1_pcode":"BD30"}},
{"type":"Feature","geometry":{"type":"Polygon","coordinates":[[[90.00839655100009,24.01121050600011],[90.01034280300001,24.003623273000017],[90.0018865890001,24.00095682800014],[89.99185347000008,24.00145565600019],[89.98948558600011,24.008238757000186],[89.97787581900008,24.01099914000008],[89.97698444300005,24.016109016000087],[89.98581271300009,24.016982998000117],[89.98017072000016,24.025609143000167],[89.97878441800003,24.033433148000142],[89.96880241100001,24.030358217000185],[89.9673970230001,24.01344049800008],[89.95982189100005,24.014073217000146],[89.95056341100013,24.022757290000186],[89.94811316600016,24.016287123000154],[89.93990864300014,24.00990734100003],[89.93908258900018,24.00298829200017],[89.93180080700006,24.005247811000174],[89.91867873100006,23.999589464000167],[89.91485204000008,23.993978338000034],[89.90752438900012,23.99433764500003],[89.90635504800008,23.988005299000122],[89.8951967180002,23.985737749000066],[89.89103320700008,23.976869645000136],[89.89517502500007,23.970405398000025],[89.88401179200008,23.971754473000033],[89.88046097900019,23.97727048600018],[89.88177386500007,23.98505057000017],[89.87783596800011,23.987129429000106],[89.87737805800009,23.995088763000183],[89.86700639000009,23.99286720800012],[89.87061262200001,23.984547044000067],[89.87073357899999,23.973238708000167],[89.86425560100014,23.967262762000075],[89.84625632300015,23.96937515400009],[89.8392052280002,23.978551516000095],[89.82045697100017,23.98459364100006],[89.81304277700008,23.98019735400004],[89.81305646200008,23.97454542000014],[89.80553040700005,23.975848006999968],[89.80177919900018,23.98158773700004],[89.79352198300018,23.980267167000022],[89.79414149600018,23.987866394000093],[89.78823847300015,23.98876384100015],[89.7843746100001,23.980843938000078],[89.774019867,23.973501611000188],[89.76505546600004,23.979099441000074],[89.77570459700013,23.986711512000056],[89.77539550700016,23.991868477000025],[89.78537862900015,24.01024306500011],[89.78779692200015,24.025716375000172],[89.78648474900018,24.034895028000108],[89.77702229500011,24.028138126999977],[89.76540249400011,24.02400209000018],[89.75418634500016,24.02468901700007],[89.73788037800006,24.021073947000104],[89.72203321200016,24.011584794000044],[89.70727263000009,23.999828628000046],[89.69814432700002,23.98767076200005],[89.69691248300006,23.98054673100006],[89.69740817600012,23.943302774000017],[89.68714540299999,23.94028203300013],[89.69134387600019,23.925631139000075],[89.69863148900004,23.925600438000117],[89.6995578440002,23.91367736],[89.70304146700005,23.90171856800015],[89.70134682000008,23.896356861000186],[89.70623317400009,23.89245075399998],[89.70089810000007,23.88723333300004],[89.70370507800016,23.87657608000012],[89.71154948200012,23.86644312100009],[89.71523473800005,23.857031472000017],[89.73532872200013,23.835916764000046],[89.75213224800012,23.832897436000167],[89.77101781400006,23.833010198000068],[89.77382833700017,23.815419141000064],[89.78090481800007,23.799315429000046],[89.80832372200013,23.777136485000142],[89.82084822300004,23.759842937000087],[89.83417260900006,23.751891104000038],[89.83860162500008,23.7320069860001],[89.83614515700003,23.729723903000092],[89.8497464960002,23.713369528000044],[89.8567034780001,23.708261416000028],[89.87398540600003,23.69912640500013],[89.8916746380001,23.68602892299998],[89.90308517900019,23.674770510000087],[89.91695117800003,23.65919268099998],[89.92501210400013,23.645760664000022],[89.93611122300018,23.64412640300003],[89.9658255,23.636393645000112],[89.97888873500006,23.635729125000182],[89.99229009200019,23.626648144000114],[90.00762712100004,23.627500914000166],[90.00598912900006,23.6443966760001],[90.01420449100016,23.647063047000017],[90.02085656900005,23.65772990700009],[90.01804061100012,23.66815623600013],[90.02249842800012,23.6736520340001],[90.02982627500006,23.673790802000042],[90.03099867200018,23.679530831000022],[90.03768517200007,23.682173660000103],[90.04071273200009,23.699985278000042],[90.04494822300018,23.711846209000043],[90.05035104000018,23.711670667000078],[90.05099801100016,23.723812551000037],[90.07023172000004,23.724326645000076],[90.07944793800016,23.718301953000037],[90.085743132,23.72705796400004],[90.0989139670001,23.729007916000114],[90.10534141300008,23.72685391400006],[90.10574811900011,23.716782281000064],[90.11585596600008,23.714769805],[90.11653595799999,23.721690529000114],[90.12510170800016,23.733283945000153],[90.12945710600007,23.73323293800007],[90.13797317900014,23.74534955200005],[90.14533809700004,23.746727042000146],[90.15746745400008,23.74265728200004],[90.15880739700003,23.73578212500007],[90.1555368810001,23.73258791799998],[90.16159224100005,23.723702680000088],[90.17429605500007,23.72478860600006],[90.18274103300018,23.720291922000115],[90.19409407700005,23.719657105000067],[90.210739021,23.721401196000045],[90.21621857100007,23.711703936000106],[90.22678673400009,23.70729671500004],[90.23717038300009,23.71372589400005],[90.2570383220002,23.71394707700017],[90.25278984300013,23.72186208],[90.23730816400001,23.733703445],[90.222191758,23.737469897999972],[90.21801180300014,23.745898697000086],[90.22503035600005,23.762386553000056],[90.23864246500005,23.783280885000124],[90.24626556600009,23.80425360800018],[90.24843686900005,23.82162630199997],[90.24508997100008,23.836817594000138],[90.24080734800003,23.83119020700002],[90.22723381000014,23.833967966999978],[90.22106349600011,23.838197343],[90.21317256100014,23.838161041000035],[90.18989923600014,23.83379944600017],[90.17571204400008,23.828082918000064],[90.15578799000019,23.829443573000106],[90.15156466399998,23.827534989000128],[90.15014838100012,23.83858810600009],[90.14660790900012,23.84655378600013],[90.14081122600004,23.851572497000177],[90.13092946300014,23.864855664000117],[90.12004769700008,23.874036964000027],[90.11408811200016,23.881795828],[90.10884004200005,23.895456629000137],[90.10318168900005,23.900324476000094],[90.09333095100015,23.903144359000066],[90.0873936500002,23.91185733000009],[90.08133041700006,23.912465827000062],[90.07806758400017,23.90637968900006],[90.06893616200011,23.90695760900013],[90.0640193930002,23.917317624000134],[90.074932129,23.923682776000078],[90.0655330080001,23.926200329000096],[90.06728194000004,23.94373138400016],[90.06216450099998,23.950620706000166],[90.07477810200015,23.956928685000094],[90.05688193700007,23.960416065000175],[90.05025342400012,23.959009333000097],[90.04562219300016,23.96223983800013],[90.04460404600019,23.968680187000018],[90.03899489700018,23.96988301300007],[90.03799336200018,23.982966573000112],[90.05154635200012,23.990274264000163],[90.05530749900004,24.000723316000176],[90.04446617800016,23.997463929000048],[90.04465198500014,24.003483893000066],[90.03209716200013,24.00624413899999],[90.02731944400006,24.003993768000043],[90.02067839400013,24.011064826000165],[90.00839655100009,24.01121050600011]]]},"properties":{"adm2_name":"Manikganj","adm2_pcode":"BD3056","adm1_pcode":"BD30"}},
{"type":"Feature","geometry":{"type":"Polygon","coordinates":[[[90.43048555000013,23.61379993500009],[90.41002358800012,23.63475218600007],[90.39703535500007,23.644028542000058],[90.39039276000017,23.652350843000193],[90.36747146200008,23.653517871000133],[90.35352976400014,23.6405072390001],[90.3471137410001,23.63952588799998],[90.33404300500007,23.64312246800006],[90.31521708600019,23.65690950200019],[90.30307393800018,23.66429334900016],[90.2958485800001,23.665735161000043],[90.28505025500004,23.67286981],[90.27805146400016,23.664359847000128],[90.27147879300014,23.660619341000086],[90.2709197600002,23.65483401800003],[90.24895910800018,23.654655928000068],[90.24759963300005,23.647739889000093],[90.24974265300011,23.63945387600006],[90.24549809700005,23.628865057000155],[90.23983876400018,23.63203530400017],[90.23657352700008,23.621638442000062],[90.22575837800008,23.612401315000056],[90.225959584,23.60160243600012],[90.22203902200016,23.59599892700004],[90.20846872300012,23.58970822000009],[90.20539577600016,23.579830504000086],[90.20680110700016,23.566681475999985],[90.19211515300009,23.559930261000147],[90.18617668000013,23.562659006000047],[90.1771300530001,23.55572523000012],[90.181774114,23.544621291],[90.18106492400017,23.534431608999967],[90.1773275720002,23.527117390000114],[90.17136516000016,23.530385544000126],[90.16511068000011,23.526698009000143],[90.15887607899998,23.521804761999988],[90.1751145390001,23.50374294200003],[90.18088325800005,23.499270403000025],[90.20408162100006,23.485675883],[90.21959256000008,23.475533496000082],[90.22276606100019,23.479373381000073],[90.23525083100009,23.47106966000007],[90.2683253140001,23.456301753],[90.28729050200008,23.441741632000117],[90.29075351300014,23.43872654200004],[90.29963941300014,23.44411816200011],[90.30864098800004,23.442626009000037],[90.32389491100014,23.43330933900006],[90.32973878100012,23.437617063000175],[90.33363424400011,23.43267008300012],[90.34290901000014,23.43341778000007],[90.34938410300003,23.430896810000036],[90.36559385800018,23.428770862000192],[90.37391795500014,23.423062728000048],[90.37494249500014,23.41930487500008],[90.38774507300002,23.410353702000123],[90.3970600950002,23.413340497000036],[90.408046017,23.41191271300005],[90.42224555500019,23.406879082000046],[90.42917821600014,23.407898967000108],[90.43165427600019,23.414458992000107],[90.44070942900004,23.41408137200017],[90.44377711600015,23.40939083300009],[90.45851406600019,23.408905683000114],[90.47772152400012,23.40182057900006],[90.4874633610001,23.39958657500017],[90.50223783100006,23.40224236000006],[90.52288640300003,23.387961637000046],[90.53875488500012,23.379713095],[90.53853974200018,23.390459162000184],[90.54637473700012,23.407485728000097],[90.57437841600017,23.443220073000134],[90.57873703600006,23.460009148000097],[90.57771287300011,23.470885933000034],[90.58173715800012,23.47210843500011],[90.5841995240001,23.48371512100016],[90.57757740200003,23.485761932000116],[90.57627093299999,23.49342864500005],[90.59450009300019,23.491866445000085],[90.60424280299998,23.49526359200007],[90.6129549490002,23.489868761000025],[90.62390827200005,23.491489536000074],[90.63425663900017,23.501966102000097],[90.64145090400012,23.504355091000093],[90.65125206200014,23.501911789000133],[90.66505684100008,23.49535235800016],[90.67946175200007,23.49342274999998],[90.68629742700017,23.495418316000098],[90.70023964300003,23.50271318299997],[90.70535551000006,23.507605984000065],[90.7072341670002,23.519405047000134],[90.69660781200014,23.529463104],[90.6866585910002,23.547590140000068],[90.68478500100008,23.55813917500012],[90.6673393210001,23.57133455100012],[90.6477426030001,23.573027476000163],[90.64413293300004,23.582095190000075],[90.647629731,23.58909429900018],[90.66314221700009,23.58925466200003],[90.66345001700017,23.59479921200017],[90.6504807890002,23.618471406000026],[90.64066617100008,23.61449961],[90.62519797900012,23.61919549000004],[90.62012515100014,23.612645821],[90.60949539200004,23.606854682],[90.59194019500012,23.604109009000126],[90.57489955800014,23.595950586000015],[90.56445547900012,23.59313689100003],[90.5640718360001,23.582486747000075],[90.5700545570001,23.577158808000036],[90.58080592800019,23.560637184000086],[90.5814237620001,23.554327942000157],[90.57573740300012,23.550311569000087],[90.57802261600011,23.541324785000143],[90.56512067300008,23.536912372000188],[90.55186027700017,23.55485935200005],[90.54192107300008,23.562849705000133],[90.52851250600008,23.569007798000086],[90.51502780300012,23.58107745600006],[90.50631478800017,23.579347450000114],[90.50557425700009,23.574613161000173],[90.49628744200004,23.575472032999983],[90.48044267800003,23.571825883000145],[90.47222960200008,23.554355576000148],[90.46584811200017,23.55969313800017],[90.45906051200006,23.552377153000123],[90.44559875000004,23.550934952999967],[90.43758515000007,23.557116369000028],[90.431994857,23.56750145500007],[90.43156944200007,23.57282058600009],[90.44160286600015,23.584528007000017],[90.44240731200011,23.595393208000075],[90.43048555000013,23.61379993500009]]]},"properties":{"adm2_name":"Munshiganj","adm2_pcode":"BD3059","adm1_pcode":"BD30"}},
{"type":"Feature","geometry":{"type":"Polygon","coordinates":[[[90.7337139830002,23.761840749000044],[90.73026603000011,23.770861856000067],[90.74144095900004,23.789163475000123],[90.73473765900013,23.79100645200009],[90.70947276200002,23.814741207000054],[90.69436441400018,23.822484902000156],[90.68661474500016,23.82455089800004],[90.68625762000016,23.81700717600006],[90.69010818600009,23.79987873900012],[90.66930117100009,23.7953707960001],[90.6635374940002,23.804082319000145],[90.65352309000014,23.79850031],[90.64783221800013,23.802091997000105],[90.64545706900003,23.811610523000013],[90.63905256100014,23.817989031000025],[90.63645644400003,23.825300370000036],[90.64616967299997,23.83965820500009],[90.6576709740001,23.84171932999999],[90.65723542500007,23.845044991000123],[90.64798879700004,23.852158530000054],[90.65493592300004,23.85789386199997],[90.65334924700005,23.86791714100019],[90.64699009900005,23.874128691000067],[90.64021082200014,23.871679992000054],[90.63522184200019,23.87377803400011],[90.62493976600018,23.86523738500017],[90.61915952400011,23.85393172100015],[90.62266177300006,23.847567702],[90.61894644100016,23.83823979100015],[90.60976528000015,23.833198073000062],[90.59954779800012,23.847253782000166],[90.59545618800013,23.855222442000127],[90.60050034600005,23.859910851000166],[90.6075297920001,23.858905555000092],[90.60749569000012,23.865149137000117],[90.61311204600014,23.88427941400016],[90.60066001300004,23.89238739299998],[90.5998664780002,23.885530621000044],[90.59425652900012,23.88567883800016],[90.58930959800017,23.89165453000004],[90.5774171000001,23.892839923000167],[90.57071878400006,23.895628744000078],[90.56088556200007,23.894194443000117],[90.55478117100006,23.88603896400008],[90.53600562700018,23.886705587000108],[90.52335556700012,23.891178648999983],[90.51814880000018,23.888128421000033],[90.52183415000013,23.87765762700019],[90.50636804000015,23.874750324000047],[90.50431290600011,23.859090707000178],[90.4924439190001,23.853441067000063],[90.48347326600009,23.847074654000096],[90.47330911300014,23.848574174000134],[90.47261791400007,23.84233704000013],[90.47852360800005,23.83375622799997],[90.48663080500017,23.831600013000184],[90.48821701400004,23.824498212000094],[90.48414577100004,23.808996999000158],[90.4851852970001,23.806227592000084],[90.4813607160001,23.79282885700019],[90.47088864100004,23.78268172600019],[90.48315917900015,23.771500174000153],[90.48405635200004,23.757677877],[90.48852819800004,23.755396683000072],[90.48610248200004,23.748941682000066],[90.49445766200017,23.743843507000065],[90.49302510700005,23.73309505000003],[90.50071490100004,23.728630931000055],[90.50083756600014,23.718525561999968],[90.51018174900008,23.712658036000164],[90.49106502100005,23.699862442000153],[90.48006200200012,23.69596070900019],[90.47241375200002,23.68707615700015],[90.46578669300015,23.687426211000115],[90.45927685300012,23.682104753000033],[90.46082708500018,23.67862494700006],[90.44910226000019,23.669187140000133],[90.47258085800019,23.6407830280001],[90.47123293100015,23.63454716700005],[90.45349608700019,23.628839078000055],[90.44593862900018,23.628276127000106],[90.43048555000013,23.61379993500009],[90.44240731200011,23.595393208000075],[90.44160286600015,23.584528007000017],[90.43156944200007,23.57282058600009],[90.431994857,23.56750145500007],[90.43758515000007,23.557116369000028],[90.44559875000004,23.550934952999967],[90.45906051200006,23.552377153000123],[90.46584811200017,23.55969313800017],[90.47222960200008,23.554355576000148],[90.48044267800003,23.571825883000145],[90.49628744200004,23.575472032999983],[90.50557425700009,23.574613161000173],[90.50631478800017,23.579347450000114],[90.51502780300012,23.58107745600006],[90.52851250600008,23.569007798000086],[90.54192107300008,23.562849705000133],[90.55186027700017,23.55485935200005],[90.56512067300008,23.536912372000188],[90.57802261600011,23.541324785000143],[90.57573740300012,23.550311569000087],[90.5814237620001,23.554327942000157],[90.58080592800019,23.560637184000086],[90.5700545570001,23.577158808000036],[90.5640718360001,23.582486747000075],[90.56445547900012,23.59313689100003],[90.57489955800014,23.595950586000015],[90.59194019500012,23.604109009000126],[90.60949539200004,23.606854682],[90.62012515100014,23.612645821],[90.62519797900012,23.61919549000004],[90.63190473100008,23.628001768000047],[90.63636061800008,23.639337202000036],[90.64246058300006,23.662908962000074],[90.6434799290002,23.673203800000124],[90.64992894000011,23.677636561000156],[90.66351956300008,23.674577203000183],[90.668373341,23.679895520000116],[90.67968921100015,23.6828795240001],[90.6953231660001,23.671971573000064],[90.70400681300015,23.6673801230001],[90.72227215800018,23.664839181],[90.73302106500006,23.669925578000118],[90.7388432460001,23.681956515000024],[90.74146338800017,23.69294376600004],[90.73648626600016,23.70935317800013],[90.72354592500017,23.72502174300007],[90.72118216400008,23.73760548700011],[90.72335684200004,23.747639025000012],[90.7337139830002,23.761840749000044]]]},"properties":{"adm2_name":"Narayanganj","adm2_pcode":"BD3067","adm1_pcode":"BD30"}},
{"type":"Feature","geometry":{"type":"Polygon","coordinates":[[[90.98668248600018,24.035309430000154],[90.98111163100009,24.037826597000105],[90.96816536400013,24.036730723000062],[90.96026773800003,24.04090781100018],[90.95943274200005,24.04739757900012],[90.96506895300018,24.061105631000146],[90.96298119600004,24.067043084000147],[90.95453715100007,24.06963381200012],[90.95138142000019,24.07933090300014],[90.94368911700013,24.0867621000001],[90.91966298500012,24.077278294000052],[90.911380184,24.078553888999977],[90.89734527100006,24.091612804000192],[90.89122200100019,24.095468922000066],[90.8733972710001,24.10195930700013],[90.85665830000005,24.10342005900003],[90.85311712800018,24.108395517000133],[90.84550523500013,24.11184308300011],[90.8479414320002,24.11776778500007],[90.86088115600006,24.12228791000001],[90.86879461700016,24.127840340999967],[90.8720111400001,24.134618162000095],[90.87189245200005,24.14130840300004],[90.86425183100016,24.14552541100005],[90.85930469100009,24.143379007000135],[90.83915060600009,24.145953914000074],[90.82620169500012,24.15385485300004],[90.81993348800006,24.165681518000042],[90.82051209100007,24.173226558000124],[90.80409485500007,24.18777104600008],[90.79725489400016,24.188888493000036],[90.78626729900009,24.19692714700011],[90.7897431610001,24.20621123000012],[90.79179317600017,24.223372013000073],[90.78141459000017,24.2311723630001],[90.78257815000012,24.23774353800013],[90.77869239600017,24.246006920000127],[90.76779327100013,24.252756873000067],[90.75449048100006,24.250728129000095],[90.74060496400006,24.242374881000103],[90.73347179100006,24.239672882000093],[90.72475319400013,24.240019465000103],[90.70990594000017,24.235911966000117],[90.69368681100013,24.242200466000156],[90.682452689,24.24397177400016],[90.68546507900004,24.237563881000142],[90.68309081200016,24.231405766000137],[90.67352640400014,24.224482981000165],[90.67220300200006,24.213574124],[90.67491647900016,24.20232452600004],[90.68627899700004,24.192316410000103],[90.68988761000014,24.181457646000126],[90.68678156900006,24.174693419999983],[90.68546762300008,24.16115410499998],[90.68635747700017,24.149799552000104],[90.68977973200009,24.14408061900008],[90.69610326000014,24.140875020000124],[90.6949564140001,24.134797408000168],[90.68791025900003,24.1313092150001],[90.67812567900012,24.117568322000125],[90.67837385500007,24.112028512999984],[90.68649783500007,24.110522316000186],[90.69523574500005,24.114666748000047],[90.70457253800015,24.108346944000118],[90.70141891500009,24.099869385999966],[90.69269670000006,24.097346410000114],[90.68543166400002,24.098661664000076],[90.66872335700003,24.09816215800015],[90.66060957000008,24.09327512200008],[90.65218071400005,24.09392773100018],[90.6451747810001,24.102214770000046],[90.64073482800018,24.09750982000014],[90.6409659430002,24.078451743000073],[90.63693815200008,24.071602124000094],[90.64067145000007,24.05976386700013],[90.6532246700001,24.035738049000145],[90.65971133400018,24.017292037000175],[90.65511263800016,24.009995946000174],[90.63925153400004,24.003266410000094],[90.63624841700016,23.99030579700019],[90.63163298299997,23.97910495100018],[90.62191805900017,23.97185686000006],[90.61740758700017,23.96590945600019],[90.61738056600018,23.944106348000105],[90.61282703600017,23.928783708000083],[90.59486844300011,23.921468318],[90.5724464490001,23.91750708799998],[90.56184399500006,23.913283053000157],[90.56170653500004,23.90804719700003],[90.57071878400006,23.895628744000078],[90.5774171000001,23.892839923000167],[90.58930959800017,23.89165453000004],[90.59425652900012,23.88567883800016],[90.5998664780002,23.885530621000044],[90.60066001300004,23.89238739299998],[90.61311204600014,23.88427941400016],[90.60749569000012,23.865149137000117],[90.6075297920001,23.858905555000092],[90.60050034600005,23.859910851000166],[90.59545618800013,23.855222442000127],[90.59954779800012,23.847253782000166],[90.60976528000015,23.833198073000062],[90.61894644100016,23.83823979100015],[90.62266177300006,23.847567702],[90.61915952400011,23.85393172100015],[90.62493976600018,23.86523738500017],[90.63522184200019,23.87377803400011],[90.64021082200014,23.871679992000054],[90.64699009900005,23.874128691000067],[90.65334924700005,23.86791714100019],[90.65493592300004,23.85789386199997],[90.64798879700004,23.852158530000054],[90.65723542500007,23.845044991000123],[90.6576709740001,23.84171932999999],[90.64616967299997,23.83965820500009],[90.63645644400003,23.825300370000036],[90.63905256100014,23.817989031000025],[90.64545706900003,23.811610523000013],[90.64783221800013,23.802091997000105],[90.65352309000014,23.79850031],[90.6635374940002,23.804082319000145],[90.66930117100009,23.7953707960001],[90.69010818600009,23.79987873900012],[90.68625762000016,23.81700717600006],[90.68661474500016,23.82455089800004],[90.69436441400018,23.822484902000156],[90.70947276200002,23.814741207000054],[90.73473765900013,23.79100645200009],[90.74144095900004,23.789163475000123],[90.73026603000011,23.770861856000067],[90.7337139830002,23.761840749000044],[90.74742609700019,23.78148901100019],[90.756179337,23.78897682100012],[90.76278967400009,23.797660163000046],[90.76738556000004,23.810121815000116],[90.76648311200017,23.825182570000095],[90.76031809800008,23.841928967],[90.7593427590001,23.85232952700011],[90.7659916990001,23.863633908999986],[90.78640339900016,23.865922208000086],[90.81212714700013,23.86614769900018],[90.82355692100009,23.86401192800008],[90.83924353600014,23.866928042000154],[90.85796453300003,23.878536782000026],[90.86605994500019,23.877211196000133],[90.88997821100014,23.86589576800003],[90.89917937900009,23.86478334200018],[90.90686887600015,23.868556387000126],[90.91737777800012,23.879334370000095],[90.925271839,23.901486836000174],[90.93253001200009,23.915247779000026],[90.94057241600007,23.92226598100018],[90.94868100500014,23.92637291200009],[90.9531935490001,23.939291676000153],[90.95434432600001,23.959059006000075],[90.97009542800015,23.96870522200004],[90.97352752700016,23.974445551000088],[90.97389515200013,23.98232992300018],[90.96900678000014,24.002595764000034],[90.97046866200014,24.01301103800006],[90.9795822320001,24.027784833000055],[90.98668248600018,24.035309430000154]]]},"properties":{"adm2_name":"Narsingdi","adm2_pcode":"BD3068","adm1_pcode":"BD30"}},
{"type":"Feature","geometry":{"type":"Polygon","coordinates":[[[89.73532872200013,23.835916764000046],[89.73462799100014,23.83080014000018],[89.72203282900006,23.825190334000183],[89.70415803000014,23.814019179000013],[89.68403096900005,23.81214758800013],[89.6652242770001,23.80925640600003],[89.65934624300013,23.813865197000098],[89.64916602600005,23.81692377200011],[89.64264559700013,23.810762390000093],[89.63364320700009,23.809218905000023],[89.61601717800016,23.811564658000066],[89.60488041900004,23.81100094100003],[89.58660625600015,23.812783367000065],[89.5784262750002,23.806370006000122],[89.565088586,23.808508747000076],[89.56466268000014,23.81179960200012],[89.5510875600001,23.816015536000066],[89.54999492900004,23.81320575800015],[89.52729455600019,23.81543609700003],[89.49370223600005,23.829442393000193],[89.49325453600011,23.831923381000138],[89.46554964600006,23.84509303500016],[89.43566849200016,23.86868010600017],[89.40752486800017,23.88482765200007],[89.39329465300005,23.903142682],[89.39043572500009,23.905212564000067],[89.36756918900011,23.908713833000093],[89.3666091990001,23.889671975000056],[89.35848383200005,23.886730688000114],[89.36072288100013,23.88202556900012],[89.35771910500011,23.87648093500019],[89.36068158900008,23.870584509000082],[89.35107362100007,23.862559514],[89.35089336000016,23.842620462000127],[89.34372918200012,23.839629854000123],[89.33570819100004,23.83106244000004],[89.33608910600003,23.820302355000138],[89.32946010500018,23.804151394000087],[89.3284383310002,23.794412600000044],[89.32982467300013,23.77846564200007],[89.31252166800016,23.772730959000114],[89.31525402800008,23.76703931700007],[89.32180682700005,23.767926275000093],[89.31432754100007,23.748600620000104],[89.3046926040002,23.746667604000038],[89.29651970600003,23.738025597000046],[89.30530896700014,23.73590632200012],[89.310506428,23.730740614000126],[89.3122366830001,23.72054422500014],[89.32060244700006,23.71496317600014],[89.32205753300019,23.703778663000094],[89.33954461600013,23.689745926000114],[89.34828350900011,23.68403194800004],[89.34875883400008,23.672074945000077],[89.36142525800005,23.67152701600014],[89.3659287980002,23.668631923000135],[89.37155079300004,23.666808397000068],[89.37978006500003,23.669156083000132],[89.38012084299999,23.675848130000077],[89.40157128700008,23.683156084000075],[89.41128225500012,23.682890716000145],[89.41978795500006,23.673149814000112],[89.43743172100011,23.663259428000117],[89.4422630110002,23.657053087000065],[89.43744361500006,23.64485322200005],[89.44211809500013,23.639559052000095],[89.45501658199998,23.63853456800001],[89.47298149400012,23.634915926000133],[89.48626845800015,23.624850907],[89.48725891200019,23.617168272000185],[89.47402432300004,23.60170479800007],[89.47526393900006,23.5950001060001],[89.4844667380001,23.594240576000118],[89.497837919,23.580829067000025],[89.5062803350001,23.59173717200008],[89.51677081200006,23.588423602000034],[89.52271099500012,23.58204691399999],[89.52856218900018,23.57169989900018],[89.5401471020001,23.570939737000174],[89.54467916400012,23.561727873000052],[89.55210020800007,23.568873445000065],[89.5512763390002,23.57357139200002],[89.5434199140002,23.572493957000177],[89.5405577730001,23.578415416000098],[89.54536252400015,23.584359437000103],[89.54774491000012,23.59321154100013],[89.56093296500018,23.59389069300005],[89.56148493400008,23.605207812000174],[89.57159366000019,23.606277036],[89.57906139300019,23.599035261999973],[89.58862921600019,23.59547947600015],[89.59653452200001,23.597476095000047],[89.6019574230001,23.607626929000048],[89.60564586400005,23.59766208300016],[89.61087853200007,23.59394029600014],[89.62872782100015,23.58950379900017],[89.636538707,23.59274240700006],[89.6460886650001,23.592604129000165],[89.64994450500006,23.60666313900009],[89.65610993700005,23.61150937800005],[89.66630065700014,23.61035963300003],[89.67287160199999,23.598265351000123],[89.67044465600009,23.587540708000176],[89.68461635800008,23.585652936000088],[89.694762605,23.590320517000066],[89.70865482400006,23.59126852600008],[89.72151515500019,23.58739224800013],[89.73458623400018,23.58099287300007],[89.74376746000007,23.583862621000037],[89.7424177360001,23.587952207],[89.75608673300019,23.592587728000126],[89.7541600290001,23.60171901000018],[89.74640149500016,23.609745625000016],[89.73048244400007,23.619185044000062],[89.72797908000007,23.63145380200018],[89.73344173300006,23.636600602000044],[89.73430493200016,23.643832713999984],[89.7288317660001,23.668748761000188],[89.72329807000017,23.672354277000068],[89.73495871500018,23.678083269000183],[89.73993731400009,23.667817115000048],[89.757394283,23.66741638000019],[89.75732308400006,23.677927975000102],[89.76526999100008,23.68198457200009],[89.77735805200007,23.68090721400017],[89.7842743560002,23.683866152000178],[89.79114530600009,23.683164251000107],[89.79309820999998,23.689444540000068],[89.79393888800013,23.709608685000035],[89.79583236299999,23.712253227000133],[89.81411044000004,23.721031100000175],[89.81934181200018,23.714935784000147],[89.84232250399998,23.709177785000065],[89.8497464960002,23.713369528000044],[89.83614515700003,23.729723903000092],[89.83860162500008,23.7320069860001],[89.83417260900006,23.751891104000038],[89.82084822300004,23.759842937000087],[89.80832372200013,23.777136485000142],[89.78090481800007,23.799315429000046],[89.77382833700017,23.815419141000064],[89.77101781400006,23.833010198000068],[89.75213224800012,23.832897436000167],[89.73532872200013,23.835916764000046]]]},"properties":{"adm2_name":"Rajbari","adm2_pcode":"BD3082","adm1_pcode":"BD30"}},
{"type":"Feature","geometry":{"type":"Polygon","coordinates":[[[90.53875488500012,23.379713095],[90.52288640300003,23.387961637000046],[90.50223783100006,23.40224236000006],[90.4874633610001,23.39958657500017],[90.47772152400012,23.40182057900006],[90.45851406600019,23.408905683000114],[90.44377711600015,23.40939083300009],[90.44070942900004,23.41408137200017],[90.43165427600019,23.414458992000107],[90.42917821600014,23.407898967000108],[90.42224555500019,23.406879082000046],[90.408046017,23.41191271300005],[90.3970600950002,23.413340497000036],[90.38774507300002,23.410353702000123],[90.37494249500014,23.41930487500008],[90.37391795500014,23.423062728000048],[90.36559385800018,23.428770862000192],[90.34938410300003,23.430896810000036],[90.34290901000014,23.43341778000007],[90.33363424400011,23.43267008300012],[90.32973878100012,23.437617063000175],[90.32389491100014,23.43330933900006],[90.30864098800004,23.442626009000037],[90.29963941300014,23.44411816200011],[90.29075351300014,23.43872654200004],[90.28729050200008,23.441741632000117],[90.27929663300006,23.425640601999987],[90.26663742300013,23.42445909500003],[90.26260891900006,23.426699303000134],[90.24895173400012,23.42248524000007],[90.24695406900008,23.41579051200017],[90.23062933300014,23.410948976000157],[90.23091802500005,23.398582466000107],[90.23562529300017,23.394510618000027],[90.24988953900015,23.39345645700007],[90.26340062000014,23.387766112000122],[90.26797525800009,23.380317455000124],[90.25395520800004,23.37839424700013],[90.24408145300009,23.37182493800009],[90.2409577320002,23.359005218],[90.25056525100013,23.356928354000104],[90.252837683,23.345073425000066],[90.23552103700007,23.335482536000086],[90.24512336500015,23.331116154000142],[90.25037463700016,23.321146692000184],[90.24836761500018,23.307344135999983],[90.2442062770001,23.304323369000087],[90.24480837500005,23.294648040000084],[90.23323263000015,23.267640980000124],[90.23417301300009,23.2602895980001],[90.2422360440001,23.250482534000128],[90.24171966199998,23.23517220300016],[90.24890002299998,23.23294788000004],[90.24746114100014,23.221252250000077],[90.25453325600006,23.21392412000006],[90.26529523300013,23.212448775000098],[90.27399302499998,23.1992441860001],[90.283756406,23.200272763000044],[90.28444884200013,23.18464470100014],[90.29051560200008,23.176464557000088],[90.29000450500018,23.165987018000123],[90.29192438700005,23.15026573000017],[90.2961193160001,23.147728612000037],[90.30769773500003,23.148971077000056],[90.30859937300005,23.137451997000028],[90.31871633700007,23.140593486000114],[90.33783880700008,23.138872470000024],[90.341870922,23.14244194300005],[90.35170682400008,23.141085654],[90.355093764,23.13731728500005],[90.34689031400018,23.13104492700012],[90.34804569100015,23.126118869000038],[90.34455286700017,23.120341802000155],[90.35158184500017,23.114497388000075],[90.3520493600002,23.09554854700019],[90.34613817800016,23.08795112300004],[90.3418880500002,23.07358623500005],[90.33617145800008,23.07026071100006],[90.34952478800005,23.05619406200009],[90.35264729100004,23.055006028000037],[90.36942999200016,23.058781992000036],[90.37833194100011,23.054453224000156],[90.3845137780001,23.056176881],[90.39596367600012,23.049413214000026],[90.40229950500009,23.04870888300013],[90.40994334100014,23.043942153000046],[90.41312262800005,23.04588460100001],[90.42582072500005,23.041310763000126],[90.42499223300007,23.034471424000117],[90.41885329600007,23.030268285000034],[90.41161177000009,23.021390836000137],[90.41526131300014,23.007510726000078],[90.41880345300012,23.00669066300003],[90.44355722200004,23.016329485000142],[90.45345286899999,23.018250861000126],[90.45687782800013,23.012956097000085],[90.47472524300008,23.013368800000023],[90.48958193900006,23.020769168000015],[90.49335341500006,23.0209900590001],[90.49515308600019,23.033436694000102],[90.50075414800017,23.03988905300008],[90.51110253900009,23.04227684300014],[90.50620214700018,23.047353419000046],[90.50165128300006,23.05827544600004],[90.50679575800018,23.061375466000186],[90.51632076499999,23.057945931],[90.51477265400007,23.069425298000112],[90.5160954100001,23.080759794000187],[90.54483049600003,23.08013315200003],[90.53292154600018,23.093544424000186],[90.52883739000009,23.104553655000075],[90.52720869199999,23.11665210600006],[90.53733949500008,23.11860067800012],[90.55564177600013,23.12453068399998],[90.5610567560002,23.134818166000116],[90.56712884500013,23.14060691399999],[90.56548092000014,23.152624427000035],[90.56630612000004,23.164824967000186],[90.57994443500019,23.173699920000047],[90.58043965200005,23.182335826000156],[90.58773928000005,23.187123242000155],[90.59307939700005,23.200751908000143],[90.59480343500007,23.212043264000044],[90.59205013200005,23.22663720800017],[90.59555090000015,23.2473972520001],[90.59265262800017,23.252543370000126],[90.58182620500014,23.25260192000013],[90.57336351600009,23.270337396000116],[90.56419725900008,23.281600673000128],[90.562468647,23.288496666000015],[90.55455255800007,23.297869334000154],[90.55583620200008,23.305253645000164],[90.56149369400009,23.30859592600001],[90.56762504100016,23.320680029000016],[90.58161841800006,23.33643167500003],[90.57476487500008,23.3376273720001],[90.57121503600013,23.351184369000123],[90.56130249400007,23.359554111000023],[90.55247422900015,23.36358560600013],[90.54170760500017,23.378342107000094],[90.53875488500012,23.379713095]]]},"properties":{"adm2_name":"Shariatpur","adm2_pcode":"BD3086","adm1_pcode":"BD30"}},
{"type":"Feature","geometry":{"type":"Polygon","coordinates":[[[90.29353691500006,24.27830122],[90.28651248600016,24.27825950700003],[90.28058235100002,24.287569614000063],[90.26419389500012,24.28881982500019],[90.25716163200013,24.297057954000138],[90.25796165600008,24.304961744000025],[90.25406716100014,24.318001283000058],[90.24770291200014,24.326404647000118],[90.24753864700017,24.333494910000127],[90.23410195700006,24.33518034900004],[90.23006242800005,24.348743311000135],[90.24455992000014,24.397616490000132],[90.24883791100018,24.41472469000007],[90.24263015100013,24.41414770400013],[90.23240393200012,24.42043629500006],[90.22219116700006,24.43498595300008],[90.22056304100016,24.449221578000106],[90.21324480000015,24.451908468],[90.21215979200008,24.463321552000025],[90.22393653300009,24.463514551000117],[90.22647849300006,24.469995516000154],[90.23555412500014,24.476929260000077],[90.24591525000005,24.481796625000186],[90.23764401900019,24.487409491000108],[90.22866588700003,24.48405453900017],[90.22292452100015,24.492758354999978],[90.21288989500016,24.500298460000067],[90.20441486200014,24.503812196000013],[90.21063859400016,24.508098190000112],[90.20422361400017,24.51277862300003],[90.19302870900015,24.51520480400012],[90.18587386100006,24.523651596000036],[90.17666153500005,24.51827303200014],[90.17023908600004,24.53360710000004],[90.16471967900014,24.5365597980001],[90.15920724200015,24.54524059199997],[90.15104057700006,24.56781672000011],[90.15592655600011,24.572696511],[90.145064294,24.57556943900005],[90.13006751200015,24.595114097000135],[90.13478267600004,24.605642824000086],[90.13497844900013,24.616338257000166],[90.14808652500005,24.623153765000097],[90.15241131800008,24.633991784000045],[90.14958188000008,24.643464164000022],[90.15038287900018,24.65162873400004],[90.14537158300016,24.65452736000003],[90.14633155100017,24.661537120000048],[90.1428046100001,24.680551760000014],[90.1348372760001,24.691873280000095],[90.13718117900015,24.699351450000165],[90.1338366980001,24.709801580000033],[90.12902465600018,24.717613460000166],[90.13402068000005,24.726678875000175],[90.135495306,24.73415780800019],[90.13043936600019,24.737957738000034],[90.10967543700019,24.73667835900011],[90.09168215300019,24.737272967000138],[90.08995022300007,24.74396176700003],[90.09348773699998,24.75866721400007],[90.09339820300005,24.767569045000016],[90.08082053800007,24.78524033400015],[90.07777932700003,24.787018864],[90.06848816700011,24.781929231000163],[90.05528546300013,24.780788197000106],[90.04914993699998,24.775838892000138],[90.0301510590001,24.779534595000086],[90.021191127,24.772191373000055],[90.02317989200003,24.76527996200008],[90.01516558300011,24.75062172500003],[90.00896359600006,24.746574274000125],[89.99788464800014,24.74573339500006],[89.99740800800015,24.740305689000024],[89.99136409400012,24.736243168999977],[89.99074548200008,24.728149690000123],[89.98203728900017,24.724734738000166],[89.96955994400008,24.723324105000074],[89.96406309500014,24.72634917500011],[89.95621571200019,24.735359627000093],[89.96043633900007,24.737388352000153],[89.95662234800005,24.744479300000137],[89.94062732200018,24.745446681000146],[89.93726725400018,24.754950747000123],[89.93121052300006,24.75874380800019],[89.92559760800009,24.756650361000084],[89.92186190300015,24.749068868999984],[89.91427079400012,24.748662821000153],[89.90900265000016,24.74011601700016],[89.8940381230002,24.740959652000072],[89.88739933100015,24.747186474000102],[89.8778690920002,24.73861725200004],[89.87927912900005,24.726850476000095],[89.87887814000004,24.71174510600008],[89.89179360100007,24.701989738000123],[89.89643904600013,24.69053210600015],[89.89715207500006,24.68260460600004],[89.88952048300013,24.675669792],[89.88170644100018,24.676413452000077],[89.87650517400016,24.679929279000135],[89.86509463700008,24.66351379400004],[89.86848105600006,24.65360957300004],[89.86181367600011,24.64924845500019],[89.84431739700011,24.649965161000125],[89.84170561900004,24.637343169000133],[89.85118493400017,24.626375043000166],[89.8492804010001,24.621883855000135],[89.84100267500014,24.620383497000034],[89.83025515500015,24.615785997000103],[89.82636825200012,24.611125183000127],[89.83011583200005,24.60716523900004],[89.82318661400012,24.59879404800006],[89.81709386600016,24.586180979000176],[89.81697316800012,24.579391908000048],[89.811876321,24.578550208000024],[89.80713732000004,24.571614743000055],[89.79469606100014,24.571148983000057],[89.78916288300007,24.57469137200013],[89.77386457900013,24.56587332099997],[89.76864853500001,24.557459270000038],[89.77042824600011,24.541128364000087],[89.7609859640001,24.53829583600003],[89.74869665400007,24.53888323400014],[89.75119206800014,24.530300579000084],[89.7487660920001,24.520890142000155],[89.7431723540002,24.52367149100013],[89.73673747100008,24.519598436000024],[89.7387035000001,24.515268938000077],[89.74973337000006,24.51178561900008],[89.75924485200011,24.498657802000082],[89.75129504800009,24.487073119000172],[89.75203886600019,24.47243928400019],[89.74501728900003,24.470430085000146],[89.74609204800004,24.454516579000085],[89.75751771400019,24.454162777000136],[89.74983921100016,24.438121255000112],[89.7509108700001,24.427741066000067],[89.75963278100011,24.40718767600015],[89.76269364300009,24.41035132700017],[89.77243345000011,24.405624603000035],[89.774036126,24.396814257000074],[89.76475554400008,24.395458915],[89.76800396300018,24.37988183900012],[89.76495656200018,24.370757292000178],[89.7557500330002,24.36216949400017],[89.75345095500006,24.34990509200003],[89.75755993900003,24.344176507999975],[89.7724212940002,24.334208056000136],[89.77605374800015,24.325080000000185],[89.77495481900007,24.313341466000054],[89.7783354660001,24.30068148700019],[89.78674876700018,24.29416572800011],[89.79109139400003,24.286273360000052],[89.79274581300007,24.27482349900015],[89.79097918500008,24.260566091000157],[89.78645230000006,24.24971695199997],[89.7872268340002,24.233049552000068],[89.78944047800007,24.220909134000124],[89.79855459499998,24.19262192900004],[89.80323954100004,24.17412946100012],[89.79068515400019,24.172167936000108],[89.78365822900008,24.16659664900004],[89.7860865990001,24.160765368000057],[89.79323339100006,24.158058829000026],[89.80499363300004,24.161104568999974],[89.81292697400016,24.14746880700011],[89.82323197600016,24.141194763000044],[89.81916970500004,24.131193730000064],[89.81912278300007,24.10966336600012],[89.82160598600012,24.1002593180001],[89.82560743300013,24.09397530100017],[89.82417430000015,24.075520959000016],[89.81795024100006,24.06506571000017],[89.80741994100009,24.05662628300007],[89.79685272500006,24.04508678999997],[89.78610779500008,24.041358423000133],[89.78648474900018,24.034895028000108],[89.78779692200015,24.025716375000172],[89.78537862900015,24.01024306500011],[89.77539550700016,23.991868477000025],[89.77570459700013,23.986711512000056],[89.76505546600004,23.979099441000074],[89.774019867,23.973501611000188],[89.7843746100001,23.980843938000078],[89.78823847300015,23.98876384100015],[89.79414149600018,23.987866394000093],[89.79352198300018,23.980267167000022],[89.80177919900018,23.98158773700004],[89.80553040700005,23.975848006999968],[89.81305646200008,23.97454542000014],[89.81304277700008,23.98019735400004],[89.82045697100017,23.98459364100006],[89.8392052280002,23.978551516000095],[89.84625632300015,23.96937515400009],[89.86425560100014,23.967262762000075],[89.87073357899999,23.973238708000167],[89.87061262200001,23.984547044000067],[89.86700639000009,23.99286720800012],[89.87737805800009,23.995088763000183],[89.87783596800011,23.987129429000106],[89.88177386500007,23.98505057000017],[89.88046097900019,23.97727048600018],[89.88401179200008,23.971754473000033],[89.89517502500007,23.970405398000025],[89.89103320700008,23.976869645000136],[89.8951967180002,23.985737749000066],[89.90635504800008,23.988005299000122],[89.90752438900012,23.99433764500003],[89.91485204000008,23.993978338000034],[89.91867873100006,23.999589464000167],[89.93180080700006,24.005247811000174],[89.93908258900018,24.00298829200017],[89.93990864300014,24.00990734100003],[89.94811316600016,24.016287123000154],[89.95056341100013,24.022757290000186],[89.95982189100005,24.014073217000146],[89.9673970230001,24.01344049800008],[89.96880241100001,24.030358217000185],[89.97878441800003,24.033433148000142],[89.98017072000016,24.025609143000167],[89.98581271300009,24.016982998000117],[89.97698444300005,24.016109016000087],[89.97787581900008,24.01099914000008],[89.98948558600011,24.008238757000186],[89.99185347000008,24.00145565600019],[90.0018865890001,24.00095682800014],[90.01034280300001,24.003623273000017],[90.00839655100009,24.01121050600011],[90.01740393800014,24.027865245000157],[90.01469349900015,24.033519718000036],[90.0080031230001,24.034064407000074],[90.01084810900011,24.04245292799999],[90.0174313500001,24.044270057000176],[90.01918432400015,24.037118572000054],[90.02891503700016,24.032996083000114],[90.02156631100019,24.025261168000043],[90.02613385800015,24.02274723000005],[90.042131773,24.02947043900008],[90.06195064400015,24.03131306000006],[90.07369793500004,24.03471527199997],[90.074661795,24.042843819000097],[90.08209105700013,24.042564533000075],[90.09003898200018,24.037296532000028],[90.09442290300012,24.02950810200008],[90.1026249910002,24.020883803000174],[90.10951334800018,24.020273872000075],[90.11078673300011,24.02884907800012],[90.11767744700006,24.028715229000113],[90.12906341800004,24.034983465000096],[90.13827642000007,24.036420580000026],[90.14843635800014,24.035549212999967],[90.14892096200009,24.0453169110001],[90.15208457900013,24.054325145000064],[90.16340689700007,24.057474748000175],[90.159139272,24.0664640170001],[90.16767791900014,24.07308226000015],[90.17819442200016,24.07628130900008],[90.18097859900018,24.084273763000056],[90.1807458290001,24.09213878600019],[90.17442926700011,24.10070859700005],[90.18055273300013,24.108584284000017],[90.18729633300012,24.09914887700012],[90.1942567860001,24.10164886700005],[90.20198269200017,24.095226036000042],[90.21688386700004,24.102187458000117],[90.231118648,24.10498010000009],[90.23394802000018,24.11047635099999],[90.23192539100006,24.115329676000044],[90.22066177900018,24.12541941000012],[90.219122707,24.13003025000006],[90.22145702600017,24.144498535000025],[90.22753354000002,24.152753936000124],[90.22710164200004,24.16335595300012],[90.2336519530001,24.169065602000103],[90.23778239900008,24.17646825500003],[90.24587007200006,24.18481856900013],[90.25212762700005,24.18790858600005],[90.25188137100014,24.196001667000075],[90.25847170300005,24.19835927400004],[90.27017503800005,24.21400042400012],[90.28307880200009,24.21778396000019],[90.29335709399999,24.22545069500012],[90.29134036100004,24.236737715000174],[90.29335113900015,24.242997493000132],[90.30381352700016,24.252661430000103],[90.30464040200013,24.266101499],[90.29353691500006,24.27830122]]]},"properties":{"adm2_name":"Tangail","adm2_pcode":"BD3093","adm1_pcode":"BD30"}},
{"type":"Feature","geometry":{"type":"Polygon","coordinates":[[[89.80341294900018,22.972470123000107],[89.79641930600019,22.96792933],[89.78565148600006,22.96612199200007],[89.782080496,22.97039422300014],[89.788817446,22.97978456000004],[89.78236490400008,22.984512498000072],[89.76733396100013,22.97781921500001],[89.7630952930001,22.96569896900013],[89.75463066700013,22.96902790000013],[89.75170866500014,22.966594045000136],[89.75385555500014,22.956953256000077],[89.75009327200013,22.947326405000183],[89.74369301700006,22.94296921000017],[89.73989110700006,22.935147475000065],[89.72781557200005,22.92524518600004],[89.72811642700015,22.918401550000112],[89.73711420400008,22.924812686000166],[89.74100268500018,22.920794096],[89.72459247900008,22.908120322000173],[89.72917835900006,22.901367685000025],[89.72767093100003,22.895177641000146],[89.71371565200013,22.89207462600018],[89.72047810700019,22.885289107000176],[89.71419898600016,22.878078846000165],[89.70986670900004,22.882363692000126],[89.70272617600017,22.877049506000105],[89.6955376620001,22.875011844000085],[89.6989920970002,22.86463891800014],[89.70458657300014,22.85928575100013],[89.71143128800009,22.857983931000092],[89.7176885350001,22.848593499000117],[89.71152405100008,22.826131813000018],[89.69343964800004,22.817888798000013],[89.67917273300009,22.81633856500008],[89.67501058200008,22.81042670300019],[89.67547133900007,22.79541186200015],[89.66663435900006,22.799480552000148],[89.66095508500018,22.77476224800006],[89.65435782100019,22.771664911000016],[89.65475544600014,22.75375067200008],[89.64646088100011,22.752337178],[89.64678817600014,22.763607188000094],[89.64396329000016,22.771381234000103],[89.63538881300008,22.765575202000036],[89.62584136400017,22.767725687000052],[89.61966742800001,22.77318092300004],[89.61043969700012,22.77191011400015],[89.61098599299999,22.763765797000133],[89.6075404090002,22.759613958000102],[89.60955943500011,22.753791194000087],[89.59779732100014,22.736750712],[89.60016347900017,22.72765490500018],[89.5978654910001,22.72048342400018],[89.59141138300009,22.721365765000087],[89.58484447300009,22.716426612000078],[89.59017613600008,22.708108531000107],[89.60181842700018,22.707808896000074],[89.60133260100008,22.69928795500016],[89.59248611400011,22.698765177000098],[89.58406602600007,22.693555952999986],[89.56920564600011,22.689713493000056],[89.578271643,22.677991852],[89.58022034200008,22.667346342000087],[89.57009222100004,22.6703899850001],[89.56059678000014,22.679510194000045],[89.55632992500017,22.670367974000158],[89.54839572500003,22.665064378000125],[89.54755776000007,22.657001851000132],[89.55492107300012,22.63890990100009],[89.54244127000004,22.63177658000012],[89.53478579100016,22.62230961199998],[89.530965788,22.61097504600008],[89.53129577800013,22.603229630000158],[89.53666208400006,22.595349760999966],[89.54712467500002,22.585837750000167],[89.56258775300012,22.566261574000066],[89.56750876600006,22.55539823900017],[89.57253980300004,22.538455285000055],[89.58099749300015,22.515868162000174],[89.58589166500008,22.495565977000183],[89.58995593300011,22.468574139999987],[89.59515829100013,22.44032923400016],[89.61542556800009,22.401878321000083],[89.62259022400013,22.37842488700005],[89.62597752800008,22.360728325000082],[89.62777513000015,22.340324565000117],[89.62577487400017,22.333067869000104],[89.60574903700012,22.302618514000187],[89.594526842,22.289597592000177],[89.58706894800002,22.274311185000045],[89.58710669400017,22.26227334000015],[89.59178359100014,22.25141259500009],[89.59161969800016,22.237434122000025],[89.57479763900017,22.22772900299998],[89.55851896100012,22.2163365130001],[89.5472250680001,22.205983990000163],[89.54704366700008,22.19750946100004],[89.5512966330001,22.186379860000102],[89.57237864600012,22.159679533000087],[89.58618005800002,22.138459848000025],[89.58976143100017,22.125249516000167],[89.59002191700006,22.110614652000038],[89.58570456600012,22.091487209000036],[89.57521179000008,22.069276556999966],[89.56206699100005,22.037100051000095],[89.55420612200004,22.01153424100005],[89.54326655100004,21.968028477000132],[89.54344857600006,21.955012668000165],[89.55081773300009,21.93592968700011],[89.57533406200008,21.907655965],[89.56621203000009,21.88433447200015],[89.557779493,21.870234026],[89.54981655400013,21.84577408399997],[89.54905266800012,21.82985765100011],[89.55539698700005,21.81418860400015],[89.56770763200018,21.800034725000103],[89.582775713,21.786004305000063],[89.5996807370002,21.772406051000075],[89.61894731100006,21.753982420000114],[89.62226609700019,21.74587460900011],[89.63971959800006,21.733739231000186],[89.65042275200011,21.72932159700008],[89.66800100600005,21.731105988000024],[89.6850939860002,21.737800243000095],[89.69648533999998,21.74448013400007],[89.70834686200016,21.7542702880001],[89.71569704000012,21.762719279000123],[89.72682982800018,21.782273407000105],[89.73582227100019,21.80404364000009],[89.74766332500008,21.829815578000137],[89.7536230070001,21.83991859000008],[89.7605493920002,21.831917277],[89.77179525700018,21.82511427200012],[89.7893614520001,21.816746627000157],[89.81100634600006,21.801691580000124],[89.82239324800003,21.790428834000124],[89.84402408800008,21.781533339000134],[89.86452337400016,21.77866705500014],[89.88867032300016,21.77776804600012],[89.90818232400011,21.780402381000044],[89.91013315100014,21.803873575000125],[89.90983479100015,21.831804369999986],[89.90701259400015,21.85278145200016],[89.90264249500012,21.876248839000027],[89.90600112600015,21.895919300000173],[89.90612646599999,21.918865148000123],[89.90288411500006,21.933944339000163],[89.89501897900016,21.957885129000033],[89.89831475200009,21.96304837600013],[89.9096849880001,21.965334690000134],[89.90519410000013,21.970041442000024],[89.90159744300018,21.998019566000153],[89.89628135300018,22.01111397300008],[89.89085395200004,22.01494787100006],[89.88550486600013,22.037008792999984],[89.87861925400011,22.045286339000086],[89.8783249990002,22.05783469199997],[89.89180505600007,22.088658495000118],[89.89545423700008,22.10059086600006],[89.89671153400013,22.11265490000011],[89.89613889700007,22.12629200200007],[89.89013107800014,22.15701710500008],[89.88667947800019,22.164309218000085],[89.88496833200014,22.191318493000097],[89.88200461200006,22.200100007000117],[89.87664683900005,22.208488926000143],[89.86392978900017,22.22441983600004],[89.85881086000018,22.246662406000098],[89.85735738700009,22.259114875000023],[89.85939566899998,22.279364666000106],[89.86637321100017,22.303324812000028],[89.87370500700018,22.317957066000076],[89.8884145290001,22.337206170000115],[89.89395546999998,22.346621247000087],[89.89867714000007,22.36180618200018],[89.89883188100015,22.3736477920001],[89.89360142700008,22.38320707100013],[89.87769144000009,22.397255175],[89.87037017200004,22.40732475800013],[89.86967521100019,22.417706630999987],[89.87749470900008,22.425999265000144],[89.88594049900001,22.428231996000022],[89.89138701400009,22.435377542000083],[89.89929075200018,22.440358179000157],[89.91021511600007,22.444380266000167],[89.92480082400004,22.44313804],[89.93136176500013,22.44554081300015],[89.94123223500009,22.454427018000104],[89.9435868830002,22.463499358000035],[89.93690778900003,22.473627104000116],[89.92526809800017,22.47630297900008],[89.91128332200003,22.47184566900006],[89.8975187170002,22.473378776000175],[89.88565446899997,22.480801285000155],[89.88114819000009,22.489296777000163],[89.88035875800017,22.49725063400001],[89.88967044200018,22.50423152700006],[89.91314751800007,22.50456434200015],[89.92312858100019,22.49893445400005],[89.9410944920001,22.49260490500012],[89.95140468,22.49118612900014],[89.96583001500011,22.49270891900005],[89.96651850400013,22.506366229000093],[89.96226056700004,22.508332445000065],[89.94010280100008,22.508962628000063],[89.92366868700009,22.507955164],[89.92058532500005,22.51109072700001],[89.94552107100003,22.5373696530001],[89.95138849500017,22.54636935999997],[89.95603264600015,22.55836778200012],[89.96170067700007,22.579036616000167],[89.96204187800015,22.592499488000158],[89.95797799200017,22.59731580600004],[89.95014604600016,22.600450588000058],[89.92474153700005,22.603803557000106],[89.91550366300004,22.60371377200005],[89.92276048500008,22.62149998500007],[89.9236949050001,22.635918477000075],[89.92653895800015,22.64416199200008],[89.91198813800008,22.646604649000153],[89.90026850600009,22.65043410200019],[89.88937171900005,22.656655695000097],[89.88700039000008,22.66704998000006],[89.89602535300008,22.676735807000057],[89.90782852800015,22.65636957600009],[89.92063703200017,22.66743950400013],[89.93305188700003,22.674142547000088],[89.9371022380002,22.678518814000086],[89.93200617000008,22.68433224200004],[89.91574083700016,22.693755787000043],[89.90105753300008,22.696529790000113],[89.87404841400007,22.69347772200001],[89.86558985100004,22.691097215000127],[89.86043014000006,22.695932645000028],[89.86125615300011,22.702317979000043],[89.88864775500002,22.718801162999966],[89.90899636200015,22.72713186800013],[89.92718270600017,22.7218067500001],[89.92931088900008,22.739062167000043],[89.93297952700004,22.74532412600007],[89.9331978680001,22.75197981600013],[89.92510759700014,22.754521478000072],[89.91288051800018,22.752484949000063],[89.90734323200013,22.75654249000013],[89.90797414800011,22.7752855330001],[89.91649687900019,22.77706171400007],[89.91888688800015,22.782104027000116],[89.92513985900013,22.783630399000117],[89.93999884400006,22.78321420500015],[89.93317065300005,22.793238880000104],[89.9161710690002,22.79979833100009],[89.91737281100018,22.808990710000103],[89.93803276800008,22.82350360900017],[89.94892125700017,22.823789867000073],[89.94880987100015,22.83580682900009],[89.94232238600011,22.84596310300003],[89.93650564200004,22.847616765999987],[89.9311450300001,22.858694260000163],[89.92004541100016,22.865981445000102],[89.91524190900009,22.881774174000043],[89.88988010800011,22.882553591000146],[89.87768361800016,22.887260198000092],[89.87015648500005,22.888236626000037],[89.86969006900017,22.87524638600013],[89.85114895700013,22.883547739000107],[89.84672574000018,22.88344338200011],[89.83646975200014,22.888432347000162],[89.83734585600018,22.892935247000082],[89.85058357500009,22.897264281000105],[89.84389083100018,22.906282349000037],[89.83953571900008,22.91997007200007],[89.82595788700019,22.933970177000162],[89.81845104700011,22.938646554000115],[89.80754539100013,22.940668501000175],[89.8013846500001,22.943906185000174],[89.80736800000011,22.958455378000053],[89.80341294900018,22.972470123000107]]]},"properties":{"adm2_name":"Bagerhat","adm2_pcode":"BD4001","adm1_pcode":"BD40"}},
{"type":"Feature","geometry":{"type":"Polygon","coordinates":[[[89.01643411200018,23.708273749000057],[89.00705588800014,23.726712998000096],[89.0099535980001,23.732961179000085],[89.00961335000017,23.74001048200006],[89.003544186,23.750495613000112],[88.99345120900006,23.750599547000036],[88.99109439200004,23.754235213000072],[88.99604291200018,23.76140984000017],[89.00595053300009,23.781699619],[88.99448290500015,23.78543945600012],[88.97709528600012,23.78888244600006],[88.97322612500017,23.80164542],[88.96589986800018,23.808315939000124],[88.9539420110001,23.808533348000083],[88.94733421000007,23.79897824000011],[88.93245044899999,23.795884310000133],[88.92864012000013,23.789960359000133],[88.9211538020001,23.784922849000054],[88.91083977300019,23.785227480000174],[88.9177001110001,23.80239746400008],[88.91857147400015,23.80977734700008],[88.92329684600014,23.81657268600003],[88.92035435200006,23.82386755800013],[88.91125891700005,23.827892309],[88.90532962100008,23.837654110000074],[88.89660531900017,23.827483552000047],[88.87461578500006,23.833455278000145],[88.86205701800003,23.82785354700019],[88.85863674500013,23.83192999300013],[88.85146202300012,23.833141520000083],[88.84552141600005,23.82830648400011],[88.84319350000015,23.81986875000007],[88.83371584300016,23.81650599900007],[88.83174793500001,23.80998532900003],[88.82083671700013,23.78684805300003],[88.81903342400005,23.773294174000057],[88.80587920900012,23.771584666000024],[88.79923510600008,23.768783141000142],[88.79195766000015,23.77307526800007],[88.7848431590001,23.753326947000062],[88.78618077800019,23.743915657000173],[88.77881929900013,23.732943106000107],[88.77934266600016,23.721482112],[88.78342506600006,23.720435710000118],[88.78078592800006,23.70799021200014],[88.7732823230001,23.69857796600013],[88.76482471100002,23.696572460000084],[88.74685659900018,23.696636160000025],[88.73684109500016,23.683831053000063],[88.70966712900008,23.668307497000114],[88.6964613130001,23.665291221000132],[88.69579488200009,23.657800526000187],[88.6845761190001,23.657013151000115],[88.68066502900012,23.64716088600005],[88.66810809000009,23.646143068000015],[88.65867496400011,23.650337929000102],[88.65295488000004,23.64737357500013],[88.64867168800004,23.63915930900015],[88.64959681400018,23.635292498000183],[88.64298769200013,23.626535712000077],[88.64674214800004,23.62159751200005],[88.63645633400006,23.616549451000083],[88.63802022900006,23.610110359000032],[88.64349715200018,23.607356626000183],[88.63887063200019,23.590635845],[88.64378438800014,23.591638377000038],[88.65062959400018,23.58357561100007],[88.64821420800018,23.580197377],[88.65482125900019,23.5627635890001],[88.65375645500018,23.556601404000162],[88.65967651000017,23.549209232000123],[88.66662600000018,23.546547401000055],[88.67464336400008,23.548009770000192],[88.6856736790001,23.538367480000147],[88.68586531300019,23.532643785],[88.69511359800003,23.525812143],[88.69553190700009,23.517327643000044],[88.70577588100019,23.517011692000096],[88.7122156440002,23.50946766100003],[88.72342509000003,23.51278068200014],[88.73028711800009,23.504366450000077],[88.73187483999999,23.49640800100019],[88.73902158100009,23.490753875000053],[88.74509449500005,23.481865078000112],[88.75546120500013,23.478886541000122],[88.76177377200008,23.490156119000176],[88.76760455200008,23.481866311000147],[88.77026424600007,23.497603239000114],[88.78328543200007,23.502378342999975],[88.78818853900015,23.49834084300005],[88.79430017400017,23.502468243000123],[88.80003942900015,23.498757711999986],[88.79688745900012,23.488299745000063],[88.80017246600005,23.482261785000162],[88.79349208800011,23.47991818200012],[88.78746810700005,23.469884266],[88.79077487900008,23.462965460000078],[88.79087861600004,23.450877659000128],[88.78291473300004,23.44058388600007],[88.77205124500006,23.4479543060001],[88.76532430200007,23.44849504500013],[88.76020134800001,23.429969229000108],[88.75461105900013,23.415639174999967],[88.76144666100015,23.408538303000057],[88.75166282800018,23.402865420000126],[88.75305637500014,23.389442163000126],[88.761781358,23.38402484400018],[88.75939989600016,23.374624444000062],[88.7632536970001,23.37203997800009],[88.78304064900016,23.38212187700003],[88.79215584800005,23.382517687000075],[88.79330564000014,23.37666125700008],[88.80075168200017,23.376536912],[88.80963365500008,23.388720985000134],[88.81809740700015,23.387383022],[88.82478539300018,23.38169824800002],[88.82853359500018,23.383057790000066],[88.83538858700018,23.391678659999968],[88.84083391600012,23.383730552000145],[88.84658509100018,23.383687292000104],[88.85234671500012,23.377775497000073],[88.86336598100007,23.37884510400005],[88.87574513200019,23.391326220000167],[88.87562340900013,23.39780776000015],[88.87886032400019,23.40717230100006],[88.88952001500013,23.40704730699997],[88.89616633000014,23.412766384000065],[88.90105428500004,23.413415008000072],[88.90540415700002,23.408098697000128],[88.91461012600013,23.40725973300016],[88.9202647370002,23.409900090000065],[88.9198297370001,23.420085025000162],[88.93329581600005,23.415345514000137],[88.93652254400007,23.432198440000093],[88.94230727600012,23.42916915000012],[88.9463417230001,23.43735223100009],[88.93963448500006,23.4432881730001],[88.93118924300012,23.447313016000123],[88.92923725300005,23.455297279000035],[88.93069996300011,23.461065109000117],[88.93738418400011,23.461189818000037],[88.93618853800012,23.468901634000076],[88.94454222400014,23.477356608000093],[88.94386145400011,23.502164694000157],[88.9469440420001,23.51154026900008],[88.94553634000016,23.517799297000124],[88.95925420800006,23.52692068500005],[88.96008555500003,23.536296683000103],[88.95155886900011,23.543508346000067],[88.94468651500006,23.539810783000064],[88.94328261700008,23.548760180999977],[88.94764311400019,23.552655927000103],[88.95884083800013,23.553057083000056],[88.97677586100002,23.54966887300003],[88.97390473300015,23.557243460000166],[88.97875419100012,23.560737766000102],[88.98136768300003,23.568367469000123],[88.98758626500012,23.57383737100008],[88.98392561399999,23.577597944000104],[88.9873500970001,23.586094394000042],[89.00180241000015,23.598490422000054],[89.00771497900007,23.61109835900004],[89.00553241000006,23.622123516000045],[89.00970581700011,23.626352255000086],[89.00677562600004,23.639120282000192],[89.01213609600018,23.656562112000017],[89.00690297400013,23.6671012650001],[89.00718383100013,23.690960810000092],[89.00975018200012,23.70363136100019],[89.01643411200018,23.708273749000057]]]},"properties":{"adm2_name":"Chuadanga","adm2_pcode":"BD4018","adm1_pcode":"BD40"}},
{"type":"Feature","geometry":{"type":"Polygon","coordinates":[[[89.25854190900003,23.370533997999985],[89.25470819700007,23.362459732000048],[89.24927212500006,23.36099524100007],[89.25103116900016,23.345949682000025],[89.24181103400014,23.339570316000106],[89.2465159790001,23.334353685000053],[89.24461154400018,23.328171295000118],[89.23295960900003,23.323208174000058],[89.22698714200016,23.32732429800012],[89.21264104200014,23.319390508000026],[89.20845529000019,23.32659723600017],[89.20400780300014,23.31062334500018],[89.20704291100009,23.30343081900014],[89.19977870600007,23.291528197000105],[89.1695644040002,23.29096916400016],[89.16869633700003,23.284199401000023],[89.15866883000018,23.28256864399998],[89.14594060200011,23.286553461000096],[89.14483446900016,23.276221112000087],[89.13212394500005,23.279425583999966],[89.12952238200018,23.275082393000105],[89.118808339,23.279051752000157],[89.10733923500015,23.286342673000036],[89.10805285800018,23.29368593100014],[89.10156740600019,23.295192192000172],[89.09000878,23.305291423000085],[89.08160155400003,23.30932399200003],[89.07445273300016,23.30946711100006],[89.0602010070001,23.303782319000106],[89.04861985700006,23.291507651000188],[89.04504921500018,23.295636271000035],[89.05521080000011,23.30538826000003],[89.06523308000016,23.310763274000124],[89.06184011900018,23.329494397000133],[89.05345535000004,23.333698131000176],[89.05488196200008,23.34310024600012],[89.06771531300012,23.3462200350001],[89.07184286700004,23.35332356500004],[89.06834057600008,23.360257566000087],[89.05637011600015,23.35963939800007],[89.05292947900011,23.35723637600006],[89.04070701900008,23.359745140000143],[89.04274376500007,23.370941679000055],[89.03455765400014,23.37119896300004],[89.03034285600012,23.374869294000064],[89.016253968,23.37092166900004],[89.01640961500004,23.363194998000097],[89.02281287700015,23.36258509600009],[89.02523050800005,23.357629439000164],[89.03351356400009,23.350913599000137],[89.01897553500004,23.346551986000122],[89.00701718200014,23.34117373400005],[89.00455478100008,23.344401688000175],[88.97933194500013,23.342541273000165],[88.96149527400007,23.329318507000153],[88.96536366000004,23.322353295000084],[88.96747774800014,23.309487509000178],[88.96495418800009,23.301974242000142],[88.97368695799997,23.298093648000076],[88.98812048200017,23.294492246000118],[88.99181777900009,23.28635876500016],[88.98591861400007,23.280288535000068],[88.97606080100002,23.28177910000005],[88.97030637500018,23.279944050000097],[88.96215403700012,23.27301827800011],[88.94945519600003,23.2807812960001],[88.93348150400016,23.282985735000125],[88.92059908400006,23.276774081999974],[88.91030133600015,23.280743679000068],[88.90666763900015,23.27793186700012],[88.91762823700003,23.270232347000047],[88.91521712300016,23.26374877600017],[88.90654808400012,23.262263835000113],[88.90659983100005,23.25595759500004],[88.9130929150001,23.25094567000008],[88.90592357900005,23.247787941000183],[88.89661042700004,23.248734379000155],[88.89333673600015,23.242714100000057],[88.8925966490001,23.232329399000093],[88.91152505400015,23.234027370000035],[88.91623753300007,23.222591476000048],[88.91369044900017,23.215199210000037],[88.92937652100005,23.21602484800013],[88.929261344,23.212506055000063],[88.94130268700007,23.20641637600005],[88.96342954600004,23.214862068],[88.9657372590001,23.218916903000036],[88.97594793400003,23.224344346000123],[88.98456588100015,23.22119607400009],[88.98535838600009,23.20839068300006],[88.98081196700002,23.19215804000015],[88.96623182400009,23.193652604000192],[88.95783094500018,23.189105932000018],[88.95713056700015,23.18339068800003],[88.94595618700015,23.18058176800014],[88.93934625500003,23.17691321500007],[88.92819262500012,23.16348815800012],[88.93217317300014,23.154683985000077],[88.93062659800017,23.143478107000135],[88.92302433700007,23.144912138000052],[88.91875681400006,23.137593960000117],[88.9178484570001,23.12969135100002],[88.91032910600012,23.12986085900002],[88.90592426900008,23.124864933000026],[88.90011153800009,23.112664968],[88.89142345400012,23.107862287000103],[88.88290050700004,23.10611543400006],[88.86930788300003,23.100095828000065],[88.87459890700012,23.090207338000084],[88.86620013400017,23.086039901000163],[88.86520161000016,23.077678018000086],[88.86889662800019,23.068150777000085],[88.87360359600007,23.065937653000105],[88.8752721680001,23.044902327000102],[88.88417478200006,23.038435586000162],[88.88055571400014,23.026685736],[88.87287342100018,23.018021257000157],[88.87416347200002,23.01145950400013],[88.88069548500005,23.009715182000093],[88.87623971100015,23.00350106000019],[88.86848698300014,23.006724547000147],[88.84605220200007,23.009428086000128],[88.85296018600019,23.002765121000095],[88.86542510400017,22.99884800400008],[88.86426598300011,22.990348289],[88.868465324,22.97537128099998],[88.85793262900012,22.969858343],[88.85545581100018,22.959046973000056],[88.85943936900009,22.942923752000127],[88.86971329400006,22.951099217000035],[88.87571784200003,22.948328329000105],[88.87987037699997,22.953664173],[88.892256341,22.95213437000018],[88.89286886500008,22.938696284000116],[88.8871434260002,22.933774269000082],[88.89274277300012,22.925831092000067],[88.90834420000004,22.918573523000077],[88.91518118100004,22.921575040000164],[88.92040428600012,22.913310775000184],[88.9272723900001,22.915615415000104],[88.93973178100009,22.915704146000053],[88.94453615700007,22.91196360800018],[88.94761265300008,22.920568055000047],[88.96185556000017,22.91432550600001],[88.96369311300009,22.91911118400003],[88.9700943270002,22.921365792000074],[88.98297478400019,22.92179656000019],[88.99266343000016,22.916693948000045],[88.99298432700016,22.923987517],[88.98975137100018,22.936083210000106],[88.98976262400015,22.94438699700015],[89.01174205400008,22.94618729399997],[89.02264304800019,22.93761539000002],[89.03739412800019,22.929558110000073],[89.04184981600008,22.93753791200004],[89.04854081700006,22.93012210100011],[89.0593582360001,22.933792156000095],[89.0715267830002,22.931878864000055],[89.07340493400005,22.93726304400019],[89.07916067500014,22.939177363000056],[89.08519766800003,22.930564936000053],[89.09504827800009,22.924668817000054],[89.10224416700015,22.923494759999983],[89.10738921500007,22.926999123000144],[89.1064751770001,22.934355674000187],[89.09973872600006,22.937404552000032],[89.10931063500004,22.944399095000108],[89.1109280460002,22.935426220000124],[89.11517367300019,22.931152643000075],[89.12577485800011,22.92853120200016],[89.13843810400016,22.904596260000062],[89.14167160500011,22.894076942000083],[89.13332564400008,22.892637427000125],[89.12029893500005,22.903461702000186],[89.11509986500016,22.901179150000132],[89.11027484000016,22.893956239000147],[89.11052834000014,22.887643727000125],[89.12321288100014,22.878839426000013],[89.12920857100005,22.871126692000132],[89.122760889,22.852969092000023],[89.12292894000018,22.847852895000074],[89.12980672499998,22.83477713600007],[89.13921826800004,22.82677768299999],[89.14711473600005,22.82742192699999],[89.14579194000004,22.83526897500019],[89.15683490700007,22.830627343],[89.16005723900008,22.824508728000126],[89.15799883200003,22.81195215600019],[89.14237470699999,22.80458603900007],[89.14435006600013,22.797279952000167],[89.15074690500012,22.7957220830001],[89.16455141800003,22.80391791800014],[89.16864159600004,22.816730013000154],[89.18863051600016,22.816285452000045],[89.19837518700007,22.81185889500017],[89.20575180200012,22.818035735000024],[89.22799977000011,22.825643897000134],[89.2322992010001,22.831465040000126],[89.23990055100006,22.835682671000143],[89.24662680900008,22.836008207000077],[89.25098086700007,22.847070567],[89.26735583600004,22.84310896800008],[89.266843849,22.853621138000165],[89.27624306500019,22.85465310500018],[89.28645594800014,22.8499139650001],[89.28804361700014,22.861966865000113],[89.29566227400016,22.85492625000012],[89.30942757700018,22.853674735000027],[89.30221183700019,22.842966630000035],[89.32991742400009,22.838307135000036],[89.3279876840001,22.826946223000107],[89.34654718300015,22.83065746800014],[89.35017643600014,22.83336113900009],[89.35184882500005,22.85497300100019],[89.35805873600003,22.855582095000102],[89.35778090500008,22.863588149000122],[89.34862655500007,22.865233511000042],[89.34479717600004,22.87102508100014],[89.34655874400016,22.876493103000143],[89.3552458630001,22.875903335000032],[89.35722371200006,22.880940017],[89.35086849100014,22.890621014000146],[89.35234576500017,22.894499260000032],[89.34528100400013,22.91001926300015],[89.33981628400005,22.911578210000073],[89.34057777400017,22.921964872000103],[89.3572690040001,22.923242371000185],[89.36441242600011,22.925096287000088],[89.36827042100003,22.9342594310001],[89.38465648000005,22.932791860000066],[89.39333041700019,22.937106182000036],[89.39469062600017,22.943105235000132],[89.4003361020001,22.94298804500005],[89.40994690700012,22.953307334000044],[89.42663282600006,22.958374759000037],[89.42980579800019,22.98039374400014],[89.42903374899998,22.996865861000174],[89.4393776340001,23.008546526000032],[89.45177420500005,23.011452314999985],[89.46080212800013,23.008237860000065],[89.46530403600013,22.993564740000124],[89.47733026600008,22.97917704600019],[89.48291183400005,22.963502388],[89.48240531800008,22.95561698],[89.49403226900012,22.94266014900012],[89.51325071100001,22.928729950000104],[89.52043991700015,22.933724660000166],[89.52194082800008,22.942958960000055],[89.52936559800014,22.946603503000063],[89.53909767500005,22.948337106000054],[89.54743683700013,22.953970790000085],[89.56202934300012,22.970628514000055],[89.55907069300008,22.98405913300013],[89.55049115300005,22.97759185200016],[89.53676160300006,22.984142088000112],[89.53481411300004,22.994691738000142],[89.52798144600018,23.00736321700009],[89.51998396600015,23.01350208700012],[89.50778466100002,23.01480831800012],[89.50483633400006,23.02791756700003],[89.49993776600013,23.033334576000186],[89.49055855199998,23.038004155000067],[89.486281083,23.035914955000067],[89.47533632500006,23.03606195500015],[89.46822732900017,23.033170200000086],[89.46135990300019,23.035954014000026],[89.45645664200015,23.04203911400009],[89.45292025600008,23.052462419000165],[89.4475886350001,23.050246580000078],[89.4432818190001,23.055294521],[89.44489673600003,23.063477399000135],[89.43964531000006,23.073648169000023],[89.44295425900003,23.08684135900006],[89.44155758400018,23.105629662000183],[89.43146443400013,23.105837519999966],[89.4274825490001,23.09593648700013],[89.41960205600009,23.0879767240001],[89.41698876900011,23.082231126000067],[89.41123206400016,23.081159115000105],[89.4020523690001,23.083992613000078],[89.38884233300007,23.083100295000122],[89.38353911300004,23.08729808900017],[89.38727420400011,23.09608139300019],[89.38844683600013,23.107406513000058],[89.38393473700012,23.11422013700019],[89.38602286000014,23.11728593099997],[89.38219309400012,23.127618215000098],[89.3763499590001,23.135246619000156],[89.38492184700004,23.137737247000132],[89.39275466900011,23.14351655700017],[89.40461698000007,23.139327617000106],[89.41797984100003,23.139741429000082],[89.41965004100007,23.146587458000113],[89.40874416600019,23.152041211999972],[89.41459346900018,23.158219182000096],[89.41235611500014,23.168039015000033],[89.41926838799998,23.17555418400019],[89.422547124,23.188164479000022],[89.42061054000004,23.190292176000128],[89.42287234900004,23.20423666199997],[89.42008731700014,23.216269568000143],[89.42240749500013,23.220661256000028],[89.4171107790001,23.228931107000165],[89.42626387600006,23.23050714500016],[89.42747538000015,23.23419071300009],[89.421925531,23.251878785000088],[89.425813527,23.257799980000186],[89.41520091700016,23.268619119000164],[89.4106198240001,23.267920011000058],[89.39771082500005,23.279505243000074],[89.38329285999998,23.28636156500005],[89.37316356500008,23.288708323000037],[89.37289227200012,23.300570639000114],[89.36549946700012,23.301230385000167],[89.3635949740002,23.295646665],[89.34646438400017,23.283896809],[89.33777427900009,23.304871447000153],[89.32640357400015,23.299829667000097],[89.32275236900011,23.31537096900007],[89.31614469200008,23.324931789000118],[89.31075342100013,23.322601218000102],[89.29353329100013,23.332374580000135],[89.28246583100014,23.34131845800016],[89.28345548300013,23.349210674000176],[89.27360935800016,23.3540084280001],[89.2734496990002,23.360986999000147],[89.27682676300003,23.365206936000163],[89.25854190900003,23.370533997999985]]]},"properties":{"adm2_name":"Jashore","adm2_pcode":"BD4041","adm1_pcode":"BD40"}},
{"type":"Feature","geometry":{"type":"Polygon","coordinates":[[[89.29651970600003,23.738025597000046],[89.2836789750001,23.737221986000065],[89.27501009900016,23.742296006000174],[89.26643977400005,23.74350651600014],[89.26016713900003,23.75529960000017],[89.2520269370001,23.76440761700013],[89.24404524300013,23.76029030700016],[89.234952594,23.760265884000034],[89.23342969300006,23.756397145999983],[89.22112815000014,23.760725179000076],[89.21517536800019,23.759272525000142],[89.20416837000005,23.746657227000128],[89.19570350500015,23.744581224000058],[89.18597012600014,23.74774113900014],[89.17572346300005,23.74727587100017],[89.16703663200013,23.737092821000147],[89.15979938600015,23.735954496000033],[89.15769494500017,23.722255138000037],[89.12728165000004,23.721772684000086],[89.12772515799998,23.716855055000053],[89.12158061400015,23.713792345000115],[89.12390418500013,23.704344589000016],[89.12012814300016,23.695431242000154],[89.11629188100017,23.69645166400005],[89.1125190320002,23.708308873000135],[89.11289610900008,23.71299487000016],[89.11898675200013,23.72398660500005],[89.119420235,23.729918436000105],[89.11091526100012,23.735467956000093],[89.1056284980001,23.72722525],[89.09743424400017,23.729248194000093],[89.0950765880001,23.741598995000118],[89.08331948700015,23.745533067000054],[89.08432619100012,23.755781090000028],[89.08049625600006,23.758400143000074],[89.07093482100004,23.755924688000164],[89.07031044600018,23.77116879400006],[89.059461537,23.770439273000022],[89.05287734000012,23.76411747000003],[89.0534422390001,23.756947481000168],[89.05860744800015,23.74801502800011],[89.06281930100005,23.735913219000054],[89.07580541300018,23.728516217000163],[89.0753492930001,23.72620360600007],[89.06033846500009,23.71913382400004],[89.05344556000011,23.721690694000017],[89.04873517800007,23.72719826800011],[89.03909559900018,23.72477762300008],[89.03891190100006,23.721361731000115],[89.05090876200018,23.71691088400013],[89.05157862200014,23.711378537000087],[89.04020612700003,23.69508734800013],[89.03491919600003,23.693417443999977],[89.02697490500003,23.696400131000132],[89.01643411200018,23.708273749000057],[89.00975018200012,23.70363136100019],[89.00718383100013,23.690960810000092],[89.00690297400013,23.6671012650001],[89.01213609600018,23.656562112000017],[89.00677562600004,23.639120282000192],[89.00970581700011,23.626352255000086],[89.00553241000006,23.622123516000045],[89.00771497900007,23.61109835900004],[89.00180241000015,23.598490422000054],[88.9873500970001,23.586094394000042],[88.98392561399999,23.577597944000104],[88.98758626500012,23.57383737100008],[88.98136768300003,23.568367469000123],[88.97875419100012,23.560737766000102],[88.97390473300015,23.557243460000166],[88.97677586100002,23.54966887300003],[88.95884083800013,23.553057083000056],[88.94764311400019,23.552655927000103],[88.94328261700008,23.548760180999977],[88.94468651500006,23.539810783000064],[88.95155886900011,23.543508346000067],[88.96008555500003,23.536296683000103],[88.95925420800006,23.52692068500005],[88.94553634000016,23.517799297000124],[88.9469440420001,23.51154026900008],[88.94386145400011,23.502164694000157],[88.94454222400014,23.477356608000093],[88.93618853800012,23.468901634000076],[88.93738418400011,23.461189818000037],[88.93069996300011,23.461065109000117],[88.92923725300005,23.455297279000035],[88.93118924300012,23.447313016000123],[88.93963448500006,23.4432881730001],[88.9463417230001,23.43735223100009],[88.94230727600012,23.42916915000012],[88.93652254400007,23.432198440000093],[88.93329581600005,23.415345514000137],[88.9198297370001,23.420085025000162],[88.9202647370002,23.409900090000065],[88.91461012600013,23.40725973300016],[88.90540415700002,23.408098697000128],[88.90105428500004,23.413415008000072],[88.89616633000014,23.412766384000065],[88.88952001500013,23.40704730699997],[88.87886032400019,23.40717230100006],[88.87562340900013,23.39780776000015],[88.87574513200019,23.391326220000167],[88.86336598100007,23.37884510400005],[88.85234671500012,23.377775497000073],[88.84658509100018,23.383687292000104],[88.84083391600012,23.383730552000145],[88.83538858700018,23.391678659999968],[88.82853359500018,23.383057790000066],[88.82478539300018,23.38169824800002],[88.81809740700015,23.387383022],[88.80963365500008,23.388720985000134],[88.80075168200017,23.376536912],[88.79330564000014,23.37666125700008],[88.79215584800005,23.382517687000075],[88.78304064900016,23.38212187700003],[88.7632536970001,23.37203997800009],[88.76473034600014,23.366642079000144],[88.75635074500019,23.360307791000082],[88.7501396470002,23.363067118],[88.74321554300019,23.35370691600002],[88.73417380300009,23.353117001000157],[88.7328782530002,23.34678219700004],[88.73836044000018,23.344191521000084],[88.73495489300007,23.337144280000075],[88.73335531500004,23.32716730500016],[88.74308203000004,23.328017845000034],[88.74881253600006,23.322141256000066],[88.74438568300019,23.306790530000058],[88.7336106080001,23.306771593000178],[88.72526286500016,23.318343335000122],[88.72675661599999,23.30188419000018],[88.71356933600009,23.30595588400007],[88.70673247600018,23.310724708000123],[88.69655444000006,23.30247820200009],[88.69720719200006,23.293183448000036],[88.7091974110001,23.289846097],[88.71403113800011,23.275453389000063],[88.72252255100005,23.273729976000027],[88.72357152400008,23.26995879499998],[88.71866982400007,23.254472591000138],[88.74765662599998,23.24395649800016],[88.75201422700002,23.240611070000114],[88.75989017900014,23.245478300000116],[88.76714952700019,23.24614508600007],[88.77649970500005,23.236732606000032],[88.77437454100004,23.225132826],[88.79244225600013,23.22017646800009],[88.80387799700014,23.219076207000114],[88.80868450600019,23.224847919000183],[88.80602758800006,23.238612579000062],[88.81031800700009,23.24800434500014],[88.80972511100003,23.254888865999988],[88.82800102200008,23.245387087000154],[88.82402164100006,23.239540834000024],[88.82578399400012,23.233430411000086],[88.83727251800019,23.24369025600015],[88.84015158600016,23.237226640000017],[88.84949132800006,23.230801359000168],[88.85571378500003,23.236462388000064],[88.86178029000007,23.233817191000128],[88.87480653200015,23.234064547000173],[88.88573458000019,23.228723212999967],[88.8925966490001,23.232329399000093],[88.89333673600015,23.242714100000057],[88.89661042700004,23.248734379000155],[88.90592357900005,23.247787941000183],[88.9130929150001,23.25094567000008],[88.90659983100005,23.25595759500004],[88.90654808400012,23.262263835000113],[88.91521712300016,23.26374877600017],[88.91762823700003,23.270232347000047],[88.90666763900015,23.27793186700012],[88.91030133600015,23.280743679000068],[88.92059908400006,23.276774081999974],[88.93348150400016,23.282985735000125],[88.94945519600003,23.2807812960001],[88.96215403700012,23.27301827800011],[88.97030637500018,23.279944050000097],[88.97606080100002,23.28177910000005],[88.98591861400007,23.280288535000068],[88.99181777900009,23.28635876500016],[88.98812048200017,23.294492246000118],[88.97368695799997,23.298093648000076],[88.96495418800009,23.301974242000142],[88.96747774800014,23.309487509000178],[88.96536366000004,23.322353295000084],[88.96149527400007,23.329318507000153],[88.97933194500013,23.342541273000165],[89.00455478100008,23.344401688000175],[89.00701718200014,23.34117373400005],[89.01897553500004,23.346551986000122],[89.03351356400009,23.350913599000137],[89.02523050800005,23.357629439000164],[89.02281287700015,23.36258509600009],[89.01640961500004,23.363194998000097],[89.016253968,23.37092166900004],[89.03034285600012,23.374869294000064],[89.03455765400014,23.37119896300004],[89.04274376500007,23.370941679000055],[89.04070701900008,23.359745140000143],[89.05292947900011,23.35723637600006],[89.05637011600015,23.35963939800007],[89.06834057600008,23.360257566000087],[89.07184286700004,23.35332356500004],[89.06771531300012,23.3462200350001],[89.05488196200008,23.34310024600012],[89.05345535000004,23.333698131000176],[89.06184011900018,23.329494397000133],[89.06523308000016,23.310763274000124],[89.05521080000011,23.30538826000003],[89.04504921500018,23.295636271000035],[89.04861985700006,23.291507651000188],[89.0602010070001,23.303782319000106],[89.07445273300016,23.30946711100006],[89.08160155400003,23.30932399200003],[89.09000878,23.305291423000085],[89.10156740600019,23.295192192000172],[89.10805285800018,23.29368593100014],[89.10733923500015,23.286342673000036],[89.118808339,23.279051752000157],[89.12952238200018,23.275082393000105],[89.13212394500005,23.279425583999966],[89.14483446900016,23.276221112000087],[89.14594060200011,23.286553461000096],[89.15866883000018,23.28256864399998],[89.16869633700003,23.284199401000023],[89.1695644040002,23.29096916400016],[89.19977870600007,23.291528197000105],[89.20704291100009,23.30343081900014],[89.20400780300014,23.31062334500018],[89.20845529000019,23.32659723600017],[89.21264104200014,23.319390508000026],[89.22698714200016,23.32732429800012],[89.23295960900003,23.323208174000058],[89.24461154400018,23.328171295000118],[89.2465159790001,23.334353685000053],[89.24181103400014,23.339570316000106],[89.25103116900016,23.345949682000025],[89.24927212500006,23.36099524100007],[89.25470819700007,23.362459732000048],[89.25854190900003,23.370533997999985],[89.25161979600006,23.3768727960001],[89.24640839500012,23.393444932000136],[89.25169567100005,23.394560996999985],[89.25185783400008,23.40389382500001],[89.25851837300002,23.405300761000092],[89.25542594500013,23.412826629000165],[89.26053757200003,23.42087849300009],[89.26909233900005,23.42362325100015],[89.2711215270001,23.429205759000183],[89.26462908800016,23.433610245000125],[89.25678586900005,23.43375827300008],[89.25699784200009,23.44063109500013],[89.27541426200008,23.43603918800011],[89.28588065700006,23.440367436000088],[89.29040409700019,23.446881435000023],[89.29602329599999,23.447089789000017],[89.30433003100012,23.456542103000174],[89.30328666600002,23.467920601000174],[89.30742734100005,23.4677439350001],[89.3089733970001,23.480612465000092],[89.3049198810001,23.495036488000096],[89.2990920900001,23.496557183999982],[89.30172060500007,23.504481381000062],[89.30779184400012,23.502236822999976],[89.31018081000008,23.507614935],[89.30374701900018,23.5117705670001],[89.30747031400017,23.51661047200008],[89.30347350000005,23.526234720000048],[89.30740914600005,23.537716633000173],[89.31494274500017,23.544880109000133],[89.31787961400005,23.554682790000015],[89.32355221700004,23.564622855000096],[89.33475948000017,23.570199521],[89.3386435110001,23.56898174900016],[89.34509628300003,23.578518035000116],[89.34582863100002,23.58677219300006],[89.34100702200016,23.58864635900005],[89.34634552700015,23.598408056000153],[89.34826587800018,23.614542426000185],[89.35309530300015,23.61660716200015],[89.35754625800013,23.63375548500011],[89.3569972950001,23.638763894000192],[89.36567314100012,23.64599838700002],[89.3764184920002,23.66410211400006],[89.36599292000017,23.66394691199997],[89.3659287980002,23.668631923000135],[89.36142525800005,23.67152701600014],[89.34875883400008,23.672074945000077],[89.34828350900011,23.68403194800004],[89.33954461600013,23.689745926000114],[89.32205753300019,23.703778663000094],[89.32060244700006,23.71496317600014],[89.3122366830001,23.72054422500014],[89.310506428,23.730740614000126],[89.30530896700014,23.73590632200012],[89.29651970600003,23.738025597000046]]]},"properties":{"adm2_name":"Jhenaidah","adm2_pcode":"BD4044","adm1_pcode":"BD40"}},
{"type":"Feature","geometry":{"type":"Polygon","coordinates":[[[89.55907069300008,22.98405913300013],[89.56202934300012,22.970628514000055],[89.54743683700013,22.953970790000085],[89.53909767500005,22.948337106000054],[89.52936559800014,22.946603503000063],[89.52194082800008,22.942958960000055],[89.52043991700015,22.933724660000166],[89.51325071100001,22.928729950000104],[89.49403226900012,22.94266014900012],[89.48240531800008,22.95561698],[89.48291183400005,22.963502388],[89.47733026600008,22.97917704600019],[89.46530403600013,22.993564740000124],[89.46080212800013,23.008237860000065],[89.45177420500005,23.011452314999985],[89.4393776340001,23.008546526000032],[89.42903374899998,22.996865861000174],[89.42980579800019,22.98039374400014],[89.42663282600006,22.958374759000037],[89.40994690700012,22.953307334000044],[89.4003361020001,22.94298804500005],[89.39469062600017,22.943105235000132],[89.39333041700019,22.937106182000036],[89.38465648000005,22.932791860000066],[89.36827042100003,22.9342594310001],[89.36441242600011,22.925096287000088],[89.3572690040001,22.923242371000185],[89.34057777400017,22.921964872000103],[89.33981628400005,22.911578210000073],[89.34528100400013,22.91001926300015],[89.35234576500017,22.894499260000032],[89.35086849100014,22.890621014000146],[89.35722371200006,22.880940017],[89.3552458630001,22.875903335000032],[89.34655874400016,22.876493103000143],[89.34479717600004,22.87102508100014],[89.34862655500007,22.865233511000042],[89.35778090500008,22.863588149000122],[89.35805873600003,22.855582095000102],[89.35184882500005,22.85497300100019],[89.35017643600014,22.83336113900009],[89.34654718300015,22.83065746800014],[89.3279876840001,22.826946223000107],[89.32991742400009,22.838307135000036],[89.30221183700019,22.842966630000035],[89.30942757700018,22.853674735000027],[89.29566227400016,22.85492625000012],[89.28804361700014,22.861966865000113],[89.28645594800014,22.8499139650001],[89.27624306500019,22.85465310500018],[89.266843849,22.853621138000165],[89.26735583600004,22.84310896800008],[89.25098086700007,22.847070567],[89.24662680900008,22.836008207000077],[89.25386536700017,22.836928663000037],[89.2571678160001,22.832569821000163],[89.25132248199998,22.81877486700006],[89.24602770100006,22.815893184000117],[89.2492764340002,22.80928273000012],[89.25603416400008,22.808402067000145],[89.26217131100015,22.813112013000136],[89.2665111180001,22.810760845000118],[89.26768927800009,22.802409477000083],[89.26573415100006,22.796705301000145],[89.26919716200013,22.792370338000183],[89.27918935500009,22.789434239000173],[89.28658776200018,22.791125751000152],[89.29841266300008,22.788059877000137],[89.300305493,22.782131856000035],[89.30007492700014,22.770942362000028],[89.30960386500004,22.765964709],[89.31211029400004,22.760806992000028],[89.31144597000014,22.74950930200015],[89.3214975050002,22.742958014000067],[89.32163106400014,22.737787017000073],[89.33177237299998,22.728328954000062],[89.32716479000004,22.718951979000053],[89.31592135000005,22.714005091],[89.31001386100019,22.71622900900013],[89.30528049500009,22.709824051000112],[89.30872218200017,22.695525759000077],[89.30579408900013,22.687018675],[89.29835504600004,22.682693656000026],[89.28659799600013,22.696205445000032],[89.27571621100014,22.694543153000154],[89.26436039600014,22.696470053999974],[89.26528176500011,22.71305582500014],[89.26037010000005,22.71618807900012],[89.26038540500014,22.69415168400019],[89.26416755700012,22.680497866000053],[89.26149980100018,22.668268128000136],[89.27832409600018,22.65868141300018],[89.29348385400004,22.654051631000073],[89.30319988500003,22.648859330000107],[89.30137514700004,22.645958453000162],[89.27984497600005,22.633932382000125],[89.27724362000015,22.627373754000132],[89.26543127100001,22.62988896400003],[89.26337309500008,22.634524918000125],[89.26615618900013,22.647473405000085],[89.26186190800018,22.656794130000094],[89.25358932000017,22.658476653000093],[89.25019445499998,22.652980051000043],[89.25012067900013,22.646175134000032],[89.24357280200007,22.63500636100008],[89.25818136500004,22.624455922000095],[89.25880590700001,22.61788253700007],[89.24860175200013,22.61783056200011],[89.24401157200009,22.614439572000038],[89.2449621240001,22.606905733000076],[89.2576336300001,22.606059241000025],[89.26507834900013,22.59861612400016],[89.2646177200001,22.587516507000032],[89.26060709400014,22.57229942000015],[89.25834668700003,22.569935807000093],[89.24388096700005,22.566973207000103],[89.23583890100008,22.553306077000116],[89.23580442200017,22.547757156000046],[89.24875122400005,22.530142005000187],[89.24980484700012,22.507156816000077],[89.25759252900019,22.492793539000104],[89.26690657300009,22.486201072000085],[89.28362637700002,22.478435143000127],[89.28397806800007,22.473129498000162],[89.25617886800018,22.465404245000173],[89.25915821200016,22.454025560000105],[89.2563530270001,22.45029423200009],[89.2464920750001,22.44908769200009],[89.24057276400015,22.434858141000177],[89.2403532460001,22.427710463000153],[89.24599520700019,22.415589043000125],[89.2548124450002,22.40499517800015],[89.25687732700015,22.397667155000192],[89.25223781000005,22.387927892],[89.23798855500013,22.38102071900005],[89.23631566500006,22.37496485600019],[89.23954085500014,22.370022863000088],[89.24855903200012,22.37117611500014],[89.255741022,22.375240549000182],[89.26449951100005,22.375883587999965],[89.27430934200015,22.34798002900004],[89.2678365500002,22.34227098800011],[89.25250351400018,22.345543443000054],[89.25139919500003,22.336852472000146],[89.26949555700003,22.316053713000088],[89.27600334000016,22.310527168000135],[89.27862879500009,22.304529189999982],[89.28034087900016,22.288754869000172],[89.28862431300001,22.28368731400019],[89.30300979800006,22.28676473200011],[89.31612580299998,22.285476741000025],[89.3179540110001,22.27691813200005],[89.31345191800017,22.271786031000033],[89.29892419200002,22.265551639000023],[89.29135682000009,22.25905061900005],[89.29074217800019,22.253487640000117],[89.29725895400009,22.24570396600018],[89.30554471400018,22.239583021999977],[89.31157351900009,22.231947965000188],[89.30630993600005,22.21884685400005],[89.30779531900015,22.213593220000064],[89.32179091900014,22.1981816120001],[89.32258155000011,22.192303837000054],[89.31381593800012,22.177426709000144],[89.30148571300015,22.167477694000013],[89.29093154000009,22.156711159000167],[89.27863928300008,22.14099023200015],[89.2751599520002,22.131084953000084],[89.263026717,22.08982020300016],[89.26525751000014,22.084010131000127],[89.28863823,22.094895561000158],[89.29481822200012,22.096575561000066],[89.30280413200006,22.09167049300015],[89.30286085400013,22.081783034000125],[89.28966640300013,22.07018081900003],[89.28618343300002,22.061100051999972],[89.29156389500008,22.047942814000066],[89.32281402400014,21.991243858000132],[89.33259519200016,21.979756379000094],[89.36191394000019,21.947760916],[89.36993843500005,21.932966697000097],[89.37267219900008,21.916500926000083],[89.37013413400018,21.895070964000126],[89.35605372700019,21.886768199000187],[89.33843132300012,21.88091868000015],[89.32700697600012,21.871802010000067],[89.31647594700019,21.861041786000044],[89.30948108400008,21.849473636000027],[89.30870121500016,21.831347634000053],[89.31061448200006,21.804995837000092],[89.31519123200002,21.77536421400015],[89.31715293600018,21.739953099000047],[89.32182170900018,21.693024949000176],[89.32593897100014,21.685274368000023],[89.33567194300008,21.675208567000027],[89.34886647200011,21.67089945700019],[89.36083669100015,21.672143056000152],[89.3787960840001,21.671289724000076],[89.41590095700019,21.672617007000042],[89.43384010800003,21.672582047000162],[89.46865279400009,21.676984081000057],[89.48422400600009,21.682587261000037],[89.49746832500017,21.692446317000076],[89.50834374000004,21.679254415000116],[89.54168851800011,21.663505230000055],[89.61667868900008,21.664467769000055],[89.63747009000008,21.663762322000025],[89.63276182600009,21.673703804000127],[89.61576434900013,21.69811113100019],[89.61306196500016,21.70546816300015],[89.61388154200006,21.712521689000027],[89.62146069300019,21.734574869000028],[89.62226609700019,21.74587460900011],[89.61894731100006,21.753982420000114],[89.5996807370002,21.772406051000075],[89.582775713,21.786004305000063],[89.56770763200018,21.800034725000103],[89.55539698700005,21.81418860400015],[89.54905266800012,21.82985765100011],[89.54981655400013,21.84577408399997],[89.557779493,21.870234026],[89.56621203000009,21.88433447200015],[89.57533406200008,21.907655965],[89.55081773300009,21.93592968700011],[89.54344857600006,21.955012668000165],[89.54326655100004,21.968028477000132],[89.55420612200004,22.01153424100005],[89.56206699100005,22.037100051000095],[89.57521179000008,22.069276556999966],[89.58570456600012,22.091487209000036],[89.59002191700006,22.110614652000038],[89.58976143100017,22.125249516000167],[89.58618005800002,22.138459848000025],[89.57237864600012,22.159679533000087],[89.5512966330001,22.186379860000102],[89.54704366700008,22.19750946100004],[89.5472250680001,22.205983990000163],[89.55851896100012,22.2163365130001],[89.57479763900017,22.22772900299998],[89.59161969800016,22.237434122000025],[89.59178359100014,22.25141259500009],[89.58710669400017,22.26227334000015],[89.58706894800002,22.274311185000045],[89.594526842,22.289597592000177],[89.60574903700012,22.302618514000187],[89.62577487400017,22.333067869000104],[89.62777513000015,22.340324565000117],[89.62597752800008,22.360728325000082],[89.62259022400013,22.37842488700005],[89.61542556800009,22.401878321000083],[89.59515829100013,22.44032923400016],[89.58995593300011,22.468574139999987],[89.58589166500008,22.495565977000183],[89.58099749300015,22.515868162000174],[89.57253980300004,22.538455285000055],[89.56750876600006,22.55539823900017],[89.56258775300012,22.566261574000066],[89.54712467500002,22.585837750000167],[89.53666208400006,22.595349760999966],[89.53129577800013,22.603229630000158],[89.530965788,22.61097504600008],[89.53478579100016,22.62230961199998],[89.54244127000004,22.63177658000012],[89.55492107300012,22.63890990100009],[89.54755776000007,22.657001851000132],[89.54839572500003,22.665064378000125],[89.55632992500017,22.670367974000158],[89.56059678000014,22.679510194000045],[89.57009222100004,22.6703899850001],[89.58022034200008,22.667346342000087],[89.578271643,22.677991852],[89.56920564600011,22.689713493000056],[89.58406602600007,22.693555952999986],[89.59248611400011,22.698765177000098],[89.60133260100008,22.69928795500016],[89.60181842700018,22.707808896000074],[89.59017613600008,22.708108531000107],[89.58484447300009,22.716426612000078],[89.59141138300009,22.721365765000087],[89.5978654910001,22.72048342400018],[89.60016347900017,22.72765490500018],[89.59779732100014,22.736750712],[89.60955943500011,22.753791194000087],[89.6075404090002,22.759613958000102],[89.61098599299999,22.763765797000133],[89.61043969700012,22.77191011400015],[89.61966742800001,22.77318092300004],[89.62584136400017,22.767725687000052],[89.63538881300008,22.765575202000036],[89.64396329000016,22.771381234000103],[89.64678817600014,22.763607188000094],[89.64646088100011,22.752337178],[89.65475544600014,22.75375067200008],[89.65435782100019,22.771664911000016],[89.66095508500018,22.77476224800006],[89.66663435900006,22.799480552000148],[89.67547133900007,22.79541186200015],[89.67501058200008,22.81042670300019],[89.67917273300009,22.81633856500008],[89.69343964800004,22.817888798000013],[89.71152405100008,22.826131813000018],[89.7176885350001,22.848593499000117],[89.71143128800009,22.857983931000092],[89.70458657300014,22.85928575100013],[89.6989920970002,22.86463891800014],[89.6955376620001,22.875011844000085],[89.70272617600017,22.877049506000105],[89.70986670900004,22.882363692000126],[89.71419898600016,22.878078846000165],[89.72047810700019,22.885289107000176],[89.71371565200013,22.89207462600018],[89.72767093100003,22.895177641000146],[89.72917835900006,22.901367685000025],[89.72459247900008,22.908120322000173],[89.74100268500018,22.920794096],[89.73711420400008,22.924812686000166],[89.72811642700015,22.918401550000112],[89.72781557200005,22.92524518600004],[89.73989110700006,22.935147475000065],[89.74369301700006,22.94296921000017],[89.75009327200013,22.947326405000183],[89.75385555500014,22.956953256000077],[89.75170866500014,22.966594045000136],[89.75463066700013,22.96902790000013],[89.74329796400013,22.96750209700008],[89.7356782990002,22.974135879000073],[89.72157892800004,22.97687220800009],[89.70876062100001,22.974735361000114],[89.69283197400006,22.980291562000048],[89.68382106500013,22.979122365000023],[89.68211466400004,22.972660412000153],[89.67335376100004,22.974901955000064],[89.6717663460002,22.980311195000183],[89.66300275800006,22.980645159000062],[89.65466026900015,22.983796971000118],[89.6490668420002,22.970166902000074],[89.64239095200008,22.96924865200009],[89.63632470700009,22.96485819100019],[89.62485115300007,22.96239923400003],[89.62395997100003,22.972695141000088],[89.61853958400013,22.972370456000135],[89.61369659500008,22.955199565000044],[89.60568470300012,22.957376161000184],[89.6019517110002,22.96387004100012],[89.5909082030002,22.974507035000045],[89.58513417900008,22.977087873000073],[89.58704252800015,22.98454526800009],[89.5839279180002,22.987564767000094],[89.56612524600018,22.992909206000093],[89.55907069300008,22.98405913300013]]]},"properties":{"adm2_name":"Khulna","adm2_pcode":"BD4047","adm1_pcode":"BD40"}},
{"type":"Feature","geometry":{"type":"Polygon","coordinates":[[[88.86166908700017,24.11703583900004],[88.84468147800015,24.131313848000048],[88.83687756200015,24.126378974000147],[88.8211882870001,24.125581337000142],[88.80189384900007,24.13147731099997],[88.79516992100008,24.14032650000007],[88.7749461630001,24.153704857000037],[88.78233196100012,24.160778604000086],[88.7736399100001,24.170295067000154],[88.75805839000003,24.192537909],[88.75101192800014,24.199734157000023],[88.74733513400002,24.199274305000188],[88.73478258900019,24.219466142999977],[88.73492390200005,24.211072522000165],[88.7312244220002,24.172770149000087],[88.74092475100014,24.16204314500004],[88.7464466850002,24.146950982000135],[88.70801684500015,24.119220374000065],[88.69710566800018,24.118901923000067],[88.69435809000004,24.112204863000045],[88.69900230300016,24.109885241000143],[88.703990794,24.09438384100008],[88.71598622900018,24.102366423000092],[88.724666647,24.103640188000043],[88.72865542400007,24.09946061300019],[88.72871627200016,24.09021144100018],[88.72493385900009,24.07987367200002],[88.72354291500011,24.068607564000104],[88.72880791600011,24.064614674000154],[88.72995852000008,24.05863008800003],[88.72473136400015,24.04810250899999],[88.72497716900011,24.041127494000136],[88.74166224300006,24.035370950000072],[88.73444807500005,24.021465071000137],[88.72850739800009,23.996492248000038],[88.73513800400019,23.995405633000075],[88.74616941600004,24.005750744000125],[88.75523126100012,24.00678864400004],[88.76170388600019,24.004797839000048],[88.7616932030001,23.99724795000003],[88.76800237000015,23.98542089400007],[88.76761412100007,23.98161158700009],[88.7493616210001,23.98511876800012],[88.73685215100016,23.981546164000065],[88.73746143800003,23.971283117000098],[88.73444856800018,23.96291614900008],[88.740003102,23.9620190870001],[88.75649280300007,23.969242814000154],[88.76432697700005,23.965654659000165],[88.76834531000009,23.952627924000126],[88.77640401000019,23.947707900000182],[88.78121513800005,23.951611096000192],[88.78220218800016,23.96683609300004],[88.79270716600018,23.974679643000115],[88.80194869200011,23.974372087000063],[88.80902345800018,23.96386088800017],[88.80986278700004,23.945201194000106],[88.81497478300008,23.93032551800013],[88.82160603200015,23.932867518000137],[88.82788744500016,23.938978921000114],[88.83787458000006,23.937800312000036],[88.84974299499999,23.932427058000087],[88.86160767400014,23.923954572000184],[88.87099464700015,23.91214779300003],[88.87323362500013,23.89751489000014],[88.87136848100016,23.891721231000133],[88.86290522600007,23.881850471000178],[88.8547842320001,23.880404323000107],[88.8391161460001,23.88315435900006],[88.83780038100008,23.87680694000005],[88.84937470400018,23.868801946000133],[88.85729970600005,23.86965797900018],[88.86959288500015,23.87818166300002],[88.88147370700011,23.876849875000175],[88.88359561800013,23.86978734000013],[88.87583735700008,23.860681550000038],[88.86671224000008,23.856442222000112],[88.862692358,23.85123768200009],[88.85863674500013,23.83192999300013],[88.86205701800003,23.82785354700019],[88.87461578500006,23.833455278000145],[88.89660531900017,23.827483552000047],[88.90532962100008,23.837654110000074],[88.91125891700005,23.827892309],[88.92035435200006,23.82386755800013],[88.92329684600014,23.81657268600003],[88.91857147400015,23.80977734700008],[88.9177001110001,23.80239746400008],[88.91083977300019,23.785227480000174],[88.9211538020001,23.784922849000054],[88.92864012000013,23.789960359000133],[88.93245044899999,23.795884310000133],[88.94733421000007,23.79897824000011],[88.9539420110001,23.808533348000083],[88.96589986800018,23.808315939000124],[88.97322612500017,23.80164542],[88.97709528600012,23.78888244600006],[88.99448290500015,23.78543945600012],[89.00595053300009,23.781699619],[88.99604291200018,23.76140984000017],[88.99109439200004,23.754235213000072],[88.99345120900006,23.750599547000036],[89.003544186,23.750495613000112],[89.00961335000017,23.74001048200006],[89.0099535980001,23.732961179000085],[89.00705588800014,23.726712998000096],[89.01643411200018,23.708273749000057],[89.02697490500003,23.696400131000132],[89.03491919600003,23.693417443999977],[89.04020612700003,23.69508734800013],[89.05157862200014,23.711378537000087],[89.05090876200018,23.71691088400013],[89.03891190100006,23.721361731000115],[89.03909559900018,23.72477762300008],[89.04873517800007,23.72719826800011],[89.05344556000011,23.721690694000017],[89.06033846500009,23.71913382400004],[89.0753492930001,23.72620360600007],[89.07580541300018,23.728516217000163],[89.06281930100005,23.735913219000054],[89.05860744800015,23.74801502800011],[89.0534422390001,23.756947481000168],[89.05287734000012,23.76411747000003],[89.059461537,23.770439273000022],[89.07031044600018,23.77116879400006],[89.07093482100004,23.755924688000164],[89.08049625600006,23.758400143000074],[89.08432619100012,23.755781090000028],[89.08331948700015,23.745533067000054],[89.0950765880001,23.741598995000118],[89.09743424400017,23.729248194000093],[89.1056284980001,23.72722525],[89.11091526100012,23.735467956000093],[89.119420235,23.729918436000105],[89.11898675200013,23.72398660500005],[89.11289610900008,23.71299487000016],[89.1125190320002,23.708308873000135],[89.11629188100017,23.69645166400005],[89.12012814300016,23.695431242000154],[89.12390418500013,23.704344589000016],[89.12158061400015,23.713792345000115],[89.12772515799998,23.716855055000053],[89.12728165000004,23.721772684000086],[89.15769494500017,23.722255138000037],[89.15979938600015,23.735954496000033],[89.16703663200013,23.737092821000147],[89.17572346300005,23.74727587100017],[89.18597012600014,23.74774113900014],[89.19570350500015,23.744581224000058],[89.20416837000005,23.746657227000128],[89.21517536800019,23.759272525000142],[89.22112815000014,23.760725179000076],[89.23342969300006,23.756397145999983],[89.234952594,23.760265884000034],[89.24404524300013,23.76029030700016],[89.2520269370001,23.76440761700013],[89.26016713900003,23.75529960000017],[89.26643977400005,23.74350651600014],[89.27501009900016,23.742296006000174],[89.2836789750001,23.737221986000065],[89.29651970600003,23.738025597000046],[89.3046926040002,23.746667604000038],[89.31432754100007,23.748600620000104],[89.32180682700005,23.767926275000093],[89.31525402800008,23.76703931700007],[89.31252166800016,23.772730959000114],[89.32982467300013,23.77846564200007],[89.3284383310002,23.794412600000044],[89.32946010500018,23.804151394000087],[89.33608910600003,23.820302355000138],[89.33570819100004,23.83106244000004],[89.34372918200012,23.839629854000123],[89.35089336000016,23.842620462000127],[89.35107362100007,23.862559514],[89.36068158900008,23.870584509000082],[89.35771910500011,23.87648093500019],[89.36072288100013,23.88202556900012],[89.35848383200005,23.886730688000114],[89.35014132700019,23.88612245700017],[89.34573846800015,23.893493967999973],[89.33244883500004,23.88456698300007],[89.32085159500002,23.88075239900013],[89.3091066070001,23.87897820800015],[89.3025479760002,23.89041020400009],[89.29347434700003,23.892604218000088],[89.27995620900015,23.899085181000146],[89.26217310800018,23.898944126000117],[89.25345943200006,23.90618651799997],[89.24456818500005,23.926765057000125],[89.24258037800018,23.938546331000055],[89.23248528700009,23.944712439000057],[89.23178622200004,23.963145084000075],[89.23340671000017,23.97383337100007],[89.2246139790002,23.97728205500016],[89.21210990000003,23.974645010000188],[89.21326473000005,23.989624718000073],[89.1953247670001,23.98699848500013],[89.17588551600005,23.987185625000166],[89.17344608600001,23.978336084000034],[89.17511185300009,23.964226874000076],[89.16567703500016,23.953902334000077],[89.14936533300005,23.953198927000017],[89.14894358800007,23.959785725000074],[89.14512162600016,23.96407545600016],[89.13649620700016,23.963175417],[89.09435041400008,23.96394699000018],[89.09464348500006,23.972835382000028],[89.08162211200016,23.975261319000083],[89.07073039700003,23.979025065000144],[89.06151408500006,23.98949237100004],[89.0599153610001,23.994992192999973],[89.0478872610002,24.016869680000127],[89.04112620300015,24.033933133],[89.03649611300006,24.05197583100005],[89.03231624900002,24.05912972300007],[89.02630923100003,24.07697817600007],[89.02238405300017,24.09542215400006],[89.0150848560001,24.103699871000117],[89.01175446300016,24.11130979500001],[89.0050426470001,24.116556292000098],[88.99180520000004,24.120706258000098],[88.95458277100016,24.123190210000075],[88.94591187900005,24.125512569000136],[88.93670249800005,24.131227704000025],[88.92846441500006,24.12370122699997],[88.92066752200003,24.12092457],[88.91875663200005,24.132930203000114],[88.9083021880001,24.129550457000107],[88.90961351300018,24.116877974000033],[88.88048076200016,24.106267587000104],[88.88089600100011,24.120934104000128],[88.86654037699998,24.116873398000052],[88.86166908700017,24.11703583900004]]]},"properties":{"adm2_name":"Kushtia","adm2_pcode":"BD4050","adm1_pcode":"BD40"}},
{"type":"Feature","geometry":{"type":"Polygon","coordinates":[[[89.497837919,23.580829067000025],[89.4844667380001,23.594240576000118],[89.47526393900006,23.5950001060001],[89.47402432300004,23.60170479800007],[89.48725891200019,23.617168272000185],[89.48626845800015,23.624850907],[89.47298149400012,23.634915926000133],[89.45501658199998,23.63853456800001],[89.44211809500013,23.639559052000095],[89.43744361500006,23.64485322200005],[89.4422630110002,23.657053087000065],[89.43743172100011,23.663259428000117],[89.41978795500006,23.673149814000112],[89.41128225500012,23.682890716000145],[89.40157128700008,23.683156084000075],[89.38012084299999,23.675848130000077],[89.37978006500003,23.669156083000132],[89.37155079300004,23.666808397000068],[89.3659287980002,23.668631923000135],[89.36599292000017,23.66394691199997],[89.3764184920002,23.66410211400006],[89.36567314100012,23.64599838700002],[89.3569972950001,23.638763894000192],[89.35754625800013,23.63375548500011],[89.35309530300015,23.61660716200015],[89.34826587800018,23.614542426000185],[89.34634552700015,23.598408056000153],[89.34100702200016,23.58864635900005],[89.34582863100002,23.58677219300006],[89.34509628300003,23.578518035000116],[89.3386435110001,23.56898174900016],[89.33475948000017,23.570199521],[89.32355221700004,23.564622855000096],[89.31787961400005,23.554682790000015],[89.31494274500017,23.544880109000133],[89.30740914600005,23.537716633000173],[89.30347350000005,23.526234720000048],[89.30747031400017,23.51661047200008],[89.30374701900018,23.5117705670001],[89.31018081000008,23.507614935],[89.30779184400012,23.502236822999976],[89.30172060500007,23.504481381000062],[89.2990920900001,23.496557183999982],[89.3049198810001,23.495036488000096],[89.3089733970001,23.480612465000092],[89.30742734100005,23.4677439350001],[89.30328666600002,23.467920601000174],[89.30433003100012,23.456542103000174],[89.29602329599999,23.447089789000017],[89.29040409700019,23.446881435000023],[89.28588065700006,23.440367436000088],[89.27541426200008,23.43603918800011],[89.25699784200009,23.44063109500013],[89.25678586900005,23.43375827300008],[89.26462908800016,23.433610245000125],[89.2711215270001,23.429205759000183],[89.26909233900005,23.42362325100015],[89.26053757200003,23.42087849300009],[89.25542594500013,23.412826629000165],[89.25851837300002,23.405300761000092],[89.25185783400008,23.40389382500001],[89.25169567100005,23.394560996999985],[89.24640839500012,23.393444932000136],[89.25161979600006,23.3768727960001],[89.25854190900003,23.370533997999985],[89.27682676300003,23.365206936000163],[89.2734496990002,23.360986999000147],[89.27360935800016,23.3540084280001],[89.28345548300013,23.349210674000176],[89.28246583100014,23.34131845800016],[89.29353329100013,23.332374580000135],[89.31075342100013,23.322601218000102],[89.31614469200008,23.324931789000118],[89.32275236900011,23.31537096900007],[89.32640357400015,23.299829667000097],[89.33777427900009,23.304871447000153],[89.34646438400017,23.283896809],[89.3635949740002,23.295646665],[89.36549946700012,23.301230385000167],[89.37289227200012,23.300570639000114],[89.37316356500008,23.288708323000037],[89.38329285999998,23.28636156500005],[89.39771082500005,23.279505243000074],[89.4106198240001,23.267920011000058],[89.41520091700016,23.268619119000164],[89.425813527,23.257799980000186],[89.43390169400016,23.256814965000103],[89.43860745700005,23.259738056000117],[89.44769964100004,23.257966629],[89.45449053400017,23.262731097000085],[89.46043818400005,23.270447379000075],[89.46313180100009,23.2828500170001],[89.471087511,23.287316658000066],[89.48136604700011,23.28372661800006],[89.47787618100006,23.294283402000076],[89.47961598000018,23.297296251999967],[89.49618811800019,23.295998178000048],[89.50143572300016,23.285771936000174],[89.50759903800002,23.288386873000093],[89.52390653900011,23.27821318200006],[89.5270745430002,23.291248182000118],[89.53254330800019,23.294836431000135],[89.53520214500014,23.30167162300006],[89.54392230100012,23.30546620300015],[89.55533005400014,23.30692432400008],[89.5600122530002,23.31212774200003],[89.56046155400014,23.319072545999973],[89.57242000500008,23.316854113000034],[89.5765442170001,23.32109869600015],[89.59020015500005,23.318667834999985],[89.60590591400006,23.319198465],[89.6053711190001,23.31189735800018],[89.61435022800009,23.30796316500016],[89.62052835600002,23.30801034400008],[89.60994457100014,23.32839926100013],[89.60477741200009,23.334598794000158],[89.6080856550002,23.34541038600014],[89.60378665800005,23.355435104000037],[89.60640561100007,23.367548038000052],[89.60555951400016,23.372423660000038],[89.59853831700019,23.38076120000011],[89.61282528400005,23.38338061500008],[89.60295703400016,23.417068685000118],[89.60161443000004,23.447018032000074],[89.60715005800012,23.460924481000063],[89.60505693400017,23.474167998999974],[89.59208229000006,23.485493263000023],[89.57590221700008,23.496052230000146],[89.5558559870002,23.50421612499997],[89.53056625400018,23.51276137700006],[89.51949731300016,23.51291956100016],[89.51451446200008,23.508033592000118],[89.51281355300011,23.495788185000038],[89.50759665800018,23.49388446500012],[89.5138003880001,23.484110306000048],[89.51103814000004,23.47648486700018],[89.4998439060002,23.475453511000126],[89.49355404000005,23.47895142200008],[89.48853967800011,23.491725276000068],[89.48864318100004,23.503687072],[89.49250622500011,23.515959228000042],[89.49795776100018,23.522035534999986],[89.51716866600009,23.53017370900011],[89.53512638800004,23.530124501000103],[89.53753744300013,23.538638166000112],[89.52119164900017,23.541829179000104],[89.50930656600008,23.546342317000153],[89.50075956600011,23.562695695000173],[89.50071112500007,23.575510480000048],[89.497837919,23.580829067000025]]]},"properties":{"adm2_name":"Magura","adm2_pcode":"BD4055","adm1_pcode":"BD40"}},
{"type":"Feature","geometry":{"type":"Polygon","coordinates":[[[88.85863674500013,23.83192999300013],[88.862692358,23.85123768200009],[88.86671224000008,23.856442222000112],[88.87583735700008,23.860681550000038],[88.88359561800013,23.86978734000013],[88.88147370700011,23.876849875000175],[88.86959288500015,23.87818166300002],[88.85729970600005,23.86965797900018],[88.84937470400018,23.868801946000133],[88.83780038100008,23.87680694000005],[88.8391161460001,23.88315435900006],[88.8547842320001,23.880404323000107],[88.86290522600007,23.881850471000178],[88.87136848100016,23.891721231000133],[88.87323362500013,23.89751489000014],[88.87099464700015,23.91214779300003],[88.86160767400014,23.923954572000184],[88.84974299499999,23.932427058000087],[88.83787458000006,23.937800312000036],[88.82788744500016,23.938978921000114],[88.82160603200015,23.932867518000137],[88.81497478300008,23.93032551800013],[88.80986278700004,23.945201194000106],[88.80902345800018,23.96386088800017],[88.80194869200011,23.974372087000063],[88.79270716600018,23.974679643000115],[88.78220218800016,23.96683609300004],[88.78121513800005,23.951611096000192],[88.77640401000019,23.947707900000182],[88.76834531000009,23.952627924000126],[88.76432697700005,23.965654659000165],[88.75649280300007,23.969242814000154],[88.740003102,23.9620190870001],[88.73444856800018,23.96291614900008],[88.73442334400005,23.957289634],[88.739235635,23.94978619900013],[88.74006193800011,23.938470517000155],[88.73636345300008,23.933631719],[88.733050359,23.922947465999982],[88.73548672900017,23.915101620000087],[88.72510812700011,23.91297141800004],[88.72302088400016,23.91630691900008],[88.70663116900005,23.916430652000088],[88.69931369400007,23.91014667400009],[88.70027757700018,23.899159791999978],[88.68827812800004,23.90130432800015],[88.68456715300005,23.890462763000073],[88.676414879,23.88463571000017],[88.66748905999998,23.883061820000137],[88.66375914000014,23.8778661340001],[88.66761035700017,23.8703452740001],[88.6550864580002,23.868904327000166],[88.63701737200012,23.871102422000035],[88.63137343500006,23.865947740000024],[88.62508485500001,23.865857843000185],[88.62554530500012,23.87412728800001],[88.61786860500018,23.876639051000097],[88.60955477400017,23.872979001000147],[88.6099400700001,23.8664397820001],[88.60517743100013,23.863096010000163],[88.59931404600019,23.869339377000074],[88.58731378500016,23.87126837300019],[88.5825969820001,23.863050084000122],[88.57575120400014,23.861688766999976],[88.57655649700007,23.855051974000048],[88.5881665190002,23.85573680700014],[88.59148323800008,23.850789052000096],[88.58719561600009,23.843489175000173],[88.58632489700005,23.832113902000174],[88.58864681800009,23.82798560900011],[88.60017265000016,23.821520903000078],[88.60172725300009,23.815342223000073],[88.59647918400009,23.811517471000172],[88.59041350400003,23.797480427000096],[88.58114620500004,23.79657820700004],[88.5813197990002,23.789544926000133],[88.5696191720001,23.78341800700008],[88.56057797700015,23.786291483000184],[88.5596776650001,23.78113564200015],[88.56620498900014,23.77674643600011],[88.57870125200014,23.775394630000164],[88.58062592900012,23.76534990600004],[88.57270621800006,23.74827443200013],[88.57483737000018,23.740224054000123],[88.57009567600011,23.72886594100015],[88.56516937400016,23.712221902000124],[88.5690041220002,23.690457269000092],[88.57285460200012,23.685471717999974],[88.57481873700016,23.676757068000143],[88.57396819700011,23.667630425000027],[88.57059344900017,23.66172255800018],[88.56338367900008,23.658160983000073],[88.5580804490001,23.649602516000073],[88.56358468100007,23.64542270400011],[88.56224730100007,23.637336803000153],[88.57132789300016,23.636386697000034],[88.57529776600012,23.638771229000156],[88.59352417600019,23.64096955000008],[88.5922638420002,23.627569874000187],[88.59325404700013,23.61687953300003],[88.58478381700007,23.61352206200013],[88.57999898300017,23.60467779300012],[88.59280782000008,23.603252403000113],[88.60077429600005,23.607489913999984],[88.61793251200004,23.60178931300004],[88.62176030600006,23.604776466000033],[88.63802022900006,23.610110359000032],[88.63645633400006,23.616549451000083],[88.64674214800004,23.62159751200005],[88.64298769200013,23.626535712000077],[88.64959681400018,23.635292498000183],[88.64867168800004,23.63915930900015],[88.65295488000004,23.64737357500013],[88.65867496400011,23.650337929000102],[88.66810809000009,23.646143068000015],[88.68066502900012,23.64716088600005],[88.6845761190001,23.657013151000115],[88.69579488200009,23.657800526000187],[88.6964613130001,23.665291221000132],[88.70966712900008,23.668307497000114],[88.73684109500016,23.683831053000063],[88.74685659900018,23.696636160000025],[88.76482471100002,23.696572460000084],[88.7732823230001,23.69857796600013],[88.78078592800006,23.70799021200014],[88.78342506600006,23.720435710000118],[88.77934266600016,23.721482112],[88.77881929900013,23.732943106000107],[88.78618077800019,23.743915657000173],[88.7848431590001,23.753326947000062],[88.79195766000015,23.77307526800007],[88.79923510600008,23.768783141000142],[88.80587920900012,23.771584666000024],[88.81903342400005,23.773294174000057],[88.82083671700013,23.78684805300003],[88.83174793500001,23.80998532900003],[88.83371584300016,23.81650599900007],[88.84319350000015,23.81986875000007],[88.84552141600005,23.82830648400011],[88.85146202300012,23.833141520000083],[88.85863674500013,23.83192999300013]]]},"properties":{"adm2_name":"Meherpur","adm2_pcode":"BD4057","adm1_pcode":"BD40"}},
{"type":"Feature","geometry":{"type":"Polygon","coordinates":[[[89.62052835600002,23.30801034400008],[89.61435022800009,23.30796316500016],[89.6053711190001,23.31189735800018],[89.60590591400006,23.319198465],[89.59020015500005,23.318667834999985],[89.5765442170001,23.32109869600015],[89.57242000500008,23.316854113000034],[89.56046155400014,23.319072545999973],[89.5600122530002,23.31212774200003],[89.55533005400014,23.30692432400008],[89.54392230100012,23.30546620300015],[89.53520214500014,23.30167162300006],[89.53254330800019,23.294836431000135],[89.5270745430002,23.291248182000118],[89.52390653900011,23.27821318200006],[89.50759903800002,23.288386873000093],[89.50143572300016,23.285771936000174],[89.49618811800019,23.295998178000048],[89.47961598000018,23.297296251999967],[89.47787618100006,23.294283402000076],[89.48136604700011,23.28372661800006],[89.471087511,23.287316658000066],[89.46313180100009,23.2828500170001],[89.46043818400005,23.270447379000075],[89.45449053400017,23.262731097000085],[89.44769964100004,23.257966629],[89.43860745700005,23.259738056000117],[89.43390169400016,23.256814965000103],[89.425813527,23.257799980000186],[89.421925531,23.251878785000088],[89.42747538000015,23.23419071300009],[89.42626387600006,23.23050714500016],[89.4171107790001,23.228931107000165],[89.42240749500013,23.220661256000028],[89.42008731700014,23.216269568000143],[89.42287234900004,23.20423666199997],[89.42061054000004,23.190292176000128],[89.422547124,23.188164479000022],[89.41926838799998,23.17555418400019],[89.41235611500014,23.168039015000033],[89.41459346900018,23.158219182000096],[89.40874416600019,23.152041211999972],[89.41965004100007,23.146587458000113],[89.41797984100003,23.139741429000082],[89.40461698000007,23.139327617000106],[89.39275466900011,23.14351655700017],[89.38492184700004,23.137737247000132],[89.3763499590001,23.135246619000156],[89.38219309400012,23.127618215000098],[89.38602286000014,23.11728593099997],[89.38393473700012,23.11422013700019],[89.38844683600013,23.107406513000058],[89.38727420400011,23.09608139300019],[89.38353911300004,23.08729808900017],[89.38884233300007,23.083100295000122],[89.4020523690001,23.083992613000078],[89.41123206400016,23.081159115000105],[89.41698876900011,23.082231126000067],[89.41960205600009,23.0879767240001],[89.4274825490001,23.09593648700013],[89.43146443400013,23.105837519999966],[89.44155758400018,23.105629662000183],[89.44295425900003,23.08684135900006],[89.43964531000006,23.073648169000023],[89.44489673600003,23.063477399000135],[89.4432818190001,23.055294521],[89.4475886350001,23.050246580000078],[89.45292025600008,23.052462419000165],[89.45645664200015,23.04203911400009],[89.46135990300019,23.035954014000026],[89.46822732900017,23.033170200000086],[89.47533632500006,23.03606195500015],[89.486281083,23.035914955000067],[89.49055855199998,23.038004155000067],[89.49993776600013,23.033334576000186],[89.50483633400006,23.02791756700003],[89.50778466100002,23.01480831800012],[89.51998396600015,23.01350208700012],[89.52798144600018,23.00736321700009],[89.53481411300004,22.994691738000142],[89.53676160300006,22.984142088000112],[89.55049115300005,22.97759185200016],[89.55907069300008,22.98405913300013],[89.56612524600018,22.992909206000093],[89.5839279180002,22.987564767000094],[89.58704252800015,22.98454526800009],[89.58513417900008,22.977087873000073],[89.5909082030002,22.974507035000045],[89.6019517110002,22.96387004100012],[89.60568470300012,22.957376161000184],[89.61369659500008,22.955199565000044],[89.61853958400013,22.972370456000135],[89.62395997100003,22.972695141000088],[89.62485115300007,22.96239923400003],[89.63632470700009,22.96485819100019],[89.64239095200008,22.96924865200009],[89.6490668420002,22.970166902000074],[89.65466026900015,22.983796971000118],[89.66300275800006,22.980645159000062],[89.6717663460002,22.980311195000183],[89.67335376100004,22.974901955000064],[89.68211466400004,22.972660412000153],[89.68382106500013,22.979122365000023],[89.69283197400006,22.980291562000048],[89.70876062100001,22.974735361000114],[89.72157892800004,22.97687220800009],[89.7356782990002,22.974135879000073],[89.74329796400013,22.96750209700008],[89.75463066700013,22.96902790000013],[89.7630952930001,22.96569896900013],[89.76733396100013,22.97781921500001],[89.78236490400008,22.984512498000072],[89.788817446,22.97978456000004],[89.782080496,22.97039422300014],[89.78565148600006,22.96612199200007],[89.79641930600019,22.96792933],[89.80341294900018,22.972470123000107],[89.79499694500015,22.977931785000123],[89.79345891300011,22.988496636000036],[89.7970666670002,22.99669675600012],[89.784479793,23.00233970500011],[89.76942420500006,23.004823012000145],[89.76256985100014,23.00771034400009],[89.75672192900015,23.014982370000155],[89.75406283800015,23.03282588500008],[89.7461673250001,23.048703054999976],[89.73017459800019,23.051650798000082],[89.72754250399998,23.05642265],[89.73580644000003,23.069900819999987],[89.73160142000012,23.07958419900018],[89.71962299800003,23.081171124000093],[89.70072304800016,23.088765039000066],[89.68258449100011,23.102193670000133],[89.6726535750002,23.11469794599998],[89.67009425400005,23.123068657999966],[89.6743983130001,23.12824233600014],[89.68125009400012,23.12982359100016],[89.6930276670002,23.12421023000013],[89.69745233500015,23.11357312700011],[89.70564889700012,23.11530494600015],[89.7074216150001,23.1207146320001],[89.71843552100012,23.12287780600019],[89.72297675700014,23.12137052300011],[89.73914411000015,23.12906730399999],[89.74207512100008,23.137703378000083],[89.73892179500012,23.146309107000093],[89.7300793980001,23.156628195],[89.73339046200016,23.1676023870001],[89.74210770300016,23.171876049000048],[89.76073419200003,23.172449702000165],[89.76552956200015,23.177352904000145],[89.759635747,23.18350690700015],[89.75306240800018,23.185761801000183],[89.7397283250001,23.185469324000053],[89.72943866300011,23.182732994000162],[89.71396247500019,23.175634928000136],[89.69458350400004,23.160915122000063],[89.68840314500017,23.162897094000073],[89.67865192300019,23.182093273000078],[89.68330348000018,23.20530655100015],[89.68852430800013,23.21105074500008],[89.68629918700015,23.21520607000008],[89.68863313700018,23.221942631000104],[89.6857270590001,23.227536917000066],[89.6722920160002,23.242683240000133],[89.66868481000017,23.244340018000116],[89.63768725700004,23.236200571000154],[89.63219352200014,23.240096854],[89.62997080100018,23.250768683000103],[89.63143787500002,23.258517952999966],[89.6368629010002,23.265840565000133],[89.64573738000007,23.27241203900013],[89.66883658000012,23.27799971800016],[89.66526006600014,23.282623811],[89.65400216700004,23.28799209600004],[89.64251707100016,23.290102646000037],[89.634448572,23.289250763000155],[89.62153632300004,23.297182709000083],[89.61862055800009,23.303086591000067],[89.62052835600002,23.30801034400008]]]},"properties":{"adm2_name":"Narail","adm2_pcode":"BD4065","adm1_pcode":"BD40"}},
{"type":"Feature","geometry":{"type":"Polygon","coordinates":[[[89.24662680900008,22.836008207000077],[89.23990055100006,22.835682671000143],[89.2322992010001,22.831465040000126],[89.22799977000011,22.825643897000134],[89.20575180200012,22.818035735000024],[89.19837518700007,22.81185889500017],[89.18863051600016,22.816285452000045],[89.16864159600004,22.816730013000154],[89.16455141800003,22.80391791800014],[89.15074690500012,22.7957220830001],[89.14435006600013,22.797279952000167],[89.14237470699999,22.80458603900007],[89.15799883200003,22.81195215600019],[89.16005723900008,22.824508728000126],[89.15683490700007,22.830627343],[89.14579194000004,22.83526897500019],[89.14711473600005,22.82742192699999],[89.13921826800004,22.82677768299999],[89.12980672499998,22.83477713600007],[89.12292894000018,22.847852895000074],[89.122760889,22.852969092000023],[89.12920857100005,22.871126692000132],[89.12321288100014,22.878839426000013],[89.11052834000014,22.887643727000125],[89.11027484000016,22.893956239000147],[89.11509986500016,22.901179150000132],[89.12029893500005,22.903461702000186],[89.13332564400008,22.892637427000125],[89.14167160500011,22.894076942000083],[89.13843810400016,22.904596260000062],[89.12577485800011,22.92853120200016],[89.11517367300019,22.931152643000075],[89.1109280460002,22.935426220000124],[89.10931063500004,22.944399095000108],[89.09973872600006,22.937404552000032],[89.1064751770001,22.934355674000187],[89.10738921500007,22.926999123000144],[89.10224416700015,22.923494759999983],[89.09504827800009,22.924668817000054],[89.08519766800003,22.930564936000053],[89.07916067500014,22.939177363000056],[89.07340493400005,22.93726304400019],[89.0715267830002,22.931878864000055],[89.0593582360001,22.933792156000095],[89.04854081700006,22.93012210100011],[89.04184981600008,22.93753791200004],[89.03739412800019,22.929558110000073],[89.02264304800019,22.93761539000002],[89.01174205400008,22.94618729399997],[88.98976262400015,22.94438699700015],[88.98975137100018,22.936083210000106],[88.99298432700016,22.923987517],[88.99266343000016,22.916693948000045],[88.98297478400019,22.92179656000019],[88.9700943270002,22.921365792000074],[88.96369311300009,22.91911118400003],[88.96185556000017,22.91432550600001],[88.94761265300008,22.920568055000047],[88.94453615700007,22.91196360800018],[88.93973178100009,22.915704146000053],[88.9272723900001,22.915615415000104],[88.92040428600012,22.913310775000184],[88.91518118100004,22.921575040000164],[88.90834420000004,22.918573523000077],[88.90364913800005,22.91380339000017],[88.89534115300017,22.911851289000026],[88.90088145000004,22.904101547000096],[88.898351199,22.89782683800007],[88.907458357,22.89284272900005],[88.90982204900018,22.87899881300018],[88.91813222100012,22.87637970100019],[88.9233731830002,22.879237911000075],[88.92852332700016,22.871958646000053],[88.93926396200004,22.87398391300019],[88.945039038,22.87987313100001],[88.94924766900016,22.876007981000157],[88.95360277200018,22.863567279],[88.95821845300009,22.858747082000093],[88.96727055500014,22.843918127000165],[88.96299261300004,22.827918440000133],[88.9625499890002,22.81990363800014],[88.95556280500011,22.811789624000028],[88.95949549900007,22.807811639000136],[88.9574873900001,22.796223217000033],[88.94942003900007,22.797367097000176],[88.94135938100015,22.790532571000085],[88.93597468500013,22.79033189500018],[88.93521488400006,22.781815867999967],[88.92439584600015,22.779920976000028],[88.92559978100019,22.769848726000134],[88.91691690200003,22.76924357600018],[88.91078167000012,22.758136934999982],[88.91364536300017,22.754094042000077],[88.92073809700008,22.752782726000135],[88.91628885700004,22.744453902000032],[88.91580322300018,22.73618803500011],[88.91878478100011,22.730851898000083],[88.9254663480001,22.72775360100013],[88.92821527000018,22.718147773000112],[88.94858198500015,22.705648503000134],[88.95466631700015,22.70443057000017],[88.96122149800016,22.69530729900015],[88.96067734900015,22.68529096600014],[88.95421120300017,22.685790817000054],[88.9476814480002,22.677681799000027],[88.94488397000015,22.662404839000033],[88.93358487300009,22.657145239999977],[88.92754210400005,22.648722546000158],[88.93398848300006,22.62833798800017],[88.93919660700004,22.622074415000156],[88.95709838700014,22.61709727900012],[88.9591956110001,22.61104761200005],[88.9394265890001,22.59100086500007],[88.93942456100007,22.58288938100003],[88.94448697900009,22.568668902000127],[88.94011834800006,22.567212966000113],[88.92236819200008,22.570308362000105],[88.92249303200009,22.5634352350001],[88.937612924,22.55770291300007],[88.95932380600016,22.552425164000113],[88.96250680200006,22.548943220000126],[88.97061224700008,22.529572241000096],[88.97524835700011,22.496780531000127],[88.9817088740001,22.483253912000123],[88.99337230200001,22.473612128000127],[88.99627533600005,22.467760993000127],[88.99417575100017,22.45601396500001],[88.98911625300002,22.447667412000158],[88.98965126100006,22.442562564000013],[88.99946978200006,22.432687302999966],[88.99891040900002,22.429011878999972],[88.98979334,22.425452532000065],[88.98102862600012,22.41640279100011],[88.97395584100013,22.41316710000001],[88.9717203670001,22.407687883000108],[88.98698604200007,22.39542020500005],[88.99171205700009,22.389844680000124],[88.98360692900019,22.378520609000134],[88.9825174520002,22.374069464000172],[88.9885359640001,22.366582575000052],[88.98647681900013,22.356669359000136],[88.988988168,22.348333893000017],[88.98512009500018,22.328271853000103],[88.99158475200011,22.32269580700006],[88.9990846930001,22.324691202000054],[89.01066019400014,22.314613405000102],[89.0240290320001,22.29855870500012],[89.01972231200011,22.29437968400009],[89.00996362100011,22.29795633499998],[88.99798217700015,22.296322295000152],[88.99478471100008,22.288116137000088],[88.99694027300012,22.283938041000056],[89.02011399300011,22.268754558000126],[89.01240072300016,22.257833990000165],[89.01967164799998,22.254470192000042],[89.02758774200004,22.259422861000075],[89.03398845800012,22.258738374000018],[89.03649210300006,22.2372605810001],[89.04558471700011,22.221614130000034],[89.06422376500007,22.204382663000104],[89.07061744700007,22.197318964000146],[89.07042496000003,22.185802411],[89.06149609100015,22.17137214600001],[89.07097872600002,22.148942003000172],[89.07830137100007,22.147167797000122],[89.08449995200004,22.156161743000155],[89.09045224200014,22.16035726900003],[89.09579994000012,22.158295739000152],[89.09581336200017,22.147514224000076],[89.08085495900019,22.13784375],[89.06470743300014,22.123921628000062],[89.05479355900013,22.120415977000164],[89.04265542200011,22.106374905000166],[89.03920660900013,22.095247922000112],[89.04077081600013,22.085261483000068],[89.04838623000018,22.057505117000176],[89.06408995400011,22.035747806000018],[89.07814864000017,22.02014504800013],[89.08146776100006,22.014519878999977],[89.08348390900011,22.00301091200015],[89.08061598,22.001115841000114],[89.07886016100014,21.98555442200012],[89.07926823100013,21.969307263000076],[89.0811632110001,21.956309255000065],[89.07276136900003,21.927692734000118],[89.06164068600015,21.92614584900008],[89.05271873200019,21.927515249000066],[89.0373838820002,21.92476349700013],[89.02761685700006,21.9201959560001],[89.02351995300018,21.90627557700003],[89.02299877700005,21.8922408520001],[89.02852005500017,21.882200897000075],[89.0414486460001,21.86854303800004],[89.04423909200005,21.862389163000103],[89.04366979500008,21.84059855600003],[89.04220064300006,21.8279133100001],[89.02998350100012,21.797881254000174],[89.02963421600009,21.78169279600013],[89.03424135800009,21.773772227000165],[89.04946758200009,21.758778332000077],[89.0551688650001,21.748650066000152],[89.07474447300012,21.720224523000184],[89.0918439670001,21.699030384000082],[89.10355597900013,21.686184399000126],[89.12576620200008,21.659803499000134],[89.135532577,21.64717288300011],[89.16170608100003,21.64549565600015],[89.17425647500005,21.653711930000156],[89.19749896000013,21.656542925000167],[89.22754990599998,21.654874037000127],[89.26631107700018,21.65419604400006],[89.28953997500014,21.66149296200001],[89.32049693900018,21.673398961000032],[89.32593897100014,21.685274368000023],[89.32182170900018,21.693024949000176],[89.31715293600018,21.739953099000047],[89.31519123200002,21.77536421400015],[89.31061448200006,21.804995837000092],[89.30870121500016,21.831347634000053],[89.30948108400008,21.849473636000027],[89.31647594700019,21.861041786000044],[89.32700697600012,21.871802010000067],[89.33843132300012,21.88091868000015],[89.35605372700019,21.886768199000187],[89.37013413400018,21.895070964000126],[89.37267219900008,21.916500926000083],[89.36993843500005,21.932966697000097],[89.36191394000019,21.947760916],[89.33259519200016,21.979756379000094],[89.32281402400014,21.991243858000132],[89.29156389500008,22.047942814000066],[89.28618343300002,22.061100051999972],[89.28966640300013,22.07018081900003],[89.30286085400013,22.081783034000125],[89.30280413200006,22.09167049300015],[89.29481822200012,22.096575561000066],[89.28863823,22.094895561000158],[89.26525751000014,22.084010131000127],[89.263026717,22.08982020300016],[89.2751599520002,22.131084953000084],[89.27863928300008,22.14099023200015],[89.29093154000009,22.156711159000167],[89.30148571300015,22.167477694000013],[89.31381593800012,22.177426709000144],[89.32258155000011,22.192303837000054],[89.32179091900014,22.1981816120001],[89.30779531900015,22.213593220000064],[89.30630993600005,22.21884685400005],[89.31157351900009,22.231947965000188],[89.30554471400018,22.239583021999977],[89.29725895400009,22.24570396600018],[89.29074217800019,22.253487640000117],[89.29135682000009,22.25905061900005],[89.29892419200002,22.265551639000023],[89.31345191800017,22.271786031000033],[89.3179540110001,22.27691813200005],[89.31612580299998,22.285476741000025],[89.30300979800006,22.28676473200011],[89.28862431300001,22.28368731400019],[89.28034087900016,22.288754869000172],[89.27862879500009,22.304529189999982],[89.27600334000016,22.310527168000135],[89.26949555700003,22.316053713000088],[89.25139919500003,22.336852472000146],[89.25250351400018,22.345543443000054],[89.2678365500002,22.34227098800011],[89.27430934200015,22.34798002900004],[89.26449951100005,22.375883587999965],[89.255741022,22.375240549000182],[89.24855903200012,22.37117611500014],[89.23954085500014,22.370022863000088],[89.23631566500006,22.37496485600019],[89.23798855500013,22.38102071900005],[89.25223781000005,22.387927892],[89.25687732700015,22.397667155000192],[89.2548124450002,22.40499517800015],[89.24599520700019,22.415589043000125],[89.2403532460001,22.427710463000153],[89.24057276400015,22.434858141000177],[89.2464920750001,22.44908769200009],[89.2563530270001,22.45029423200009],[89.25915821200016,22.454025560000105],[89.25617886800018,22.465404245000173],[89.28397806800007,22.473129498000162],[89.28362637700002,22.478435143000127],[89.26690657300009,22.486201072000085],[89.25759252900019,22.492793539000104],[89.24980484700012,22.507156816000077],[89.24875122400005,22.530142005000187],[89.23580442200017,22.547757156000046],[89.23583890100008,22.553306077000116],[89.24388096700005,22.566973207000103],[89.25834668700003,22.569935807000093],[89.26060709400014,22.57229942000015],[89.2646177200001,22.587516507000032],[89.26507834900013,22.59861612400016],[89.2576336300001,22.606059241000025],[89.2449621240001,22.606905733000076],[89.24401157200009,22.614439572000038],[89.24860175200013,22.61783056200011],[89.25880590700001,22.61788253700007],[89.25818136500004,22.624455922000095],[89.24357280200007,22.63500636100008],[89.25012067900013,22.646175134000032],[89.25019445499998,22.652980051000043],[89.25358932000017,22.658476653000093],[89.26186190800018,22.656794130000094],[89.26615618900013,22.647473405000085],[89.26337309500008,22.634524918000125],[89.26543127100001,22.62988896400003],[89.27724362000015,22.627373754000132],[89.27984497600005,22.633932382000125],[89.30137514700004,22.645958453000162],[89.30319988500003,22.648859330000107],[89.29348385400004,22.654051631000073],[89.27832409600018,22.65868141300018],[89.26149980100018,22.668268128000136],[89.26416755700012,22.680497866000053],[89.26038540500014,22.69415168400019],[89.26037010000005,22.71618807900012],[89.26528176500011,22.71305582500014],[89.26436039600014,22.696470053999974],[89.27571621100014,22.694543153000154],[89.28659799600013,22.696205445000032],[89.29835504600004,22.682693656000026],[89.30579408900013,22.687018675],[89.30872218200017,22.695525759000077],[89.30528049500009,22.709824051000112],[89.31001386100019,22.71622900900013],[89.31592135000005,22.714005091],[89.32716479000004,22.718951979000053],[89.33177237299998,22.728328954000062],[89.32163106400014,22.737787017000073],[89.3214975050002,22.742958014000067],[89.31144597000014,22.74950930200015],[89.31211029400004,22.760806992000028],[89.30960386500004,22.765964709],[89.30007492700014,22.770942362000028],[89.300305493,22.782131856000035],[89.29841266300008,22.788059877000137],[89.28658776200018,22.791125751000152],[89.27918935500009,22.789434239000173],[89.26919716200013,22.792370338000183],[89.26573415100006,22.796705301000145],[89.26768927800009,22.802409477000083],[89.2665111180001,22.810760845000118],[89.26217131100015,22.813112013000136],[89.25603416400008,22.808402067000145],[89.2492764340002,22.80928273000012],[89.24602770100006,22.815893184000117],[89.25132248199998,22.81877486700006],[89.2571678160001,22.832569821000163],[89.25386536700017,22.836928663000037],[89.24662680900008,22.836008207000077]]]},"properties":{"adm2_name":"Satkhira","adm2_pcode":"BD4087","adm1_pcode":"BD40"}},
{"type":"Feature","geometry":{"type":"Polygon","coordinates":[[[89.82566675100009,25.41529727600016],[89.79540053800008,25.42389707700005],[89.7862936590002,25.430688620000183],[89.76671050000016,25.435092817000168],[89.76509569500007,25.429115125000123],[89.77236442000009,25.423909179000134],[89.769565145,25.417199645000096],[89.77764805600009,25.41501090200012],[89.78024083300011,25.408828874],[89.77691700600019,25.38758173000008],[89.77128186000004,25.384826958000076],[89.74832413000013,25.382563440000183],[89.74070027500005,25.375283266000167],[89.73838940900015,25.36991316400014],[89.73056216300017,25.36263168500011],[89.7193692130001,25.35613810100017],[89.72904321100009,25.34080645500012],[89.73641763300009,25.321180478000088],[89.74292237700007,25.31937156600003],[89.74422611900007,25.302624125000136],[89.7564397880002,25.28143172800003],[89.75157276800019,25.26986696100016],[89.75162645500006,25.251732977000074],[89.74041674700004,25.250318681000124],[89.7354067010001,25.233711070000084],[89.7174551060001,25.235682689000043],[89.70104409700014,25.232093115000055],[89.69478665700007,25.216624181000043],[89.68602355100012,25.2048342490001],[89.67594962400011,25.183384773000114],[89.67423238200013,25.17288046200008],[89.66552507900013,25.15988379700002],[89.65290235200013,25.14473041300016],[89.64878387300013,25.120988127000032],[89.65041615300004,25.106307833000017],[89.64573749700014,25.106098050000185],[89.64346017899999,25.095458759000167],[89.63911071400014,25.090092940000034],[89.64469237300017,25.08227212600002],[89.65343185400002,25.07817371700014],[89.65344579300006,25.07006921500016],[89.65635453900018,25.06164592000016],[89.65550063000018,25.04666114600019],[89.64838320000013,25.042848890000073],[89.65752608600008,25.018234642000095],[89.66157323000004,25.003214104],[89.66125664700007,24.987993900000106],[89.67302343000011,24.97475262400019],[89.67747455500012,24.964836188],[89.67962088200011,24.945724334000033],[89.67593273500006,24.939663286000155],[89.67449056200019,24.93026782400011],[89.67692016300003,24.921366197000168],[89.68467628200011,24.918258037000044],[89.68750676400015,24.90707219600006],[89.68262364700018,24.906481634000045],[89.67544607200006,24.8979543640001],[89.66381531300004,24.89354174800019],[89.66998488100018,24.883578382000053],[89.67189707,24.8701600550001],[89.68271224000011,24.851692104],[89.68621303400005,24.83818883200007],[89.69468154700007,24.82863780600013],[89.70808036100004,24.81683591100017],[89.72984313300003,24.804885554],[89.7480049190001,24.80257588700016],[89.75018658700014,24.797109866000085],[89.73304077199998,24.795474951000074],[89.72108423900005,24.78008968300003],[89.73909145100015,24.767429902000174],[89.74458962900013,24.77020747800009],[89.74607870200015,24.776238405000015],[89.76121066700011,24.76828639300004],[89.77446755,24.77459725600005],[89.78167958800009,24.768606628000157],[89.78495036200013,24.758475944000054],[89.78366874300008,24.750542314000143],[89.7795435760001,24.745891934000156],[89.79115065700006,24.74174058],[89.78906281500014,24.729269845000147],[89.77463986100014,24.726022407000073],[89.77579216999999,24.718925465000098],[89.78109677100008,24.712566170000173],[89.79497876200014,24.70494295800006],[89.79046552200015,24.69855602800004],[89.7918792530001,24.688291525000125],[89.7979695190001,24.687419276000185],[89.79995713900007,24.679402021000044],[89.785510209,24.67168503700009],[89.78758416300019,24.66698937000018],[89.78573350900018,24.636952588000042],[89.788005053,24.6282584760001],[89.76989883100009,24.625217606000035],[89.76723076200005,24.615127571000187],[89.77359450800009,24.601594520000162],[89.77958704800011,24.597083129],[89.78416562000007,24.58112199200019],[89.78916288300007,24.57469137200013],[89.79469606100014,24.571148983000057],[89.80713732000004,24.571614743000055],[89.811876321,24.578550208000024],[89.81697316800012,24.579391908000048],[89.81709386600016,24.586180979000176],[89.82318661400012,24.59879404800006],[89.83011583200005,24.60716523900004],[89.82636825200012,24.611125183000127],[89.83025515500015,24.615785997000103],[89.84100267500014,24.620383497000034],[89.8492804010001,24.621883855000135],[89.85118493400017,24.626375043000166],[89.84170561900004,24.637343169000133],[89.84431739700011,24.649965161000125],[89.86181367600011,24.64924845500019],[89.86848105600006,24.65360957300004],[89.86509463700008,24.66351379400004],[89.87650517400016,24.679929279000135],[89.88170644100018,24.676413452000077],[89.88952048300013,24.675669792],[89.89715207500006,24.68260460600004],[89.89643904600013,24.69053210600015],[89.89179360100007,24.701989738000123],[89.87887814000004,24.71174510600008],[89.87927912900005,24.726850476000095],[89.8778690920002,24.73861725200004],[89.88739933100015,24.747186474000102],[89.8940381230002,24.740959652000072],[89.90900265000016,24.74011601700016],[89.91427079400012,24.748662821000153],[89.92186190300015,24.749068868999984],[89.92559760800009,24.756650361000084],[89.93121052300006,24.75874380800019],[89.93726725400018,24.754950747000123],[89.94062732200018,24.745446681000146],[89.95662234800005,24.744479300000137],[89.96043633900007,24.737388352000153],[89.95621571200019,24.735359627000093],[89.96406309500014,24.72634917500011],[89.96955994400008,24.723324105000074],[89.98203728900017,24.724734738000166],[89.99074548200008,24.728149690000123],[89.99136409400012,24.736243168999977],[89.99740800800015,24.740305689000024],[89.99788464800014,24.74573339500006],[90.00896359600006,24.746574274000125],[90.01516558300011,24.75062172500003],[90.02317989200003,24.76527996200008],[90.021191127,24.772191373000055],[90.0301510590001,24.779534595000086],[90.04914993699998,24.775838892000138],[90.05528546300013,24.780788197000106],[90.06848816700011,24.781929231000163],[90.07777932700003,24.787018864],[90.08949953600018,24.790871284000104],[90.09704154800016,24.785698069999967],[90.10617645400015,24.78265282400008],[90.1143341630002,24.78849912400011],[90.12256466100013,24.78961249700012],[90.1413813740001,24.77990528500004],[90.14499814700014,24.79019980400011],[90.15113540400017,24.793119883000088],[90.15948212700005,24.792278083000042],[90.16174566,24.79715482300014],[90.15938524000012,24.803649963000055],[90.16287025700007,24.806478429000094],[90.16142071900003,24.81482717700004],[90.16585986600006,24.818762221000043],[90.16995276800014,24.828007914000068],[90.1822226340002,24.828822082999977],[90.18858250800008,24.842943601000115],[90.18876025100013,24.85266325400005],[90.19265005000017,24.85797091300003],[90.19010053900018,24.86543171600016],[90.19303917700012,24.872908051000138],[90.1998982360002,24.880882612000107],[90.19297203100007,24.886617561000094],[90.18266620200012,24.893950259000178],[90.17097416000013,24.894318587999976],[90.15731827700006,24.89987019400013],[90.15684457900016,24.908772427000144],[90.1484504020001,24.907336016000045],[90.13588371700007,24.899932295000042],[90.12797397300005,24.900899880000054],[90.12438998000005,24.904851410000163],[90.11263371300015,24.90597015000003],[90.10166896100014,24.90402646700005],[90.07974958900019,24.906439048000095],[90.06967702100008,24.90363843500006],[90.05076273700007,24.90826553000005],[90.03828143300012,24.906862645000047],[90.01577102300013,24.90924969300005],[90.00602562100005,24.91266318600009],[89.99910738300014,24.920692450000104],[89.98420337600004,24.916876504000186],[89.97539552500001,24.920322688000056],[89.95616923900013,24.92453535800007],[89.94480382500018,24.933012912000038],[89.9453513260001,24.940871625000057],[89.9423134480001,24.95604275000005],[89.92922169200011,24.960610399000075],[89.918111507,24.95882329900013],[89.91728024200006,24.95087835400011],[89.90859817400008,24.951323311000067],[89.90307242699998,24.96386773400019],[89.91102316200016,24.961035083000183],[89.91056322100019,24.981609104000142],[89.90711927500018,24.98677730300011],[89.90071787300008,24.989347079000083],[89.89322603900013,25.006808005000096],[89.89321439500003,25.017532162],[89.88340851600009,25.01742830900008],[89.88752308400018,25.03450849000012],[89.90833859000008,25.032911623000018],[89.90800620100003,25.04323951700013],[89.91577076100015,25.048982480000063],[89.92572147100014,25.059319695000113],[89.91845760700005,25.062586804000034],[89.91412301900004,25.070718058000068],[89.91688678300011,25.078656775000127],[89.91631628300013,25.088097872000162],[89.90633830700006,25.09949576800011],[89.903340851,25.106716355000117],[89.89551717000006,25.11706132300003],[89.89790186900012,25.12360924400008],[89.89573820600009,25.12956192700011],[89.900139975,25.132804470999986],[89.89854168600004,25.140682022000135],[89.90070178900015,25.157826394000097],[89.90429976000001,25.16668394000004],[89.91079342400013,25.17322024500004],[89.90263583900014,25.180981008000117],[89.89438951300014,25.18018571600004],[89.88678981800007,25.182661326000016],[89.89020731300013,25.202234723000117],[89.89034527200005,25.214783161000128],[89.89957481700014,25.225651532000086],[89.90252179900011,25.239005544000122],[89.90254093700008,25.26207468100006],[89.90620988200016,25.26947482500003],[89.91273619000015,25.27034803900017],[89.9179997980001,25.263695385000062],[89.92793865900006,25.263763787000016],[89.9281473600002,25.27721746000003],[89.93196990300004,25.28228875500014],[89.93172352500005,25.289816072000065],[89.94062777200008,25.29090146900012],[89.94738639500014,25.295017907000158],[89.94530105000018,25.303484571000126],[89.93902500100006,25.299136075000035],[89.92840622100005,25.30112031800013],[89.92286675000008,25.304420511000103],[89.90876877900007,25.30820987700008],[89.90068566700006,25.305466092000188],[89.88447692600016,25.28801822300011],[89.87579912600017,25.28556158800012],[89.83944020000007,25.29273301300009],[89.83085563000014,25.296216046999973],[89.84106695800006,25.30833080100018],[89.84120443600006,25.315280064000035],[89.83335874500006,25.33016975700002],[89.82669012100001,25.34627726500014],[89.82285559200011,25.348243642000057],[89.82027475700016,25.36319975500004],[89.81972503300017,25.38117451],[89.82671634400015,25.399966537000125],[89.82566675100009,25.41529727600016]]]},"properties":{"adm2_name":"Jamalpur","adm2_pcode":"BD4539","adm1_pcode":"BD45"}},
{"type":"Feature","geometry":{"type":"Polygon","coordinates":[[[90.618001328,25.172808982],[90.60982781900009,25.178848198000026],[90.58607437000018,25.17328426299997],[90.57838849600017,25.17391277100012],[90.55423064700017,25.17167304700007],[90.5451301600001,25.173598757000093],[90.52517582900009,25.173474486000032],[90.51010724700018,25.169833648000065],[90.49936183900013,25.171574823000128],[90.49826677700014,25.167970764000074],[90.48575857500009,25.16106322400003],[90.46208400400013,25.153693178000026],[90.45068260600004,25.15190410600013],[90.44912211800005,25.14471361000011],[90.44109249100012,25.14414396400008],[90.41434255899998,25.152868150000188],[90.40590054600005,25.159163388000024],[90.37214661900009,25.161825835000116],[90.34534697400005,25.178511919000186],[90.33703993100005,25.188232372000186],[90.32944304100016,25.193080942999984],[90.31677169900013,25.192191994999973],[90.31007771900016,25.188264243000106],[90.28431097700019,25.195592558000044],[90.26650254200007,25.197398154000098],[90.26612200500011,25.18796546300007],[90.25978913100016,25.162990373000014],[90.26589620300012,25.162048455000104],[90.26381462600011,25.154251930999976],[90.26982243400016,25.15006825100005],[90.27001249900019,25.137524052000174],[90.26553589700012,25.120545139000114],[90.26689953100015,25.10167418000009],[90.26301894400018,25.097272415000134],[90.27537096200007,25.094068861999972],[90.28157059500012,25.09452425300009],[90.281270114,25.087898120000148],[90.28706293200003,25.082665492000103],[90.29703563100014,25.090836904000128],[90.306046643,25.09138301900009],[90.30833641300012,25.083841111000083],[90.30480849400016,25.080327677000184],[90.2965584980002,25.080858701000068],[90.28888923000017,25.07787285],[90.29247158800013,25.06791003400008],[90.28637848400007,25.06822884500008],[90.28162614700005,25.05714319499998],[90.26397391200015,25.05149514300001],[90.2605189840001,25.05446114300014],[90.26279360200016,25.062285872000132],[90.25617839600011,25.06546614500013],[90.25103192500018,25.061237157000164],[90.24911289400012,25.053615996000076],[90.24073718400007,25.05102757200018],[90.23329949100008,25.04291963600008],[90.23654725300003,25.03074289099999],[90.23523658200003,25.023578948000136],[90.24106189200012,25.020896437000147],[90.2431004990001,25.01324387600016],[90.24120373100004,24.998030726000138],[90.23552525100001,24.984591501000068],[90.22853145500011,24.976062691000152],[90.23049529000014,24.966744941000115],[90.2539583900001,24.95780890200018],[90.25828134300014,24.947442808000062],[90.24949125800015,24.945229362000077],[90.23720444500009,24.9482545300001],[90.23227844300015,24.941924708000045],[90.23697444600015,24.93395521800005],[90.24737551100014,24.926461718000155],[90.23932153200019,24.901792743000158],[90.24137097800008,24.896729731999983],[90.23492394300018,24.888442632000192],[90.22216548000017,24.883111193000047],[90.20897964500011,24.883310856000094],[90.19297203100007,24.886617561000094],[90.1998982360002,24.880882612000107],[90.19303917700012,24.872908051000138],[90.19010053900018,24.86543171600016],[90.19265005000017,24.85797091300003],[90.18876025100013,24.85266325400005],[90.18858250800008,24.842943601000115],[90.1822226340002,24.828822082999977],[90.16995276800014,24.828007914000068],[90.16585986600006,24.818762221000043],[90.16142071900003,24.81482717700004],[90.16287025700007,24.806478429000094],[90.15938524000012,24.803649963000055],[90.16174566,24.79715482300014],[90.15948212700005,24.792278083000042],[90.15113540400017,24.793119883000088],[90.14499814700014,24.79019980400011],[90.1413813740001,24.77990528500004],[90.12256466100013,24.78961249700012],[90.1143341630002,24.78849912400011],[90.10617645400015,24.78265282400008],[90.09704154800016,24.785698069999967],[90.08949953600018,24.790871284000104],[90.07777932700003,24.787018864],[90.08082053800007,24.78524033400015],[90.09339820300005,24.767569045000016],[90.09348773699998,24.75866721400007],[90.08995022300007,24.74396176700003],[90.09168215300019,24.737272967000138],[90.10967543700019,24.73667835900011],[90.13043936600019,24.737957738000034],[90.135495306,24.73415780800019],[90.13402068000005,24.726678875000175],[90.12902465600018,24.717613460000166],[90.1338366980001,24.709801580000033],[90.13718117900015,24.699351450000165],[90.1348372760001,24.691873280000095],[90.1428046100001,24.680551760000014],[90.14633155100017,24.661537120000048],[90.14537158300016,24.65452736000003],[90.15038287900018,24.65162873400004],[90.14958188000008,24.643464164000022],[90.15241131800008,24.633991784000045],[90.14808652500005,24.623153765000097],[90.13497844900013,24.616338257000166],[90.13478267600004,24.605642824000086],[90.13006751200015,24.595114097000135],[90.145064294,24.57556943900005],[90.15592655600011,24.572696511],[90.15104057700006,24.56781672000011],[90.15920724200015,24.54524059199997],[90.16471967900014,24.5365597980001],[90.17023908600004,24.53360710000004],[90.17666153500005,24.51827303200014],[90.18587386100006,24.523651596000036],[90.19302870900015,24.51520480400012],[90.20422361400017,24.51277862300003],[90.21063859400016,24.508098190000112],[90.20441486200014,24.503812196000013],[90.21288989500016,24.500298460000067],[90.22292452100015,24.492758354999978],[90.22866588700003,24.48405453900017],[90.23764401900019,24.487409491000108],[90.24591525000005,24.481796625000186],[90.23555412500014,24.476929260000077],[90.22647849300006,24.469995516000154],[90.22393653300009,24.463514551000117],[90.21215979200008,24.463321552000025],[90.21324480000015,24.451908468],[90.22056304100016,24.449221578000106],[90.22219116700006,24.43498595300008],[90.23240393200012,24.42043629500006],[90.24263015100013,24.41414770400013],[90.24883791100018,24.41472469000007],[90.24455992000014,24.397616490000132],[90.23006242800005,24.348743311000135],[90.23410195700006,24.33518034900004],[90.24753864700017,24.333494910000127],[90.24770291200014,24.326404647000118],[90.25406716100014,24.318001283000058],[90.25796165600008,24.304961744000025],[90.25716163200013,24.297057954000138],[90.26419389500012,24.28881982500019],[90.28058235100002,24.287569614000063],[90.28651248600016,24.27825950700003],[90.29353691500006,24.27830122],[90.31071215100008,24.291340063000177],[90.32373991800017,24.299184118000028],[90.33107967700005,24.298450268000067],[90.33915655200013,24.293532683000024],[90.34549914100012,24.293159379000087],[90.35296302600011,24.298956459000124],[90.35866745800013,24.29979209000004],[90.35849233900012,24.28809855100019],[90.36641895600008,24.280991918000097],[90.38743169800011,24.289007479000077],[90.39339174900005,24.280335178000087],[90.40473551900004,24.28415972000016],[90.4095800360002,24.294829093000033],[90.42220442500019,24.308218001000057],[90.428731497,24.309638024000094],[90.4265708150001,24.32421231300009],[90.42961440400018,24.3312052390001],[90.43780761000005,24.340123565000113],[90.45628776100011,24.34084810000013],[90.46349594499998,24.332988999000065],[90.47203701700005,24.329140008000024],[90.48593771300017,24.319330627000113],[90.48915922700013,24.31350612900013],[90.49600855900019,24.31501929700005],[90.51385272800019,24.31178080899997],[90.52319114400012,24.304227798000056],[90.52943281400019,24.30251800500008],[90.52067579600003,24.2898587520001],[90.52253753000002,24.286297629000046],[90.53553398100007,24.28184492500003],[90.54689555700008,24.274743948000037],[90.54449779800018,24.26855229500012],[90.55558612800013,24.260875891000012],[90.56154886000002,24.25979051100012],[90.57095297400008,24.249953861000165],[90.57732389900008,24.24765157800016],[90.58404790500009,24.250055436000082],[90.59062665600004,24.256946041000106],[90.61188717900012,24.268408947000182],[90.62286602200015,24.27158639900017],[90.63230764200011,24.26987883800018],[90.64047496000018,24.26299644800008],[90.65129715300003,24.260889026000143],[90.6507408220001,24.271946065000066],[90.64409314500011,24.278921918000037],[90.64436687000011,24.296920671000066],[90.6417536400001,24.309155938000174],[90.62448555000003,24.337031549000073],[90.62367651900018,24.344052376000036],[90.62819620800013,24.353771957000163],[90.63361097300003,24.359089308000023],[90.63573827300002,24.374056862000145],[90.63922902300004,24.375586565000162],[90.64275943700011,24.384941773000094],[90.64077543600018,24.391396372000088],[90.64365883000016,24.396051148000083],[90.64790300500005,24.41584573900019],[90.63964910300012,24.422663437000097],[90.63475480000011,24.434000405000063],[90.61958129800018,24.43621278400002],[90.5998493800002,24.44425126699997],[90.58760711800016,24.446313341000064],[90.58503578500012,24.453510078000193],[90.57921886000014,24.456991517000063],[90.57592460000006,24.46660903800006],[90.57572968699998,24.482183290000137],[90.58270980800012,24.485266769000077],[90.58365178000008,24.494430653000165],[90.59119185000009,24.497848640000086],[90.60440971500014,24.499141743000052],[90.616550126,24.495956521000096],[90.63147183500018,24.48029320700016],[90.63669799500002,24.47691161000006],[90.64710987600006,24.478206273000126],[90.65132055600014,24.47439984600004],[90.65965994100009,24.473281854000106],[90.6647063420001,24.467109406000077],[90.67897267800015,24.466901488000133],[90.68553276900013,24.48891726200003],[90.68209751100011,24.492188594000027],[90.68279839900003,24.501358943000184],[90.68722567700007,24.50635120700008],[90.6970216970002,24.50910146200016],[90.70269025599998,24.514945479000062],[90.70919593300016,24.498144054000193],[90.71595806900007,24.490336248000062],[90.71833214000014,24.476315254999975],[90.7292938830002,24.476481751999984],[90.74163021100003,24.496927067000115],[90.74299387800016,24.50844190200013],[90.7530759460002,24.50255554400013],[90.75915621500013,24.51042736000005],[90.77440056200015,24.50830662100003],[90.77950085600008,24.51017464900002],[90.79311299400013,24.507742100000144],[90.79863778400005,24.527048545000127],[90.80379405400015,24.52968532699998],[90.80107972400009,24.53666046400008],[90.80686288400005,24.54385448000005],[90.81399701000004,24.559760423000114],[90.80992964200016,24.564214311000057],[90.8193766620002,24.572198575000016],[90.82234353900009,24.579003067000087],[90.82062797700007,24.58595074900012],[90.81647045900013,24.579944889000046],[90.80217192800006,24.577409497000076],[90.79059169800007,24.581681442000104],[90.79675653300006,24.59343894600005],[90.79437089200013,24.605020269000192],[90.7841083150002,24.607386024000107],[90.77990359799998,24.613600888000065],[90.7752630290002,24.607574090000185],[90.75836795400016,24.608531669000115],[90.75894904800009,24.633304125000052],[90.75609968600008,24.635450457],[90.74164882200006,24.635617251000156],[90.73923988200005,24.648839253000062],[90.72193411000012,24.648354413999982],[90.7179041760001,24.650267976000066],[90.70183722200011,24.667579637000074],[90.69800153200003,24.676592433000053],[90.70074469000014,24.685292350000054],[90.70737772000007,24.692171574999975],[90.69735480600013,24.705735752000066],[90.6955443440001,24.713948826000035],[90.70204761300005,24.717097444000103],[90.70944441400019,24.730866485000092],[90.72023029700006,24.729153368000027],[90.72503741100007,24.732850952000092],[90.72261643500013,24.744462880000185],[90.71609194900014,24.74463868800018],[90.71492382500014,24.751232333000132],[90.7041824310001,24.755268097999988],[90.69730640600005,24.75491869800004],[90.6952628140001,24.772222453000097],[90.70455505400014,24.775958463000165],[90.70813118200005,24.76882749000015],[90.72040505700016,24.77170791300017],[90.72104905400005,24.778196373000014],[90.71752170100012,24.78178955300018],[90.70648325700006,24.785018670000056],[90.7054918990001,24.79065411100015],[90.71103893900005,24.797656153000048],[90.7030993370002,24.802455438000038],[90.69878021100004,24.799127233000092],[90.6922757850001,24.801356980000094],[90.67795402500013,24.79962219200013],[90.6741891100001,24.802258868000138],[90.65941164600008,24.793327408000096],[90.64780867000019,24.79146351600008],[90.64299821000003,24.799162470000056],[90.63282666900017,24.798702356000035],[90.62575363000019,24.795605488000092],[90.62079404300005,24.805329572000176],[90.61245411100015,24.807100151000043],[90.60798344500006,24.81369557400012],[90.58374077000019,24.812726488000067],[90.58397879900008,24.82089410600014],[90.57516447000006,24.81496553800008],[90.56723642500015,24.812142009000127],[90.56609185100012,24.818199025000183],[90.58380316799997,24.83175871500015],[90.58970982000005,24.84305848800011],[90.58029667500006,24.84454254999997],[90.57647721100005,24.838443355000095],[90.566865367,24.841758368],[90.56958058600003,24.85089417800009],[90.56849775100005,24.861974427000177],[90.56953233800016,24.87452840400016],[90.56472080100019,24.887375146000124],[90.55480310000019,24.884086691999983],[90.54260807800017,24.88514073300007],[90.53548178699998,24.89105912800011],[90.53352085800003,24.896011789],[90.53967758000016,24.89971266000009],[90.54181293300019,24.907726659000105],[90.5341284050001,24.916968194000162],[90.53433403200017,24.92777296700018],[90.54448660700007,24.938471723000077],[90.52908509600019,24.944751755000084],[90.52722341800018,24.950102394000055],[90.51766022900017,24.945518875000175],[90.51361766000008,24.95193804400003],[90.51857305100003,24.976033369],[90.51214340300004,24.98346321000008],[90.50407020600005,24.986850259000107],[90.5065307390002,24.99685262800017],[90.50354617400006,25.003692352000144],[90.49395046300003,25.003580033000162],[90.49592637,25.01163124800013],[90.50240201900016,25.014610011000116],[90.50362532700012,25.021182145000125],[90.51041803800001,25.024812392000058],[90.52816718300016,25.02437561100004],[90.53463769900014,25.014111537000076],[90.53941999900007,25.012297647000082],[90.54521308700015,25.01566707500018],[90.54448611700019,25.026813750000088],[90.53752231400017,25.027762494000058],[90.53514318200013,25.036262288000103],[90.54610139300007,25.03219694800015],[90.54974838400011,25.041914168000176],[90.55824210800017,25.045519635000176],[90.55880118000005,25.036543212000026],[90.56700454000008,25.0334800600001],[90.57406569100016,25.0363947190001],[90.58594466400007,25.028599973000155],[90.59341447100007,25.036074884000016],[90.59841992200006,25.029369811000095],[90.60475750900014,25.03016821300008],[90.60614616600003,25.048142718],[90.61416434200015,25.05563009400015],[90.60696044500014,25.074836370000128],[90.5993257040002,25.07207691100018],[90.59821222900018,25.066491405000022],[90.59202738300002,25.06214082000008],[90.59003032200008,25.0691453070001],[90.59560343100014,25.076623039000083],[90.59150953699998,25.08282091500007],[90.60034286000018,25.093595149000123],[90.60665696100011,25.105293500000073],[90.60321462900004,25.11751018400014],[90.61477381700001,25.132232257000112],[90.61362209600003,25.138610373000063],[90.61571491100011,25.152886316999968],[90.61898840600014,25.156163804000187],[90.618001328,25.172808982]]]},"properties":{"adm2_name":"Mymensingh","adm2_pcode":"BD4561","adm1_pcode":"BD45"}},
{"type":"Feature","geometry":{"type":"Polygon","coordinates":[[[90.9624543320001,25.17202139400007],[90.95530619200002,25.171905774000095],[90.927667789,25.163848360000088],[90.9041601830001,25.163178824000113],[90.89490345500019,25.165907999000012],[90.882288727,25.16717344900013],[90.8728745050002,25.161397994000026],[90.86092875600008,25.159169741000085],[90.84520572700006,25.15928629100017],[90.84274559400018,25.162069218000113],[90.81863137700009,25.16363581900015],[90.80410295300004,25.167295960000047],[90.80335601600012,25.173219386000028],[90.79750030800005,25.175253527000052],[90.79370525000013,25.181382936000148],[90.78690726000002,25.17913908700018],[90.77395352100018,25.182149036999988],[90.76267202800011,25.17769469200016],[90.75795519600013,25.168063196000105],[90.74929851000007,25.166906226000094],[90.7379447510001,25.15635026200016],[90.72763644900004,25.15738784700011],[90.7252046690001,25.162796591000188],[90.71751568200011,25.163589224000134],[90.70995661000012,25.167772896000088],[90.70712239000011,25.161643498000046],[90.6991476770001,25.15660173300006],[90.69131048700018,25.162973404000127],[90.68294395600009,25.163754991000076],[90.6814102730001,25.169442229000083],[90.67365952800014,25.17470635300009],[90.67013834800014,25.166274318000035],[90.66614484300004,25.166010137000114],[90.66503834800005,25.185193610000113],[90.65287838200004,25.186911634000182],[90.65092815800017,25.181763815000124],[90.64079808200006,25.18365025200012],[90.63956374000009,25.174259345000053],[90.62082972899998,25.174079481000092],[90.618001328,25.172808982],[90.61898840600014,25.156163804000187],[90.61571491100011,25.152886316999968],[90.61362209600003,25.138610373000063],[90.61477381700001,25.132232257000112],[90.60321462900004,25.11751018400014],[90.60665696100011,25.105293500000073],[90.60034286000018,25.093595149000123],[90.59150953699998,25.08282091500007],[90.59560343100014,25.076623039000083],[90.59003032200008,25.0691453070001],[90.59202738300002,25.06214082000008],[90.59821222900018,25.066491405000022],[90.5993257040002,25.07207691100018],[90.60696044500014,25.074836370000128],[90.61416434200015,25.05563009400015],[90.60614616600003,25.048142718],[90.60475750900014,25.03016821300008],[90.59841992200006,25.029369811000095],[90.59341447100007,25.036074884000016],[90.58594466400007,25.028599973000155],[90.57406569100016,25.0363947190001],[90.56700454000008,25.0334800600001],[90.55880118000005,25.036543212000026],[90.55824210800017,25.045519635000176],[90.54974838400011,25.041914168000176],[90.54610139300007,25.03219694800015],[90.53514318200013,25.036262288000103],[90.53752231400017,25.027762494000058],[90.54448611700019,25.026813750000088],[90.54521308700015,25.01566707500018],[90.53941999900007,25.012297647000082],[90.53463769900014,25.014111537000076],[90.52816718300016,25.02437561100004],[90.51041803800001,25.024812392000058],[90.50362532700012,25.021182145000125],[90.50240201900016,25.014610011000116],[90.49592637,25.01163124800013],[90.49395046300003,25.003580033000162],[90.50354617400006,25.003692352000144],[90.5065307390002,24.99685262800017],[90.50407020600005,24.986850259000107],[90.51214340300004,24.98346321000008],[90.51857305100003,24.976033369],[90.51361766000008,24.95193804400003],[90.51766022900017,24.945518875000175],[90.52722341800018,24.950102394000055],[90.52908509600019,24.944751755000084],[90.54448660700007,24.938471723000077],[90.53433403200017,24.92777296700018],[90.5341284050001,24.916968194000162],[90.54181293300019,24.907726659000105],[90.53967758000016,24.89971266000009],[90.53352085800003,24.896011789],[90.53548178699998,24.89105912800011],[90.54260807800017,24.88514073300007],[90.55480310000019,24.884086691999983],[90.56472080100019,24.887375146000124],[90.56953233800016,24.87452840400016],[90.56849775100005,24.861974427000177],[90.56958058600003,24.85089417800009],[90.566865367,24.841758368],[90.57647721100005,24.838443355000095],[90.58029667500006,24.84454254999997],[90.58970982000005,24.84305848800011],[90.58380316799997,24.83175871500015],[90.56609185100012,24.818199025000183],[90.56723642500015,24.812142009000127],[90.57516447000006,24.81496553800008],[90.58397879900008,24.82089410600014],[90.58374077000019,24.812726488000067],[90.60798344500006,24.81369557400012],[90.61245411100015,24.807100151000043],[90.62079404300005,24.805329572000176],[90.62575363000019,24.795605488000092],[90.63282666900017,24.798702356000035],[90.64299821000003,24.799162470000056],[90.64780867000019,24.79146351600008],[90.65941164600008,24.793327408000096],[90.6741891100001,24.802258868000138],[90.67795402500013,24.79962219200013],[90.6922757850001,24.801356980000094],[90.69878021100004,24.799127233000092],[90.7030993370002,24.802455438000038],[90.71103893900005,24.797656153000048],[90.7054918990001,24.79065411100015],[90.70648325700006,24.785018670000056],[90.71752170100012,24.78178955300018],[90.72104905400005,24.778196373000014],[90.72040505700016,24.77170791300017],[90.70813118200005,24.76882749000015],[90.70455505400014,24.775958463000165],[90.6952628140001,24.772222453000097],[90.69730640600005,24.75491869800004],[90.7041824310001,24.755268097999988],[90.71492382500014,24.751232333000132],[90.71609194900014,24.74463868800018],[90.72261643500013,24.744462880000185],[90.72503741100007,24.732850952000092],[90.72023029700006,24.729153368000027],[90.70944441400019,24.730866485000092],[90.70204761300005,24.717097444000103],[90.6955443440001,24.713948826000035],[90.69735480600013,24.705735752000066],[90.70737772000007,24.692171574999975],[90.70074469000014,24.685292350000054],[90.69800153200003,24.676592433000053],[90.70183722200011,24.667579637000074],[90.7179041760001,24.650267976000066],[90.72193411000012,24.648354413999982],[90.73923988200005,24.648839253000062],[90.74164882200006,24.635617251000156],[90.75609968600008,24.635450457],[90.75894904800009,24.633304125000052],[90.75836795400016,24.608531669000115],[90.7752630290002,24.607574090000185],[90.77990359799998,24.613600888000065],[90.7841083150002,24.607386024000107],[90.79437089200013,24.605020269000192],[90.79675653300006,24.59343894600005],[90.79059169800007,24.581681442000104],[90.80217192800006,24.577409497000076],[90.81647045900013,24.579944889000046],[90.82062797700007,24.58595074900012],[90.83923019700018,24.583092122000153],[90.84540954300007,24.58566750400007],[90.85274462700016,24.59862165000004],[90.86343043700003,24.601297102000046],[90.8656543300001,24.59576644900011],[90.88181276900008,24.594343819000187],[90.8879636600002,24.60157430600009],[90.90089260100012,24.59915849400005],[90.908421986,24.596058563000156],[90.9169227320001,24.599886675000164],[90.91477776400012,24.613740942000106],[90.92811133300012,24.615083972000036],[90.93343553500011,24.61205282000003],[90.9363350480001,24.602882115],[90.94759562000013,24.607666219000066],[90.95137487300008,24.60396008700002],[90.96150257300019,24.612461374000077],[90.96687024300019,24.607256891000134],[90.97762170500016,24.60147776800011],[90.98617714699998,24.607210629000065],[90.99405133500011,24.603435928000124],[91.00471414200013,24.603920511000126],[91.01038688300008,24.607458670000085],[91.01970989400013,24.605291651000073],[91.02228676200014,24.608947374000138],[91.02147430900015,24.618751108000026],[91.03043923300015,24.630969307000157],[91.04289341500015,24.62559606100018],[91.03672201600011,24.619972038000185],[91.03945557400016,24.61261131400005],[91.04589164200013,24.612824089000185],[91.06266727900004,24.620529243000192],[91.07339006200004,24.622069572000157],[91.09731087200004,24.603061668000066],[91.10547631499998,24.602514271000132],[91.10443182500006,24.610179770000116],[91.11721242700008,24.60866313000008],[91.1258849150002,24.614249273000155],[91.12953670899998,24.612603201000184],[91.13493742700012,24.62600880800011],[91.12952280700011,24.63235503600015],[91.1308387790001,24.64533533600013],[91.14262417300017,24.638337996000075],[91.14638904700013,24.64186051700011],[91.15535489700017,24.642428515000063],[91.16066163600004,24.636669191000124],[91.16632403000011,24.636083554000095],[91.17481309400011,24.64446980500003],[91.18439625300016,24.63935797700003],[91.19308423900009,24.64136623400003],[91.19461677700008,24.632192949000114],[91.20762280100007,24.639494388],[91.20887695500011,24.651171645000147],[91.21247551000005,24.655213011000058],[91.22490087200015,24.655532140000048],[91.23158251000018,24.65857712200011],[91.23301425199998,24.670410643000025],[91.2262175350001,24.671204503000126],[91.2244031800002,24.67894909600011],[91.23385774600018,24.675663762000056],[91.24341259100015,24.683102497000107],[91.24250965600015,24.694018306000146],[91.23587036600009,24.695111582000152],[91.22154880700003,24.70384129400003],[91.22649508100017,24.706254870000066],[91.22977556400008,24.72680530000008],[91.22155208900011,24.723423025000102],[91.21328709500017,24.716223142000047],[91.19321565700017,24.718090863000157],[91.18563486400006,24.72584241900006],[91.17710000000017,24.729562362000138],[91.16986824500015,24.730084017000024],[91.16389096600005,24.71912949],[91.16037697500019,24.723518314000046],[91.15031654600011,24.726100087000077],[91.15213557100003,24.733138093000093],[91.14676157200012,24.742736166000157],[91.1514235790001,24.749565000000132],[91.158848653,24.74389775700007],[91.15913366300015,24.752571309000075],[91.14577685799998,24.762399574000142],[91.16823801600003,24.77620925800005],[91.17121556600017,24.780671712000128],[91.16943833600004,24.791955201000178],[91.16077065800016,24.792964069000163],[91.16111545299998,24.797591594000153],[91.17082045000018,24.806541555000024],[91.17255260900004,24.814454149000085],[91.17059068100008,24.82880928100019],[91.16386528600003,24.831111008000107],[91.15471264500013,24.840288115000135],[91.14558972500004,24.831258231000106],[91.14290132100018,24.82458522600018],[91.14949709600012,24.81987512],[91.15272271100014,24.811734465000143],[91.14320508700013,24.80276381600015],[91.14194046400019,24.797940713000173],[91.13293368400014,24.79348279900006],[91.13104878100006,24.80081671199997],[91.1185190990002,24.807769314000097],[91.11321944600019,24.818824409000058],[91.11781025300019,24.83527927500012],[91.12396485800002,24.846947484],[91.11399228900012,24.848663401000124],[91.10886517000017,24.862111339000137],[91.10250352300005,24.86665094500006],[91.10797777700003,24.874243164000177],[91.10128278400003,24.885846779000076],[91.09182037000011,24.890526199000192],[91.08770638500016,24.889897039000175],[91.07447344900004,24.902921874000015],[91.05796797500005,24.90350942100008],[91.05443422900004,24.900777966000135],[91.0460553440002,24.907787974000144],[91.03770807600017,24.905153015000167],[91.03927594000004,24.89973072500004],[91.03024307300007,24.89008132100014],[91.02341982900003,24.88809645600014],[91.01519456800008,24.89388462100004],[91.00606535500015,24.89184238600012],[90.99877389700009,24.89400221000011],[90.99669860400007,24.91034516700006],[90.99445484500012,24.913433951],[90.98092964900013,24.916754132],[90.96870771800008,24.914394596000022],[90.96325552800016,24.910508477000064],[90.95446627000018,24.918204686000138],[90.95524970600019,24.94185594300012],[90.9631903340001,24.941227903000026],[90.96997838200008,24.947701503000076],[90.97255472000006,24.960293267999987],[90.95979360400008,24.97250150600007],[90.94868765700016,24.971092160000183],[90.94435537400011,24.975205494000193],[90.9454385630001,24.98203908500011],[90.94138083200016,24.990174034],[90.94769039800013,24.99557248100001],[90.94803953100018,25.005076892000147],[90.94129885100006,25.004449214000033],[90.93679999400007,25.00942847700003],[90.93539821900015,25.023303316000067],[90.93885359500007,25.02797050600003],[90.94505050300012,25.028524971000024],[90.95638155500012,25.03675579600008],[90.95188518900005,25.043166789000168],[90.93885162300006,25.04382540300014],[90.92950706500017,25.05235003900009],[90.93074146800006,25.06378727400005],[90.93552955000007,25.06453692200006],[90.93361544800018,25.073604037000052],[90.94404616600008,25.08106925200019],[90.95631958400003,25.069888055000092],[90.962380064,25.072609868000143],[90.96682226900015,25.069580727000016],[90.97371732600016,25.07233952300004],[90.96946843300003,25.080390636000175],[90.97148878600018,25.094453169000076],[90.96507298100016,25.095741209000096],[90.9480429100002,25.111649308000153],[90.95658627700016,25.12004890300011],[90.95760208900003,25.127733759000023],[90.94956542100016,25.13852906799997],[90.95177801300008,25.149854439000137],[90.95971737700006,25.149148522000075],[90.96794442400017,25.160791188000076],[90.9624543320001,25.17202139400007]]]},"properties":{"adm2_name":"Netrakona","adm2_pcode":"BD4572","adm1_pcode":"BD45"}},
{"type":"Feature","geometry":{"type":"Polygon","coordinates":[[[90.26650254200007,25.197398154000098],[90.2386156390001,25.204775383000026],[90.22821865200007,25.200436655000033],[90.22227582300013,25.206117094000092],[90.21569767700015,25.205779146000054],[90.20839334900012,25.210025485000074],[90.20015024000008,25.21028032000015],[90.17300232200006,25.222027620000063],[90.1223980100001,25.224928885000054],[90.11750382400015,25.223031857000137],[90.1090163180001,25.226779402000147],[90.09336933200007,25.238355112000136],[90.08241062200017,25.24049967100018],[90.07489610700003,25.2441611430001],[90.06077111700017,25.254367902000013],[90.0570772530001,25.260200998000016],[90.03687682900005,25.261428057000046],[90.02654349900007,25.266998528000045],[90.0230609460001,25.273238681000066],[90.01476534100004,25.275026582000123],[90.00680454300004,25.28039570300018],[89.99981200700017,25.277144763000138],[89.98283895700007,25.28121441000019],[89.98230939700011,25.289953918000094],[89.97877741500008,25.297370001000104],[89.96791149400013,25.304524943000047],[89.95431065900004,25.300369217000082],[89.94738639500014,25.295017907000158],[89.94062777200008,25.29090146900012],[89.93172352500005,25.289816072000065],[89.93196990300004,25.28228875500014],[89.9281473600002,25.27721746000003],[89.92793865900006,25.263763787000016],[89.9179997980001,25.263695385000062],[89.91273619000015,25.27034803900017],[89.90620988200016,25.26947482500003],[89.90254093700008,25.26207468100006],[89.90252179900011,25.239005544000122],[89.89957481700014,25.225651532000086],[89.89034527200005,25.214783161000128],[89.89020731300013,25.202234723000117],[89.88678981800007,25.182661326000016],[89.89438951300014,25.18018571600004],[89.90263583900014,25.180981008000117],[89.91079342400013,25.17322024500004],[89.90429976000001,25.16668394000004],[89.90070178900015,25.157826394000097],[89.89854168600004,25.140682022000135],[89.900139975,25.132804470999986],[89.89573820600009,25.12956192700011],[89.89790186900012,25.12360924400008],[89.89551717000006,25.11706132300003],[89.903340851,25.106716355000117],[89.90633830700006,25.09949576800011],[89.91631628300013,25.088097872000162],[89.91688678300011,25.078656775000127],[89.91412301900004,25.070718058000068],[89.91845760700005,25.062586804000034],[89.92572147100014,25.059319695000113],[89.91577076100015,25.048982480000063],[89.90800620100003,25.04323951700013],[89.90833859000008,25.032911623000018],[89.88752308400018,25.03450849000012],[89.88340851600009,25.01742830900008],[89.89321439500003,25.017532162],[89.89322603900013,25.006808005000096],[89.90071787300008,24.989347079000083],[89.90711927500018,24.98677730300011],[89.91056322100019,24.981609104000142],[89.91102316200016,24.961035083000183],[89.90307242699998,24.96386773400019],[89.90859817400008,24.951323311000067],[89.91728024200006,24.95087835400011],[89.918111507,24.95882329900013],[89.92922169200011,24.960610399000075],[89.9423134480001,24.95604275000005],[89.9453513260001,24.940871625000057],[89.94480382500018,24.933012912000038],[89.95616923900013,24.92453535800007],[89.97539552500001,24.920322688000056],[89.98420337600004,24.916876504000186],[89.99910738300014,24.920692450000104],[90.00602562100005,24.91266318600009],[90.01577102300013,24.90924969300005],[90.03828143300012,24.906862645000047],[90.05076273700007,24.90826553000005],[90.06967702100008,24.90363843500006],[90.07974958900019,24.906439048000095],[90.10166896100014,24.90402646700005],[90.11263371300015,24.90597015000003],[90.12438998000005,24.904851410000163],[90.12797397300005,24.900899880000054],[90.13588371700007,24.899932295000042],[90.1484504020001,24.907336016000045],[90.15684457900016,24.908772427000144],[90.15731827700006,24.89987019400013],[90.17097416000013,24.894318587999976],[90.18266620200012,24.893950259000178],[90.19297203100007,24.886617561000094],[90.20897964500011,24.883310856000094],[90.22216548000017,24.883111193000047],[90.23492394300018,24.888442632000192],[90.24137097800008,24.896729731999983],[90.23932153200019,24.901792743000158],[90.24737551100014,24.926461718000155],[90.23697444600015,24.93395521800005],[90.23227844300015,24.941924708000045],[90.23720444500009,24.9482545300001],[90.24949125800015,24.945229362000077],[90.25828134300014,24.947442808000062],[90.2539583900001,24.95780890200018],[90.23049529000014,24.966744941000115],[90.22853145500011,24.976062691000152],[90.23552525100001,24.984591501000068],[90.24120373100004,24.998030726000138],[90.2431004990001,25.01324387600016],[90.24106189200012,25.020896437000147],[90.23523658200003,25.023578948000136],[90.23654725300003,25.03074289099999],[90.23329949100008,25.04291963600008],[90.24073718400007,25.05102757200018],[90.24911289400012,25.053615996000076],[90.25103192500018,25.061237157000164],[90.25617839600011,25.06546614500013],[90.26279360200016,25.062285872000132],[90.2605189840001,25.05446114300014],[90.26397391200015,25.05149514300001],[90.28162614700005,25.05714319499998],[90.28637848400007,25.06822884500008],[90.29247158800013,25.06791003400008],[90.28888923000017,25.07787285],[90.2965584980002,25.080858701000068],[90.30480849400016,25.080327677000184],[90.30833641300012,25.083841111000083],[90.306046643,25.09138301900009],[90.29703563100014,25.090836904000128],[90.28706293200003,25.082665492000103],[90.281270114,25.087898120000148],[90.28157059500012,25.09452425300009],[90.27537096200007,25.094068861999972],[90.26301894400018,25.097272415000134],[90.26689953100015,25.10167418000009],[90.26553589700012,25.120545139000114],[90.27001249900019,25.137524052000174],[90.26982243400016,25.15006825100005],[90.26381462600011,25.154251930999976],[90.26589620300012,25.162048455000104],[90.25978913100016,25.162990373000014],[90.26612200500011,25.18796546300007],[90.26650254200007,25.197398154000098]]]},"properties":{"adm2_name":"Sherpur","adm2_pcode":"BD4589","adm1_pcode":"BD45"}},
{"type":"Feature","geometry":{"type":"Polygon","coordinates":[[[89.64838320000013,25.042848890000073],[89.64335664800006,25.036125083000172],[89.63680353900008,25.03674814600015],[89.61267061100011,25.04954721000007],[89.60348533600012,25.049721658000124],[89.59763011500019,25.044770528000072],[89.57821988800009,25.043330458000128],[89.56819383800007,25.040538206],[89.55424530500017,25.038945964999982],[89.53219719900005,25.044235740999966],[89.5231327680001,25.042730379000147],[89.51165204200004,25.04402513300016],[89.50243192400006,25.050846670000112],[89.49565181400004,25.051623035000148],[89.49261191900018,25.05947172900011],[89.48770596000003,25.062202500000183],[89.47421684300014,25.055890252000154],[89.46482003500017,25.05470752100007],[89.46168537500012,25.060521041000072],[89.45459733300004,25.06468544300003],[89.45565629400016,25.07409259600007],[89.43062664299998,25.07150847500003],[89.41352070300007,25.081576577000135],[89.41002530100019,25.076401684000132],[89.3999842090002,25.07817208299997],[89.40399143700012,25.06760652400004],[89.39398112900017,25.06847810000005],[89.39081814700012,25.055088447000173],[89.3839059720001,25.06134980600018],[89.37253624900006,25.067325653000125],[89.36336830900018,25.068063258000166],[89.3556909720001,25.089690100000098],[89.34711588600004,25.101186943000187],[89.33947970900016,25.102333880000117],[89.34286318900018,25.109986528000036],[89.33784626200008,25.11254469100004],[89.33457894200012,25.122296614],[89.32451953400005,25.122079534000193],[89.31973682600011,25.11700056600006],[89.30888051500006,25.117638931000045],[89.30173035900015,25.12045906800006],[89.28918803800002,25.111506666000025],[89.28857291500003,25.105807721000076],[89.28349071100018,25.10153891400006],[89.28067370800005,25.092020660000173],[89.27980385600006,25.086132782999982],[89.26049577500004,25.07508407500012],[89.25522649800007,25.06804779400011],[89.24640115400013,25.065711766000106],[89.25104220200006,25.05122094100011],[89.24455644200009,25.048325423000165],[89.24243016500009,25.037620190000155],[89.24281538800011,25.027799180000102],[89.23652725200009,25.019522124],[89.22818538500007,25.019181045000153],[89.22101473200019,25.02215532800011],[89.20866411600002,25.01330340600009],[89.20750286400005,25.008508789000132],[89.19585580500012,24.99554166200005],[89.18899078800013,24.99328289100015],[89.19139476800007,24.981892682000137],[89.18391298500018,24.98030311000008],[89.17760376400014,24.96937306100017],[89.18623143100018,24.96215088000008],[89.18461673500013,24.956933679000144],[89.18949724700019,24.94770173],[89.18319504600004,24.94317009000008],[89.17950531100018,24.95161822100016],[89.16503145300004,24.950476712000125],[89.1260645260001,24.94955560200009],[89.12691568800017,24.957771548000096],[89.11793359900014,24.96751214000011],[89.10983846800008,24.96626291700005],[89.10340522500007,24.969807134000064],[89.10019659500017,24.962628918000178],[89.09129852500007,24.96253876500009],[89.09240164600016,24.94639008400003],[89.09531161100011,24.94192191700006],[89.08449510300011,24.935261387000025],[89.0836482270002,24.926903041000173],[89.08878859300006,24.922861821000083],[89.090411131,24.913240750000114],[89.09352502700011,24.91184418500012],[89.09738153300015,24.891639294000186],[89.08870323500008,24.888098525000032],[89.08166709300002,24.892821227000184],[89.08006597800016,24.88418049300003],[89.08386571100004,24.87695464000018],[89.0769578140002,24.869559018000018],[89.06513334200008,24.872108808000178],[89.05122526400004,24.86497959000002],[89.04170138600006,24.863573244],[89.0364951000002,24.85673757400002],[89.02245119300005,24.85768257100017],[89.0164211010001,24.849980689000063],[89.01263653300015,24.850127303000136],[89.01090125500008,24.85902205000002],[89.00149660300013,24.85702697500011],[88.99066403100005,24.859578728000088],[88.97765626500006,24.854684887000076],[88.97603709700019,24.848284797000076],[88.9799218010001,24.82404909700017],[88.97110932400005,24.825539678000098],[88.97201719700013,24.81444760700009],[88.97830349500015,24.80318463900005],[88.97825138000019,24.79275642700003],[88.97248837800015,24.79070770800007],[88.9758569220001,24.78269147800006],[88.97578433500007,24.774775821000162],[88.96783508300012,24.76546315500002],[88.96435300800005,24.75655058100017],[88.96831363500013,24.746791172000087],[88.97382948000006,24.740223265000168],[88.97780970100013,24.747296479000056],[88.99063938600005,24.748173608000116],[88.99171616500007,24.757730587000083],[88.99782686300011,24.766603393000082],[89.00375712900012,24.768175882000037],[89.01389787900001,24.76590635200006],[89.01467880600006,24.77144041300005],[89.02095735000017,24.77189699500019],[89.02093838100012,24.78184171200013],[89.03762111900005,24.783196094000118],[89.04458843100008,24.790638984000054],[89.05100613400003,24.791926028000148],[89.06199492300004,24.782935394],[89.07315225600013,24.785497326999973],[89.07615435500009,24.791020024000147],[89.08848449700014,24.785020288000055],[89.08279042400017,24.774261665999973],[89.08222686200008,24.765821361],[89.0889822470001,24.759683392000113],[89.08958262200014,24.751430777000053],[89.08297372100014,24.741549336],[89.0955766620001,24.73495450200005],[89.09103206500004,24.73051327500019],[89.08336613300008,24.72924521000016],[89.08373641800011,24.72138176200002],[89.08993197000007,24.72152333600002],[89.0973652180001,24.727408857],[89.10841363700007,24.716753241000163],[89.11956186500004,24.715884411000047],[89.11709137500009,24.723606968000126],[89.12641107600018,24.724153718000082],[89.12715075000006,24.740359157],[89.13215610900005,24.73600154000019],[89.14944105600017,24.74009897300016],[89.14828270400005,24.726512389000106],[89.14117687600009,24.713984569000047],[89.13410766900006,24.712801539000054],[89.12992522100006,24.70114571700003],[89.13138023900018,24.69214368500019],[89.13620674000009,24.684969476000163],[89.14137657500004,24.67946398099997],[89.15041016800006,24.682050029000095],[89.15171721700011,24.6874488200001],[89.16238042100008,24.687323557000127],[89.16573437200003,24.670553879000124],[89.1547172440001,24.668460346000188],[89.15448523900017,24.672549596000124],[89.14427778200019,24.671697493000067],[89.14430385200018,24.659408934],[89.13540920100013,24.656298820000075],[89.13764894200006,24.645289548999983],[89.13520669800016,24.643826066000145],[89.14578607300018,24.623559898],[89.15771949400016,24.620026118],[89.1715113510001,24.621640220000188],[89.17090940100019,24.639270186000147],[89.17397759300002,24.645985748000157],[89.189158077,24.65065836500014],[89.19316724900011,24.647857778000116],[89.19099139700018,24.6400896400001],[89.20386108200017,24.639793718000078],[89.20107802000012,24.627481047000174],[89.20099041700007,24.61362481200007],[89.2071659400001,24.61065877400017],[89.21562697899998,24.612652519],[89.21615683100015,24.59642599900019],[89.21889771500008,24.58703216599997],[89.22422371500005,24.579452880000133],[89.23082685600008,24.582406037000112],[89.24277922100003,24.59662601600013],[89.24382891400012,24.60129529500017],[89.25364302400016,24.604877683000097],[89.25457103000019,24.61376884499998],[89.24879278500003,24.615295706000154],[89.25871681000001,24.624739482999985],[89.284933621,24.62534914200006],[89.29075502500012,24.623789492000185],[89.30594603300005,24.613544557000125],[89.30681539100004,24.598074133000125],[89.32700006400012,24.59864889100004],[89.32298156100006,24.588125364],[89.32512019900008,24.5778728680001],[89.32895402300005,24.569971896000084],[89.3348707470002,24.565959336000105],[89.33762351600018,24.55924320200006],[89.34219537500013,24.56344694200004],[89.34681990600006,24.55849761999997],[89.36979595100013,24.557127861000083],[89.38169699100001,24.5541765050001],[89.3850684630001,24.55770572800003],[89.39410844600013,24.556882106000103],[89.3942907350002,24.5525297530001],[89.40279466300007,24.551308331000143],[89.41054841400006,24.555152323000016],[89.41065536400004,24.56105470199998],[89.42471869200011,24.560594639000044],[89.43025513600008,24.556481193000025],[89.43089648600005,24.551392200000066],[89.45650501000006,24.547213189000047],[89.45726997700018,24.542451149000044],[89.46660633300013,24.545792367000104],[89.47478665800014,24.544443798000145],[89.47324944500019,24.551988675000132],[89.48651437100011,24.55690687599997],[89.49427632500004,24.552751581000166],[89.50480138,24.557040317000087],[89.52157602000011,24.55183143199997],[89.52458673600017,24.537819653000156],[89.52889001300014,24.544794141000068],[89.52938257200015,24.56171380600017],[89.53296762700018,24.563086444000078],[89.53891023700004,24.552786332000096],[89.5460486090002,24.552031293000084],[89.55295191400018,24.554630401],[89.56168631400004,24.554477680000105],[89.56441574600012,24.546675635000156],[89.57076450600016,24.545422662000135],[89.57976945200005,24.55203874900019],[89.59088835200004,24.55328858300004],[89.59455238300006,24.55874220700008],[89.60147921500015,24.560587297000154],[89.60523706700002,24.568833695000137],[89.6042047470001,24.58542028500011],[89.6012780330002,24.59443647000012],[89.60457146500005,24.606158928000184],[89.59759906800019,24.610407987000087],[89.5904691140002,24.609921376000102],[89.582948842,24.620934839000142],[89.57193327400006,24.622157002000108],[89.5565929490001,24.61620153400014],[89.54906324500001,24.617899632000103],[89.54966613900018,24.62463658000013],[89.55629719,24.62232619000008],[89.55976609800018,24.62764005500003],[89.55478042100003,24.641129514000113],[89.56266661200016,24.649964994000015],[89.56249944200005,24.65300807200009],[89.54635393500007,24.651993854000068],[89.55171186600006,24.666335039000103],[89.54913465700008,24.674463102],[89.55162755400005,24.678947832000176],[89.55863725900014,24.68122642300017],[89.55729477500006,24.69497713000004],[89.55369962600003,24.70259565300006],[89.56315934700018,24.711079019000124],[89.56532069500014,24.69847537400011],[89.57201972100017,24.700212827000087],[89.59510905100012,24.70210573200012],[89.59732292300015,24.696523565],[89.60568305200007,24.69385894300018],[89.60813652700011,24.686629016000154],[89.61761979300019,24.688229437000132],[89.62609653400017,24.68560008600008],[89.62850697800008,24.69014545000016],[89.6427926880001,24.70143881900009],[89.64663623800016,24.701195038000094],[89.64189091100019,24.71515525799998],[89.65405701500015,24.72596720700011],[89.6609942500001,24.72770125600016],[89.65592457100013,24.745743288000085],[89.67105216100003,24.748294727000086],[89.66826719200009,24.753919600000188],[89.67470835800009,24.759772452],[89.67895598600018,24.76833875600005],[89.67712382300004,24.77615138400006],[89.68456517700002,24.782443979000107],[89.70041635799998,24.77826344300007],[89.72108423900005,24.78008968300003],[89.73304077199998,24.795474951000074],[89.75018658700014,24.797109866000085],[89.7480049190001,24.80257588700016],[89.72984313300003,24.804885554],[89.70808036100004,24.81683591100017],[89.69468154700007,24.82863780600013],[89.68621303400005,24.83818883200007],[89.68271224000011,24.851692104],[89.67189707,24.8701600550001],[89.66998488100018,24.883578382000053],[89.66381531300004,24.89354174800019],[89.67544607200006,24.8979543640001],[89.68262364700018,24.906481634000045],[89.68750676400015,24.90707219600006],[89.68467628200011,24.918258037000044],[89.67692016300003,24.921366197000168],[89.67449056200019,24.93026782400011],[89.67593273500006,24.939663286000155],[89.67962088200011,24.945724334000033],[89.67747455500012,24.964836188],[89.67302343000011,24.97475262400019],[89.66125664700007,24.987993900000106],[89.66157323000004,25.003214104],[89.65752608600008,25.018234642000095],[89.64838320000013,25.042848890000073]]]},"properties":{"adm2_name":"Bogura","adm2_pcode":"BD5010","adm1_pcode":"BD50"}},
{"type":"Feature","geometry":{"type":"Polygon","coordinates":[[[89.20852984900006,25.23253793600003],[89.2004863640002,25.233667719000152],[89.1910956430001,25.238917346000108],[89.177557144,25.236391739000112],[89.15825675400004,25.254249973000128],[89.15616220200008,25.258606356000087],[89.14386201100012,25.257718315000034],[89.14465078600011,25.248374982000144],[89.133434024,25.24652162899997],[89.12437943300017,25.25443504300017],[89.121306242,25.244336928000166],[89.1108219240001,25.241836060000026],[89.1006464830001,25.24240882500004],[89.09395119400011,25.25131670000019],[89.08565702700014,25.25277585500004],[89.08360464100014,25.25865975300013],[89.07181203900018,25.26946048000019],[89.05767318400012,25.26454687500018],[89.04613115100017,25.265553262000026],[89.03141002700005,25.276638788000128],[89.02692694100017,25.27060419700007],[89.02006010399998,25.266399946000092],[89.00674910800018,25.268572236000068],[88.9933110880001,25.26990226500004],[88.98749178100013,25.27408278900009],[88.97999706100012,25.26338047100012],[88.97495532000016,25.26024379400019],[88.95654514500018,25.25475562500003],[88.94978532700009,25.245528893000085],[88.95337846600012,25.240576702000055],[88.94983673500008,25.23608180100007],[88.95827026400019,25.22838486500001],[88.95988120600009,25.21580857700002],[88.95576110700017,25.209460878000186],[88.94120939200008,25.208499548000077],[88.93420394700013,25.197974599000077],[88.94096237500014,25.1928106580001],[88.9471329160001,25.193376183999987],[88.94530720900008,25.18281627600004],[88.94821191500012,25.176685337000038],[88.94333427000004,25.17375651000009],[88.93433607100008,25.181579586000055],[88.9240100200002,25.1716036200001],[88.92331146200013,25.164889354000024],[88.92551928,25.154288516000065],[88.92011334,25.14588752600008],[88.92629825900008,25.144668303000174],[88.92301291700005,25.132070321000185],[88.94018758300018,25.1181435580001],[88.94098892800014,25.096793413000114],[88.93718928900006,25.090093084000046],[88.93085667600002,25.073116374000108],[88.9376182200001,25.058272177000163],[88.94530286700012,25.05249581100003],[88.94146122600011,25.041860441000097],[88.94982186900006,25.03894211300002],[88.95546093900003,25.04605692400014],[88.95357456400018,25.053416689000017],[88.96301856300005,25.055559847000097],[88.96822881300005,25.054018131000078],[88.98332115000011,25.05433667900013],[88.98633371100004,25.048438031000046],[88.99558215600007,25.04663161800005],[89.00069145000003,25.049158399000135],[89.01575657299998,25.04697435300011],[89.0100289780001,25.0362400570001],[89.01877404200019,25.025913332000187],[89.01446020200012,25.00947690600003],[89.00933222900011,25.009442834000026],[89.00757653900013,25.001019487000065],[89.01164858300007,24.990557992000163],[89.00958443700017,24.977978692000136],[89.00103917500013,24.97802543299997],[89.00452297100009,24.9698447990001],[89.0051702090002,24.96019127300019],[88.99951587500004,24.955064844000105],[88.999680963,24.948731230000135],[89.0045314800002,24.940455866000036],[88.99865276500003,24.91067392399998],[89.00702375900005,24.89655084900005],[88.99844931700011,24.883805928000072],[88.98967055400016,24.87909163000006],[88.99361488700009,24.868573095999977],[88.99066403100005,24.859578728000088],[89.00149660300013,24.85702697500011],[89.01090125500008,24.85902205000002],[89.01263653300015,24.850127303000136],[89.0164211010001,24.849980689000063],[89.02245119300005,24.85768257100017],[89.0364951000002,24.85673757400002],[89.04170138600006,24.863573244],[89.05122526400004,24.86497959000002],[89.06513334200008,24.872108808000178],[89.0769578140002,24.869559018000018],[89.08386571100004,24.87695464000018],[89.08006597800016,24.88418049300003],[89.08166709300002,24.892821227000184],[89.08870323500008,24.888098525000032],[89.09738153300015,24.891639294000186],[89.09352502700011,24.91184418500012],[89.090411131,24.913240750000114],[89.08878859300006,24.922861821000083],[89.0836482270002,24.926903041000173],[89.08449510300011,24.935261387000025],[89.09531161100011,24.94192191700006],[89.09240164600016,24.94639008400003],[89.09129852500007,24.96253876500009],[89.10019659500017,24.962628918000178],[89.10340522500007,24.969807134000064],[89.10983846800008,24.96626291700005],[89.11793359900014,24.96751214000011],[89.12691568800017,24.957771548000096],[89.1260645260001,24.94955560200009],[89.16503145300004,24.950476712000125],[89.17950531100018,24.95161822100016],[89.18319504600004,24.94317009000008],[89.18949724700019,24.94770173],[89.18461673500013,24.956933679000144],[89.18623143100018,24.96215088000008],[89.17760376400014,24.96937306100017],[89.18391298500018,24.98030311000008],[89.19139476800007,24.981892682000137],[89.18899078800013,24.99328289100015],[89.19585580500012,24.99554166200005],[89.20750286400005,25.008508789000132],[89.20866411600002,25.01330340600009],[89.22101473200019,25.02215532800011],[89.22818538500007,25.019181045000153],[89.23652725200009,25.019522124],[89.24281538800011,25.027799180000102],[89.24243016500009,25.037620190000155],[89.24455644200009,25.048325423000165],[89.25104220200006,25.05122094100011],[89.24640115400013,25.065711766000106],[89.25522649800007,25.06804779400011],[89.26049577500004,25.07508407500012],[89.27980385600006,25.086132782999982],[89.28067370800005,25.092020660000173],[89.2753457410002,25.09563176900008],[89.25123312400007,25.10159178900011],[89.24843469900009,25.115051082000036],[89.2422820970001,25.125556026000027],[89.23675545300006,25.13014447000012],[89.2296757090001,25.146520585000133],[89.21569104100013,25.14763695000005],[89.22034312300013,25.15773715100005],[89.21724097000003,25.162739400000135],[89.20807860100018,25.169797550000055],[89.19705634700017,25.172505962000173],[89.19580193200005,25.183527410000124],[89.184542105,25.1842898000001],[89.19335217100013,25.19535955500004],[89.19294083500017,25.21465725200011],[89.20789003200014,25.22824061900019],[89.20852984900006,25.23253793600003]]]},"properties":{"adm2_name":"Joypurhat","adm2_pcode":"BD5038","adm1_pcode":"BD50"}},
{"type":"Feature","geometry":{"type":"Polygon","coordinates":[[[88.92331146200013,25.164889354000024],[88.91179850100013,25.16929526000007],[88.91071483200005,25.18052491399999],[88.90145034400018,25.179788217000066],[88.88955271300017,25.185031494000043],[88.88967061700015,25.178797317000146],[88.8752506400001,25.17949883600005],[88.87139548800019,25.191720583000063],[88.86419682600018,25.190884413000163],[88.86469878900004,25.20046428000012],[88.85004554100016,25.20214571000014],[88.84864382800009,25.20842396900008],[88.8424254950001,25.21145001000008],[88.83702461500019,25.20702373100005],[88.83135460000005,25.20701514200016],[88.82537385300003,25.191454843000088],[88.81824072200004,25.189589844000068],[88.81468506700008,25.184606389000123],[88.813845856,25.175132096000027],[88.80112815300015,25.171492266000143],[88.77406224200007,25.180223349000187],[88.76709180700004,25.184127140000157],[88.75789085100007,25.185684519000176],[88.75029557700014,25.182058421000136],[88.74290798900012,25.18540446500009],[88.7345574520001,25.184935978000112],[88.73318110200012,25.199247150000133],[88.71777483699998,25.202175338000075],[88.71481736000015,25.207221920000052],[88.70359750300008,25.20824812],[88.68758469400007,25.207705037000153],[88.6801514300002,25.209268655000187],[88.67792817000009,25.20327365100013],[88.67198858500007,25.198933769],[88.66470710700014,25.20293588900006],[88.64620245100008,25.204943669999977],[88.64294106000017,25.206502913000122],[88.63128728700002,25.202260119000073],[88.619507091,25.205121201000054],[88.61357550300005,25.20436594100005],[88.60789956800016,25.196382768999968],[88.59758224500013,25.191671412000176],[88.59114707400016,25.193221952000044],[88.59108965900015,25.185894284000028],[88.58180764900004,25.18215106800011],[88.57963816000006,25.177110081000023],[88.56388926700004,25.175441190000015],[88.55588976700017,25.180694985000116],[88.55983917900011,25.19106043800008],[88.54849044200017,25.195348881000086],[88.54234042100018,25.194220717000178],[88.54052494300004,25.189390366999987],[88.53355601000015,25.188653300000055],[88.53291020300009,25.194933309000135],[88.52607197300006,25.20006146500009],[88.50021659700002,25.203609412000105],[88.49795929500016,25.21067414300012],[88.4747324440001,25.21277476600011],[88.46904470500016,25.19809386600008],[88.4632672830001,25.195307256000092],[88.44322246300004,25.19790102400009],[88.44280029200019,25.185181887000113],[88.44545558900006,25.179235048000066],[88.4421874360001,25.17453733500014],[88.44932214800014,25.171583125000097],[88.45922997000014,25.16035096100012],[88.45669484100006,25.154252690000135],[88.46086534400007,25.151379798000107],[88.4578700040002,25.135979336000048],[88.44705953400018,25.12842893600009],[88.4413457920001,25.127707583000188],[88.4473242000002,25.108911418000105],[88.4441409860001,25.10012911900003],[88.44686137200011,25.09322574600003],[88.44631609600009,25.082132614000045],[88.45127900300014,25.07634959500018],[88.442590194,25.06671065100005],[88.44205378500016,25.062195107000036],[88.435360607,25.05488584],[88.43762638599998,25.043061568999974],[88.4519613870001,25.039875472000062],[88.45035080700006,25.034041801000114],[88.44512506100006,25.0331294610001],[88.4441383570001,25.0264287170001],[88.43887468600008,25.022204422000073],[88.43943589200018,25.01342970700017],[88.43650423800005,25.008390121000105],[88.42196831700005,25.00699283800003],[88.41555953200009,24.998367591000033],[88.41217275600019,24.985722675000034],[88.41732784900012,24.974613384],[88.40303596600006,24.973440465000067],[88.39509764200011,24.968567541000084],[88.3953111890001,24.96460844100011],[88.4003273780001,24.96368505000015],[88.40728784400011,24.967739147000145],[88.41273502600018,24.96598929300012],[88.41989597000008,24.969925326000123],[88.43439331100012,24.964047172000107],[88.43655514300008,24.95526439500003],[88.43247050700018,24.948707063000143],[88.43233618200014,24.933207420000144],[88.44124298200012,24.924436622000087],[88.4514074880002,24.920921765000173],[88.45713985700013,24.92248921700019],[88.45892322800012,24.927997334],[88.45274984700012,24.929802385000073],[88.4539310470002,24.93584604200015],[88.46041749700004,24.935491096000078],[88.47237653800005,24.94188487600013],[88.47973246400011,24.93538693],[88.48602834100006,24.93436528100011],[88.49365938300019,24.92719672000004],[88.49430074100013,24.911192234000055],[88.4844452640001,24.90836785000016],[88.48479374000016,24.89997427300011],[88.48959139400012,24.88512252400011],[88.48609470800017,24.882895257000087],[88.4832062800001,24.873396575000015],[88.47091555300005,24.862307531],[88.47296214900007,24.849098468000022],[88.46868544900008,24.84379745500007],[88.45733861400015,24.858231191000073],[88.44804818200004,24.863019685000154],[88.4410902520001,24.856019643000025],[88.4477729800002,24.854445946000112],[88.45198283100012,24.845320558000026],[88.43690268600017,24.846857243000102],[88.43250077800008,24.839833161000172],[88.42302954200017,24.841728928000066],[88.42080700700006,24.84903026900014],[88.41218197100017,24.844453678000093],[88.40368124600013,24.847252372000185],[88.40026962900004,24.83226612600015],[88.3835716660002,24.82720406100009],[88.38277572100014,24.821216023000034],[88.39257410600004,24.81927888200005],[88.40025589000004,24.824841880000122],[88.40452772300011,24.83236355700012],[88.41252889700007,24.830105721000166],[88.40943591900015,24.824292001000174],[88.43181419800015,24.816305163000152],[88.43470830400014,24.820622057000094],[88.444041562,24.820918119000055],[88.4409059370002,24.805339537],[88.43368593000008,24.806408551],[88.43061270300012,24.794665564000127],[88.43222678500007,24.78785645500011],[88.42212205500016,24.78834844000005],[88.41820075800013,24.779038667000123],[88.41944345200011,24.771426701000166],[88.42950917800005,24.77392534200004],[88.43718225300012,24.78008452000006],[88.45349763200011,24.78050226700003],[88.45641582700006,24.774053922000064],[88.46765727800016,24.769785691000095],[88.47284671300014,24.764953870000113],[88.47835575400006,24.774179187000186],[88.48729957400019,24.770283377000055],[88.49172868000005,24.76509555900003],[88.48746315600005,24.75677942300007],[88.48984303100008,24.749528042000065],[88.48357219500008,24.744631760000118],[88.4730215560001,24.75065325899999],[88.47311694000018,24.760721889000138],[88.46452026800017,24.763024504000157],[88.4581038550001,24.761116620000053],[88.45652059800011,24.75232840200016],[88.46452556700012,24.74927072700018],[88.46109931700016,24.73503478700019],[88.46953039099998,24.732728344000066],[88.47422690000019,24.73686198300004],[88.48828095400006,24.734313638000117],[88.49100561600005,24.739124394999976],[88.50459594000012,24.733680441000047],[88.50355345700007,24.719717347000085],[88.51727505300016,24.708939289000057],[88.52436548300005,24.709058863000166],[88.54489554800011,24.70283037400003],[88.55090744700004,24.706577132000064],[88.56205179000011,24.705237370000077],[88.5725608940001,24.69736457100015],[88.57368754300018,24.689451785000017],[88.57051347300012,24.685583998000027],[88.57645964000011,24.68070805700006],[88.58901203699997,24.68969594200007],[88.59198025500007,24.700040217000037],[88.59986561400018,24.6995654480001],[88.60629736500005,24.703311024000186],[88.61806064500007,24.701826754000137],[88.62301166399999,24.693684547000146],[88.62411784300014,24.67594894500013],[88.62819329600012,24.672367541000085],[88.62573359500004,24.665042213000106],[88.62757014000005,24.654950139000107],[88.62252377600015,24.64897364400008],[88.63026854300011,24.626212493000025],[88.63840654900002,24.621328990000166],[88.65171297300003,24.628821774000187],[88.66255897000013,24.630975190000186],[88.66912729100011,24.636437884000088],[88.67836413600008,24.635492205000105],[88.682893176,24.64037426599998],[88.70427324200011,24.631753356000104],[88.70115425000017,24.64228217800013],[88.70334560900017,24.659013896000033],[88.70145251800011,24.667002433000107],[88.71122573800017,24.671281035000106],[88.71917612700014,24.67212838100005],[88.73420352100004,24.66708577500009],[88.73576559400004,24.67678365600017],[88.74161298200016,24.68804357400012],[88.75733760600008,24.67388110799999],[88.76734901700019,24.670704640999986],[88.78789903900014,24.68236521200015],[88.79352198200007,24.689226012000063],[88.80126459000019,24.68803510500004],[88.8059825110002,24.680011816000103],[88.80475391100015,24.675424989000135],[88.8132116540001,24.673069711000096],[88.81362904700012,24.66381251500013],[88.81121536100005,24.656316020000077],[88.8271261490001,24.651206142000035],[88.8327168350001,24.65737975500008],[88.85279037200019,24.657752746000142],[88.86170440400019,24.65596932300008],[88.86318290800011,24.64733164100005],[88.87327117400014,24.6452176090001],[88.87512474800019,24.636833239],[88.88130326200013,24.637046587999976],[88.88302529200018,24.643380672000035],[88.89030744100006,24.639598747000036],[88.89800606100005,24.643653786000073],[88.90990565200008,24.64316260100003],[88.91148417500006,24.631032586000117],[88.91947880600009,24.620434266000018],[88.92459973600012,24.61807336300018],[88.92698523700005,24.609008498000037],[88.92678971900006,24.59773420200014],[88.93292827700009,24.59597173400016],[88.93388290200016,24.588212220000116],[88.94511001800004,24.587930069000095],[88.94879337400016,24.581918687000098],[88.9550906680002,24.579420586000083],[88.96309838800016,24.583539707000114],[88.97212482100014,24.58558832600005],[88.97659373600015,24.58081242700007],[88.98470655300002,24.578970896000044],[89.00973981000016,24.56653970900004],[89.01148294000018,24.560114275000103],[89.005825265,24.55759361000014],[89.01164963100018,24.55144585800008],[89.01801389800016,24.55015789400005],[89.02165825500015,24.556534731],[89.02955497900018,24.55795394600011],[89.03625607900005,24.546753612000145],[89.04358868400004,24.545104547],[89.05505318900015,24.535042203000046],[89.06415402800008,24.53920798700011],[89.06789098100006,24.534401240000022],[89.08181103500004,24.534351161000075],[89.08256492000015,24.540390639000066],[89.09807302100018,24.547111036000047],[89.10666488400005,24.57140297100011],[89.10492299400016,24.58028804700001],[89.10605066700015,24.588377370000103],[89.09643045400003,24.594193749000056],[89.10145040000009,24.60329604499998],[89.0987915520002,24.609059879000142],[89.1011470160002,24.62501337100008],[89.09903371500008,24.632469621000098],[89.10086104100009,24.639434274000052],[89.11136133700006,24.645605632000127],[89.11478323200015,24.643937474000097],[89.12143148400008,24.65192134100016],[89.12031105000011,24.657755463000058],[89.13017324300012,24.65703581000014],[89.13419062300017,24.671833434000064],[89.13620674000009,24.684969476000163],[89.13138023900018,24.69214368500019],[89.12992522100006,24.70114571700003],[89.13410766900006,24.712801539000054],[89.14117687600009,24.713984569000047],[89.14828270400005,24.726512389000106],[89.14944105600017,24.74009897300016],[89.13215610900005,24.73600154000019],[89.12715075000006,24.740359157],[89.12641107600018,24.724153718000082],[89.11709137500009,24.723606968000126],[89.11956186500004,24.715884411000047],[89.10841363700007,24.716753241000163],[89.0973652180001,24.727408857],[89.08993197000007,24.72152333600002],[89.08373641800011,24.72138176200002],[89.08336613300008,24.72924521000016],[89.09103206500004,24.73051327500019],[89.0955766620001,24.73495450200005],[89.08297372100014,24.741549336],[89.08958262200014,24.751430777000053],[89.0889822470001,24.759683392000113],[89.08222686200008,24.765821361],[89.08279042400017,24.774261665999973],[89.08848449700014,24.785020288000055],[89.07615435500009,24.791020024000147],[89.07315225600013,24.785497326999973],[89.06199492300004,24.782935394],[89.05100613400003,24.791926028000148],[89.04458843100008,24.790638984000054],[89.03762111900005,24.783196094000118],[89.02093838100012,24.78184171200013],[89.02095735000017,24.77189699500019],[89.01467880600006,24.77144041300005],[89.01389787900001,24.76590635200006],[89.00375712900012,24.768175882000037],[88.99782686300011,24.766603393000082],[88.99171616500007,24.757730587000083],[88.99063938600005,24.748173608000116],[88.97780970100013,24.747296479000056],[88.97382948000006,24.740223265000168],[88.96831363500013,24.746791172000087],[88.96435300800005,24.75655058100017],[88.96783508300012,24.76546315500002],[88.97578433500007,24.774775821000162],[88.9758569220001,24.78269147800006],[88.97248837800015,24.79070770800007],[88.97825138000019,24.79275642700003],[88.97830349500015,24.80318463900005],[88.97201719700013,24.81444760700009],[88.97110932400005,24.825539678000098],[88.9799218010001,24.82404909700017],[88.97603709700019,24.848284797000076],[88.97765626500006,24.854684887000076],[88.99066403100005,24.859578728000088],[88.99361488700009,24.868573095999977],[88.98967055400016,24.87909163000006],[88.99844931700011,24.883805928000072],[89.00702375900005,24.89655084900005],[88.99865276500003,24.91067392399998],[89.0045314800002,24.940455866000036],[88.999680963,24.948731230000135],[88.99951587500004,24.955064844000105],[89.0051702090002,24.96019127300019],[89.00452297100009,24.9698447990001],[89.00103917500013,24.97802543299997],[89.00958443700017,24.977978692000136],[89.01164858300007,24.990557992000163],[89.00757653900013,25.001019487000065],[89.00933222900011,25.009442834000026],[89.01446020200012,25.00947690600003],[89.01877404200019,25.025913332000187],[89.0100289780001,25.0362400570001],[89.01575657299998,25.04697435300011],[89.00069145000003,25.049158399000135],[88.99558215600007,25.04663161800005],[88.98633371100004,25.048438031000046],[88.98332115000011,25.05433667900013],[88.96822881300005,25.054018131000078],[88.96301856300005,25.055559847000097],[88.95357456400018,25.053416689000017],[88.95546093900003,25.04605692400014],[88.94982186900006,25.03894211300002],[88.94146122600011,25.041860441000097],[88.94530286700012,25.05249581100003],[88.9376182200001,25.058272177000163],[88.93085667600002,25.073116374000108],[88.93718928900006,25.090093084000046],[88.94098892800014,25.096793413000114],[88.94018758300018,25.1181435580001],[88.92301291700005,25.132070321000185],[88.92629825900008,25.144668303000174],[88.92011334,25.14588752600008],[88.92551928,25.154288516000065],[88.92331146200013,25.164889354000024]]]},"properties":{"adm2_name":"Naogaon","adm2_pcode":"BD5064","adm1_pcode":"BD50"}},
{"type":"Feature","geometry":{"type":"Polygon","coordinates":[[[89.33762351600018,24.55924320200006],[89.3348707470002,24.565959336000105],[89.32895402300005,24.569971896000084],[89.32512019900008,24.5778728680001],[89.32298156100006,24.588125364],[89.32700006400012,24.59864889100004],[89.30681539100004,24.598074133000125],[89.30594603300005,24.613544557000125],[89.29075502500012,24.623789492000185],[89.284933621,24.62534914200006],[89.25871681000001,24.624739482999985],[89.24879278500003,24.615295706000154],[89.25457103000019,24.61376884499998],[89.25364302400016,24.604877683000097],[89.24382891400012,24.60129529500017],[89.24277922100003,24.59662601600013],[89.23082685600008,24.582406037000112],[89.22422371500005,24.579452880000133],[89.21889771500008,24.58703216599997],[89.21615683100015,24.59642599900019],[89.21562697899998,24.612652519],[89.2071659400001,24.61065877400017],[89.20099041700007,24.61362481200007],[89.20107802000012,24.627481047000174],[89.20386108200017,24.639793718000078],[89.19099139700018,24.6400896400001],[89.19316724900011,24.647857778000116],[89.189158077,24.65065836500014],[89.17397759300002,24.645985748000157],[89.17090940100019,24.639270186000147],[89.1715113510001,24.621640220000188],[89.15771949400016,24.620026118],[89.14578607300018,24.623559898],[89.13520669800016,24.643826066000145],[89.13764894200006,24.645289548999983],[89.13540920100013,24.656298820000075],[89.14430385200018,24.659408934],[89.14427778200019,24.671697493000067],[89.15448523900017,24.672549596000124],[89.1547172440001,24.668460346000188],[89.16573437200003,24.670553879000124],[89.16238042100008,24.687323557000127],[89.15171721700011,24.6874488200001],[89.15041016800006,24.682050029000095],[89.14137657500004,24.67946398099997],[89.13620674000009,24.684969476000163],[89.13419062300017,24.671833434000064],[89.13017324300012,24.65703581000014],[89.12031105000011,24.657755463000058],[89.12143148400008,24.65192134100016],[89.11478323200015,24.643937474000097],[89.11136133700006,24.645605632000127],[89.10086104100009,24.639434274000052],[89.09903371500008,24.632469621000098],[89.1011470160002,24.62501337100008],[89.0987915520002,24.609059879000142],[89.10145040000009,24.60329604499998],[89.09643045400003,24.594193749000056],[89.10605066700015,24.588377370000103],[89.10492299400016,24.58028804700001],[89.10666488400005,24.57140297100011],[89.09807302100018,24.547111036000047],[89.08256492000015,24.540390639000066],[89.08181103500004,24.534351161000075],[89.06789098100006,24.534401240000022],[89.06415402800008,24.53920798700011],[89.05505318900015,24.535042203000046],[89.04358868400004,24.545104547],[89.03625607900005,24.546753612000145],[89.02955497900018,24.55795394600011],[89.02165825500015,24.556534731],[89.01801389800016,24.55015789400005],[89.01164963100018,24.55144585800008],[89.005825265,24.55759361000014],[89.01148294000018,24.560114275000103],[89.00973981000016,24.56653970900004],[88.98470655300002,24.578970896000044],[88.97659373600015,24.58081242700007],[88.97212482100014,24.58558832600005],[88.96309838800016,24.583539707000114],[88.96168855500014,24.572921078000036],[88.96396088900002,24.57087322100017],[88.96321217800016,24.551953796000134],[88.94918071500013,24.549474804000056],[88.94405305300006,24.540315780000185],[88.93859438400006,24.539643056000102],[88.92199186300013,24.548205517999975],[88.90809910000019,24.540377676000162],[88.89726934500004,24.538420470000062],[88.89794795800015,24.530340829000068],[88.8848580240001,24.52968924600009],[88.8903395970001,24.521385639000016],[88.89795679700006,24.52173044600005],[88.90229530300002,24.513831191000065],[88.92819804800013,24.517419448000055],[88.92324809500013,24.505247044999976],[88.91315474600015,24.50372980900005],[88.90617818800007,24.49789983200003],[88.90429028900007,24.48798859300007],[88.89538961400018,24.48568416800009],[88.8960911910001,24.473784917000046],[88.89897818800011,24.463386671000023],[88.89201646700008,24.456183541000144],[88.90059439300018,24.449960836000173],[88.89749744700009,24.44307498800009],[88.89827187200012,24.42660869600013],[88.90138846200006,24.422079892000056],[88.89761654600005,24.411215638000158],[88.89761731900006,24.402040456000066],[88.89019065000008,24.385225230000174],[88.89622739600009,24.380342281000026],[88.89337105600015,24.364138382000192],[88.87971699200017,24.365266273000145],[88.8734399270001,24.361607476000188],[88.86174577400004,24.364135299000168],[88.85583347100015,24.355060128000048],[88.85400011000007,24.348471954000104],[88.84501758900018,24.342273556000123],[88.84969871000015,24.331723009000143],[88.84587713400015,24.319373881000104],[88.8536922890001,24.31058299900019],[88.8647036820002,24.31542021400014],[88.87229676000015,24.312686415000144],[88.8777720560002,24.302197100000114],[88.88008238700013,24.292729569000016],[88.88606266600016,24.295024726000122],[88.9041812980002,24.29214287800005],[88.90187820400007,24.27352270100016],[88.90494668600013,24.271828972000094],[88.90883022700018,24.261200454000118],[88.91687402700012,24.259361465000154],[88.91724261800016,24.244914627000128],[88.90989070500018,24.24079822500005],[88.89959022100004,24.24176264000016],[88.90044250300019,24.23427315700019],[88.88827079600003,24.229624146000162],[88.87807196500006,24.230316943000048],[88.87130786400019,24.22679006400017],[88.87344450700016,24.21339505900005],[88.87060874300016,24.205562355000154],[88.8762377380001,24.203662343000133],[88.87355393400009,24.184135797000124],[88.86969194699998,24.175527856000087],[88.86448403200012,24.1744502520001],[88.86174219000009,24.167295758000023],[88.87503659300006,24.16712275900005],[88.88254264300014,24.16307046300011],[88.89508677100008,24.16438012700013],[88.89199625900017,24.15180466400011],[88.8833025130001,24.132911710000087],[88.8731550220001,24.133781731000056],[88.86166908700017,24.11703583900004],[88.86654037699998,24.116873398000052],[88.88089600100011,24.120934104000128],[88.88048076200016,24.106267587000104],[88.90961351300018,24.116877974000033],[88.9083021880001,24.129550457000107],[88.91875663200005,24.132930203000114],[88.92066752200003,24.12092457],[88.92846441500006,24.12370122699997],[88.93670249800005,24.131227704000025],[88.94591187900005,24.125512569000136],[88.95458277100016,24.123190210000075],[88.99180520000004,24.120706258000098],[89.0050426470001,24.116556292000098],[89.00952774000001,24.12280681900006],[89.00744566100013,24.135992440999985],[89.00925896100006,24.14573250900014],[89.00470134400018,24.151226023000106],[88.99555521600018,24.155968425000083],[89.00454787600012,24.159917544999985],[89.01268334999997,24.160365527000124],[89.02467297200013,24.169372268000075],[89.03254969000011,24.164361627000176],[89.03336411900005,24.159505728000113],[89.03992387200003,24.15788378800005],[89.04442404100018,24.168130499000085],[89.05558506200003,24.157098245000157],[89.05932082600003,24.15053298400005],[89.06898867800004,24.14815420300016],[89.08182612500008,24.153490904000023],[89.08203314700012,24.163387301000057],[89.08977796100004,24.159144843000036],[89.09900317100005,24.15781780499998],[89.10944090100014,24.16062975400007],[89.11201431600017,24.165964232000192],[89.12922064700018,24.166792714000167],[89.13375452200006,24.170270783000092],[89.146890886,24.16584854900009],[89.15531906600017,24.16744772400017],[89.16619123700008,24.17624410600007],[89.1663997070001,24.180438146000142],[89.17933814000008,24.197083566000174],[89.18320804700011,24.19536906100018],[89.19593354400007,24.19915073400017],[89.20525115300018,24.20681088600014],[89.21065210300014,24.20502815499998],[89.21813873500014,24.211185589000024],[89.2251563280002,24.22443675900007],[89.2215802560001,24.233278383000084],[89.22937156800009,24.233512201999986],[89.23336737300002,24.24239308099999],[89.23886661000006,24.240669583000056],[89.24206137500016,24.253889958000116],[89.23488797300007,24.25718213800019],[89.23419460100007,24.26598881800004],[89.23931361200005,24.267091511000046],[89.24284069600003,24.27552641800014],[89.25598780900009,24.27343958700004],[89.25910171400005,24.280551262000017],[89.26357137500014,24.282433462000142],[89.26963133800018,24.296508878000168],[89.27729098800012,24.294432426000128],[89.27944212000011,24.30439704400004],[89.28956312700006,24.303306860000077],[89.28839213300017,24.314241469000024],[89.29063170300003,24.328698080000038],[89.30071317200009,24.327541426000096],[89.30332337300013,24.334592725999983],[89.31199123200014,24.336357540000165],[89.31883744800012,24.34433385400007],[89.32045976300014,24.350808396],[89.31936236900009,24.35787623900012],[89.30685807300006,24.364324480000107],[89.3004780070001,24.372136469000168],[89.2949276220001,24.36957578400012],[89.28692066100012,24.381283265000036],[89.2876969720001,24.405174861000148],[89.28422711100018,24.40695122000011],[89.286468695,24.41748016300005],[89.28494420800007,24.425130158],[89.26755426800008,24.432468449000112],[89.25637834800017,24.428119563],[89.24844101900004,24.430582004000087],[89.24842748700019,24.435569451],[89.26063055100019,24.445751379000114],[89.26969813300013,24.448918002000028],[89.2748797070002,24.453463088000035],[89.27543899600005,24.459284165000042],[89.28139185300006,24.464081092000185],[89.28360508200012,24.47419984000004],[89.28080552000011,24.481912776000115],[89.29295501800016,24.493444338000188],[89.29874849500015,24.501524970000162],[89.30386716600009,24.50171347700001],[89.30931146000006,24.514675750000038],[89.31594787000012,24.52007956900013],[89.33097761600004,24.54605309200008],[89.33647732600019,24.547423052000113],[89.33458548000016,24.555694096000025],[89.33762351600018,24.55924320200006]]]},"properties":{"adm2_name":"Natore","adm2_pcode":"BD5069","adm1_pcode":"BD50"}},
{"type":"Feature","geometry":{"type":"Polygon","coordinates":[[[88.50355345700007,24.719717347000085],[88.50459594000012,24.733680441000047],[88.49100561600005,24.739124394999976],[88.48828095400006,24.734313638000117],[88.47422690000019,24.73686198300004],[88.46953039099998,24.732728344000066],[88.46109931700016,24.73503478700019],[88.46452556700012,24.74927072700018],[88.45652059800011,24.75232840200016],[88.4581038550001,24.761116620000053],[88.46452026800017,24.763024504000157],[88.47311694000018,24.760721889000138],[88.4730215560001,24.75065325899999],[88.48357219500008,24.744631760000118],[88.48984303100008,24.749528042000065],[88.48746315600005,24.75677942300007],[88.49172868000005,24.76509555900003],[88.48729957400019,24.770283377000055],[88.47835575400006,24.774179187000186],[88.47284671300014,24.764953870000113],[88.46765727800016,24.769785691000095],[88.45641582700006,24.774053922000064],[88.45349763200011,24.78050226700003],[88.43718225300012,24.78008452000006],[88.42950917800005,24.77392534200004],[88.41944345200011,24.771426701000166],[88.41820075800013,24.779038667000123],[88.42212205500016,24.78834844000005],[88.43222678500007,24.78785645500011],[88.43061270300012,24.794665564000127],[88.43368593000008,24.806408551],[88.4409059370002,24.805339537],[88.444041562,24.820918119000055],[88.43470830400014,24.820622057000094],[88.43181419800015,24.816305163000152],[88.40943591900015,24.824292001000174],[88.41252889700007,24.830105721000166],[88.40452772300011,24.83236355700012],[88.40025589000004,24.824841880000122],[88.39257410600004,24.81927888200005],[88.38277572100014,24.821216023000034],[88.3835716660002,24.82720406100009],[88.40026962900004,24.83226612600015],[88.40368124600013,24.847252372000185],[88.41218197100017,24.844453678000093],[88.42080700700006,24.84903026900014],[88.42302954200017,24.841728928000066],[88.43250077800008,24.839833161000172],[88.43690268600017,24.846857243000102],[88.45198283100012,24.845320558000026],[88.4477729800002,24.854445946000112],[88.4410902520001,24.856019643000025],[88.44804818200004,24.863019685000154],[88.45733861400015,24.858231191000073],[88.46868544900008,24.84379745500007],[88.47296214900007,24.849098468000022],[88.47091555300005,24.862307531],[88.4832062800001,24.873396575000015],[88.48609470800017,24.882895257000087],[88.48959139400012,24.88512252400011],[88.48479374000016,24.89997427300011],[88.4844452640001,24.90836785000016],[88.49430074100013,24.911192234000055],[88.49365938300019,24.92719672000004],[88.48602834100006,24.93436528100011],[88.47973246400011,24.93538693],[88.47237653800005,24.94188487600013],[88.46041749700004,24.935491096000078],[88.4539310470002,24.93584604200015],[88.45274984700012,24.929802385000073],[88.45892322800012,24.927997334],[88.45713985700013,24.92248921700019],[88.4514074880002,24.920921765000173],[88.44124298200012,24.924436622000087],[88.43233618200014,24.933207420000144],[88.43247050700018,24.948707063000143],[88.43655514300008,24.95526439500003],[88.43439331100012,24.964047172000107],[88.41989597000008,24.969925326000123],[88.41273502600018,24.96598929300012],[88.40728784400011,24.967739147000145],[88.4003273780001,24.96368505000015],[88.3953111890001,24.96460844100011],[88.39278009500015,24.961215641000024],[88.4001575260001,24.954462502000013],[88.40094924600004,24.94866092700005],[88.39546290500004,24.9418031940001],[88.38847020200012,24.943244563000064],[88.38541771000018,24.938803182000072],[88.3774506760002,24.942838286000153],[88.37063864100008,24.94243212800012],[88.36652691400013,24.952422586000182],[88.35501156200019,24.942838234000135],[88.34922400200008,24.944494185999986],[88.34026682100011,24.94102018000018],[88.34127209900015,24.93555320500019],[88.33461266000012,24.926946801000042],[88.33641092500011,24.91918187500005],[88.3243437930002,24.916762469000105],[88.32809239500017,24.90457291700011],[88.33427257400001,24.90394234600012],[88.346456064,24.894096618000106],[88.33854632600014,24.877944313000114],[88.33285571300013,24.87093323100015],[88.32625770100009,24.870951948000027],[88.31601256200014,24.880908252000097],[88.3067945190001,24.87755363100007],[88.30087798800008,24.87299689500003],[88.29653924300015,24.88823293700017],[88.27720294600016,24.888780614999973],[88.27515162800006,24.897357748000104],[88.26789190500006,24.88911972700015],[88.2656102160002,24.876931772999967],[88.257463771,24.87741245600006],[88.26414726000013,24.894014813000183],[88.26389088000008,24.907541064000156],[88.26158515600008,24.917366551000157],[88.25649859300012,24.926010597000015],[88.23824080100007,24.942342698000175],[88.23020668500004,24.956546133000018],[88.22574718300018,24.960598699000172],[88.21598035200003,24.96137353500012],[88.2049138230002,24.959507091999967],[88.19101770900005,24.952757329000065],[88.184044944,24.954144063000058],[88.1759822300001,24.946721408000087],[88.17018861300011,24.950541486000134],[88.15879291800019,24.94175885599998],[88.15774438200009,24.933907213000055],[88.14993008000016,24.9328759820001],[88.14516957299998,24.936714681000183],[88.1383179770001,24.936394495000172],[88.13876999000013,24.920763497],[88.15310226600008,24.90709936000019],[88.15515024400008,24.899624562000042],[88.1661593390001,24.895578006999983],[88.15252586300005,24.88497772400018],[88.16386830400018,24.878339793000123],[88.15925994500003,24.872173184000133],[88.166980159,24.863127087000123],[88.16252481300012,24.85782466000012],[88.16355320000008,24.850063989000034],[88.15110438200014,24.849644086000012],[88.14466558500004,24.845061434000115],[88.13960301900005,24.83622534000017],[88.13298702999998,24.83355399600009],[88.13340591500008,24.81943238400015],[88.13623491800013,24.805370142000186],[88.13148787000011,24.805022009000027],[88.12330091400008,24.823043535000068],[88.11432132000016,24.81646414000005],[88.10485909600004,24.799671856000145],[88.10578554600016,24.78059813500016],[88.09744527000004,24.78029373400011],[88.08836493300004,24.782773605000045],[88.07810487000012,24.769673417000035],[88.07231861900016,24.77323507000017],[88.06862818600007,24.76394958100002],[88.07411402800011,24.76119220099997],[88.06619164800009,24.750276794],[88.07182432800005,24.74439313900001],[88.06214297500003,24.721059417000106],[88.05342885600015,24.711026998000023],[88.04160268100014,24.704896510000083],[88.0123621690002,24.673327273000098],[88.00816912400006,24.6678030490001],[88.02156850500006,24.656553027000086],[88.02720432300003,24.649718472000075],[88.04001829300017,24.643643274000112],[88.05311269600008,24.62314136700013],[88.06980216200003,24.601458641000193],[88.07047067100001,24.597869474000163],[88.08349885900009,24.58009905400013],[88.0897483870001,24.56580089700003],[88.10102453200005,24.550933830000133],[88.1141129080001,24.53747656200011],[88.12974781100013,24.523363433000043],[88.14059363100012,24.51114197800007],[88.14854764200015,24.504240386000106],[88.16648699800015,24.49819803400004],[88.18258857500007,24.48426734600008],[88.19140206700007,24.46822524300012],[88.20375274400016,24.459258007000187],[88.2284833010001,24.455437261000043],[88.2462156900001,24.44910031900008],[88.26388899300014,24.445828141000106],[88.27427875000012,24.43947325700009],[88.28622110000009,24.421144553000033],[88.29178408600012,24.416130831000146],[88.32719200400004,24.44169760300008],[88.33239117900007,24.447423127000093],[88.31876707300006,24.460217824999972],[88.30818041000015,24.480078882999976],[88.30550878900016,24.494010178999986],[88.31296082500018,24.517221682000013],[88.31043009500019,24.537699690000068],[88.30334914300016,24.5551464670001],[88.30196011400005,24.561710716000107],[88.3073821050001,24.5643570150001],[88.3067717300001,24.570058129000017],[88.31663487000014,24.56778952500008],[88.32277974000016,24.57177667800005],[88.33289786800015,24.587809535000076],[88.34394642500013,24.586495738],[88.35432673400004,24.59448070600007],[88.35935308100017,24.60226903500012],[88.3671781430001,24.5970721920001],[88.37235941000012,24.602690176000067],[88.38751740300006,24.598621025000057],[88.40127276300007,24.60602041500016],[88.41049976600016,24.608903698000063],[88.41528899700018,24.614376285000162],[88.42358517600013,24.616937500000063],[88.41930201100007,24.62404848200009],[88.42196966000006,24.63402204500011],[88.43115686100003,24.63782472200006],[88.43019380100009,24.64500198899998],[88.42145003100012,24.650555958000098],[88.43631644000016,24.65459399200006],[88.43481730900004,24.664555750999966],[88.44088238500018,24.66866846700009],[88.45681860899998,24.661932375000163],[88.45930378399999,24.657793090000098],[88.47408448500005,24.658627915000125],[88.47748820600003,24.66100106500005],[88.49256137400016,24.658358457000077],[88.49404682200014,24.6697798080001],[88.50224279900016,24.668150682000146],[88.5024060820001,24.675396197000055],[88.51022915800007,24.673650056999975],[88.51224137200012,24.68290942500016],[88.50312324400011,24.683274776000076],[88.49979238100013,24.679934494000122],[88.4816275170001,24.67997988800016],[88.47582770300005,24.669255156000077],[88.46593605400005,24.67172104400015],[88.456437816,24.677668861000143],[88.45941106800018,24.684600067000076],[88.47206694500011,24.685928062000073],[88.48229597900018,24.68146972300002],[88.48445747300013,24.688563839000096],[88.48979099200011,24.6914686290001],[88.48925659000014,24.709885481000185],[88.49804829800013,24.710885735000147],[88.49963802600001,24.71888589600013],[88.50355345700007,24.719717347000085]]]},"properties":{"adm2_name":"Chapainababganj","adm2_pcode":"BD5070","adm1_pcode":"BD50"}},
{"type":"Feature","geometry":{"type":"Polygon","coordinates":[[[89.72203321200016,24.011584794000044],[89.70690858199998,24.019573168000022],[89.69333023200005,24.039775905000113],[89.67983193900011,24.03643867300002],[89.6782433350001,24.05285923200006],[89.68277226500004,24.055776349000098],[89.66897213400011,24.06424856800004],[89.6568332700001,24.07575656600011],[89.63897782100003,24.084942518000048],[89.62952663200008,24.083286489000045],[89.61359455400009,24.09860547400001],[89.60997756400013,24.097554406000086],[89.5964785500002,24.102216680000026],[89.58864665800019,24.107508623000115],[89.58351972200018,24.107494818000134],[89.57835432100012,24.113034200000186],[89.5590631730002,24.11304974100011],[89.5622995490001,24.126015410000093],[89.55020119900007,24.13072203300004],[89.54335356900015,24.126120367000112],[89.52943813200011,24.137965775000055],[89.52794928500009,24.14704426300017],[89.5236116640001,24.15249756600008],[89.53171400900004,24.15475232700004],[89.52672461900005,24.162673841000185],[89.53661050300013,24.163630379000097],[89.53767984000007,24.17064099600009],[89.52221035500008,24.1749504980001],[89.5191235050001,24.18374720100013],[89.52637984000017,24.18681937700012],[89.52729711200004,24.193424656000104],[89.52361602500002,24.196357416000126],[89.51211063400012,24.198920254000086],[89.50472397800019,24.213512168000022],[89.49259112200014,24.214991539000152],[89.4898827930001,24.21234904800008],[89.48991141200008,24.20172667000014],[89.47927939300013,24.204308297000125],[89.47174390800006,24.202701528000148],[89.46788772100012,24.20930345100004],[89.46777863400007,24.219803617000025],[89.47401875999998,24.21965922300018],[89.47832279500005,24.229247705000034],[89.47097867700006,24.23211026700011],[89.45333130800003,24.228509732000134],[89.44617955400014,24.235844603000146],[89.45607577900017,24.235961333000034],[89.46354485900014,24.253132715000106],[89.46051849100002,24.26342042800013],[89.44803950800019,24.269989106000082],[89.44224619600016,24.265111177000165],[89.4391284460001,24.254160072000104],[89.43133397400015,24.254772384000148],[89.42471276300006,24.25131544800007],[89.42953004300006,24.271509219000166],[89.42548852600004,24.27346085099998],[89.42609645700014,24.282059794000133],[89.42096683200003,24.285404798000172],[89.42666533000005,24.307902453999986],[89.41541397100019,24.323541546000058],[89.40622725500003,24.32186280400009],[89.39912861800019,24.325869634000128],[89.403152885,24.33424282100009],[89.38377536000013,24.341728549000038],[89.38238535200009,24.345216077000146],[89.3667831950001,24.353879770000106],[89.35069356000014,24.348521542000128],[89.34021481900004,24.35201214700004],[89.33625729300019,24.34906190900017],[89.32045976300014,24.350808396],[89.31883744800012,24.34433385400007],[89.31199123200014,24.336357540000165],[89.30332337300013,24.334592725999983],[89.30071317200009,24.327541426000096],[89.29063170300003,24.328698080000038],[89.28839213300017,24.314241469000024],[89.28956312700006,24.303306860000077],[89.27944212000011,24.30439704400004],[89.27729098800012,24.294432426000128],[89.26963133800018,24.296508878000168],[89.26357137500014,24.282433462000142],[89.25910171400005,24.280551262000017],[89.25598780900009,24.27343958700004],[89.24284069600003,24.27552641800014],[89.23931361200005,24.267091511000046],[89.23419460100007,24.26598881800004],[89.23488797300007,24.25718213800019],[89.24206137500016,24.253889958000116],[89.23886661000006,24.240669583000056],[89.23336737300002,24.24239308099999],[89.22937156800009,24.233512201999986],[89.2215802560001,24.233278383000084],[89.2251563280002,24.22443675900007],[89.21813873500014,24.211185589000024],[89.21065210300014,24.20502815499998],[89.20525115300018,24.20681088600014],[89.19593354400007,24.19915073400017],[89.18320804700011,24.19536906100018],[89.17933814000008,24.197083566000174],[89.1663997070001,24.180438146000142],[89.16619123700008,24.17624410600007],[89.15531906600017,24.16744772400017],[89.146890886,24.16584854900009],[89.13375452200006,24.170270783000092],[89.12922064700018,24.166792714000167],[89.11201431600017,24.165964232000192],[89.10944090100014,24.16062975400007],[89.09900317100005,24.15781780499998],[89.08977796100004,24.159144843000036],[89.08203314700012,24.163387301000057],[89.08182612500008,24.153490904000023],[89.06898867800004,24.14815420300016],[89.05932082600003,24.15053298400005],[89.05558506200003,24.157098245000157],[89.04442404100018,24.168130499000085],[89.03992387200003,24.15788378800005],[89.03336411900005,24.159505728000113],[89.03254969000011,24.164361627000176],[89.02467297200013,24.169372268000075],[89.01268334999997,24.160365527000124],[89.00454787600012,24.159917544999985],[88.99555521600018,24.155968425000083],[89.00470134400018,24.151226023000106],[89.00925896100006,24.14573250900014],[89.00744566100013,24.135992440999985],[89.00952774000001,24.12280681900006],[89.0050426470001,24.116556292000098],[89.01175446300016,24.11130979500001],[89.0150848560001,24.103699871000117],[89.02238405300017,24.09542215400006],[89.02630923100003,24.07697817600007],[89.03231624900002,24.05912972300007],[89.03649611300006,24.05197583100005],[89.04112620300015,24.033933133],[89.0478872610002,24.016869680000127],[89.0599153610001,23.994992192999973],[89.06151408500006,23.98949237100004],[89.07073039700003,23.979025065000144],[89.08162211200016,23.975261319000083],[89.09464348500006,23.972835382000028],[89.09435041400008,23.96394699000018],[89.13649620700016,23.963175417],[89.14512162600016,23.96407545600016],[89.14894358800007,23.959785725000074],[89.14936533300005,23.953198927000017],[89.16567703500016,23.953902334000077],[89.17511185300009,23.964226874000076],[89.17344608600001,23.978336084000034],[89.17588551600005,23.987185625000166],[89.1953247670001,23.98699848500013],[89.21326473000005,23.989624718000073],[89.21210990000003,23.974645010000188],[89.2246139790002,23.97728205500016],[89.23340671000017,23.97383337100007],[89.23178622200004,23.963145084000075],[89.23248528700009,23.944712439000057],[89.24258037800018,23.938546331000055],[89.24456818500005,23.926765057000125],[89.25345943200006,23.90618651799997],[89.26217310800018,23.898944126000117],[89.27995620900015,23.899085181000146],[89.29347434700003,23.892604218000088],[89.3025479760002,23.89041020400009],[89.3091066070001,23.87897820800015],[89.32085159500002,23.88075239900013],[89.33244883500004,23.88456698300007],[89.34573846800015,23.893493967999973],[89.35014132700019,23.88612245700017],[89.35848383200005,23.886730688000114],[89.3666091990001,23.889671975000056],[89.36756918900011,23.908713833000093],[89.39043572500009,23.905212564000067],[89.39329465300005,23.903142682],[89.40752486800017,23.88482765200007],[89.43566849200016,23.86868010600017],[89.46554964600006,23.84509303500016],[89.49325453600011,23.831923381000138],[89.49370223600005,23.829442393000193],[89.52729455600019,23.81543609700003],[89.54999492900004,23.81320575800015],[89.5510875600001,23.816015536000066],[89.56466268000014,23.81179960200012],[89.565088586,23.808508747000076],[89.5784262750002,23.806370006000122],[89.58660625600015,23.812783367000065],[89.60488041900004,23.81100094100003],[89.61601717800016,23.811564658000066],[89.63364320700009,23.809218905000023],[89.64264559700013,23.810762390000093],[89.64916602600005,23.81692377200011],[89.65934624300013,23.813865197000098],[89.6652242770001,23.80925640600003],[89.68403096900005,23.81214758800013],[89.70415803000014,23.814019179000013],[89.72203282900006,23.825190334000183],[89.73462799100014,23.83080014000018],[89.73532872200013,23.835916764000046],[89.71523473800005,23.857031472000017],[89.71154948200012,23.86644312100009],[89.70370507800016,23.87657608000012],[89.70089810000007,23.88723333300004],[89.70623317400009,23.89245075399998],[89.70134682000008,23.896356861000186],[89.70304146700005,23.90171856800015],[89.6995578440002,23.91367736],[89.69863148900004,23.925600438000117],[89.69134387600019,23.925631139000075],[89.68714540299999,23.94028203300013],[89.69740817600012,23.943302774000017],[89.69691248300006,23.98054673100006],[89.69814432700002,23.98767076200005],[89.70727263000009,23.999828628000046],[89.72203321200016,24.011584794000044]]]},"properties":{"adm2_name":"Pabna","adm2_pcode":"BD5076","adm1_pcode":"BD50"}},
{"type":"Feature","geometry":{"type":"Polygon","coordinates":[[[88.96309838800016,24.583539707000114],[88.9550906680002,24.579420586000083],[88.94879337400016,24.581918687000098],[88.94511001800004,24.587930069000095],[88.93388290200016,24.588212220000116],[88.93292827700009,24.59597173400016],[88.92678971900006,24.59773420200014],[88.92698523700005,24.609008498000037],[88.92459973600012,24.61807336300018],[88.91947880600009,24.620434266000018],[88.91148417500006,24.631032586000117],[88.90990565200008,24.64316260100003],[88.89800606100005,24.643653786000073],[88.89030744100006,24.639598747000036],[88.88302529200018,24.643380672000035],[88.88130326200013,24.637046587999976],[88.87512474800019,24.636833239],[88.87327117400014,24.6452176090001],[88.86318290800011,24.64733164100005],[88.86170440400019,24.65596932300008],[88.85279037200019,24.657752746000142],[88.8327168350001,24.65737975500008],[88.8271261490001,24.651206142000035],[88.81121536100005,24.656316020000077],[88.81362904700012,24.66381251500013],[88.8132116540001,24.673069711000096],[88.80475391100015,24.675424989000135],[88.8059825110002,24.680011816000103],[88.80126459000019,24.68803510500004],[88.79352198200007,24.689226012000063],[88.78789903900014,24.68236521200015],[88.76734901700019,24.670704640999986],[88.75733760600008,24.67388110799999],[88.74161298200016,24.68804357400012],[88.73576559400004,24.67678365600017],[88.73420352100004,24.66708577500009],[88.71917612700014,24.67212838100005],[88.71122573800017,24.671281035000106],[88.70145251800011,24.667002433000107],[88.70334560900017,24.659013896000033],[88.70115425000017,24.64228217800013],[88.70427324200011,24.631753356000104],[88.682893176,24.64037426599998],[88.67836413600008,24.635492205000105],[88.66912729100011,24.636437884000088],[88.66255897000013,24.630975190000186],[88.65171297300003,24.628821774000187],[88.63840654900002,24.621328990000166],[88.63026854300011,24.626212493000025],[88.62252377600015,24.64897364400008],[88.62757014000005,24.654950139000107],[88.62573359500004,24.665042213000106],[88.62819329600012,24.672367541000085],[88.62411784300014,24.67594894500013],[88.62301166399999,24.693684547000146],[88.61806064500007,24.701826754000137],[88.60629736500005,24.703311024000186],[88.59986561400018,24.6995654480001],[88.59198025500007,24.700040217000037],[88.58901203699997,24.68969594200007],[88.57645964000011,24.68070805700006],[88.57051347300012,24.685583998000027],[88.57368754300018,24.689451785000017],[88.5725608940001,24.69736457100015],[88.56205179000011,24.705237370000077],[88.55090744700004,24.706577132000064],[88.54489554800011,24.70283037400003],[88.52436548300005,24.709058863000166],[88.51727505300016,24.708939289000057],[88.50355345700007,24.719717347000085],[88.49963802600001,24.71888589600013],[88.49804829800013,24.710885735000147],[88.48925659000014,24.709885481000185],[88.48979099200011,24.6914686290001],[88.48445747300013,24.688563839000096],[88.48229597900018,24.68146972300002],[88.47206694500011,24.685928062000073],[88.45941106800018,24.684600067000076],[88.456437816,24.677668861000143],[88.46593605400005,24.67172104400015],[88.47582770300005,24.669255156000077],[88.4816275170001,24.67997988800016],[88.49979238100013,24.679934494000122],[88.50312324400011,24.683274776000076],[88.51224137200012,24.68290942500016],[88.51022915800007,24.673650056999975],[88.5024060820001,24.675396197000055],[88.50224279900016,24.668150682000146],[88.49404682200014,24.6697798080001],[88.49256137400016,24.658358457000077],[88.47748820600003,24.66100106500005],[88.47408448500005,24.658627915000125],[88.45930378399999,24.657793090000098],[88.45681860899998,24.661932375000163],[88.44088238500018,24.66866846700009],[88.43481730900004,24.664555750999966],[88.43631644000016,24.65459399200006],[88.42145003100012,24.650555958000098],[88.43019380100009,24.64500198899998],[88.43115686100003,24.63782472200006],[88.42196966000006,24.63402204500011],[88.41930201100007,24.62404848200009],[88.42358517600013,24.616937500000063],[88.41528899700018,24.614376285000162],[88.41049976600016,24.608903698000063],[88.40127276300007,24.60602041500016],[88.38751740300006,24.598621025000057],[88.37235941000012,24.602690176000067],[88.3671781430001,24.5970721920001],[88.35935308100017,24.60226903500012],[88.35432673400004,24.59448070600007],[88.34394642500013,24.586495738],[88.33289786800015,24.587809535000076],[88.32277974000016,24.57177667800005],[88.31663487000014,24.56778952500008],[88.3067717300001,24.570058129000017],[88.3073821050001,24.5643570150001],[88.30196011400005,24.561710716000107],[88.30334914300016,24.5551464670001],[88.31043009500019,24.537699690000068],[88.31296082500018,24.517221682000013],[88.30550878900016,24.494010178999986],[88.30818041000015,24.480078882999976],[88.31876707300006,24.460217824999972],[88.33239117900007,24.447423127000093],[88.32719200400004,24.44169760300008],[88.29178408600012,24.416130831000146],[88.31069437000014,24.401575851000075],[88.32843133000006,24.384454573000085],[88.34557917000012,24.375875340000164],[88.35717061700007,24.37338971100013],[88.3790973130001,24.373878667000042],[88.39086364200011,24.371539025000118],[88.4126257600002,24.376405210000144],[88.4196002540001,24.380927429999986],[88.42953719500014,24.38323398100016],[88.44686035500013,24.37785709200017],[88.46409025899999,24.366339278],[88.48532283000009,24.355525349000118],[88.49527666600011,24.35403747300012],[88.50827292700012,24.342691215000116],[88.52752100200013,24.34400576700017],[88.53942141000016,24.321882339000013],[88.55578388800006,24.294422874000077],[88.56248817700009,24.314955299000133],[88.56777116300003,24.32648465700015],[88.58755557900008,24.324148435000097],[88.58841167800017,24.31405624500013],[88.59980363500011,24.310834140999987],[88.60725674900004,24.31516943000014],[88.62387447800018,24.315524149999987],[88.62869336000011,24.305221404],[88.6485856180002,24.310860769999977],[88.65300492000011,24.305186144000118],[88.65931407700015,24.3143015980001],[88.68209128400008,24.315871379000043],[88.69664501500017,24.31542811100013],[88.70570463400009,24.312195983000038],[88.71549992900009,24.303535469000053],[88.72423767600014,24.298213428000167],[88.73362956200009,24.28200104100017],[88.73853366500003,24.267933925000136],[88.74096480500009,24.252509618000147],[88.73478258900019,24.219466142999977],[88.74733513400002,24.199274305000188],[88.75101192800014,24.199734157000023],[88.75805839000003,24.192537909],[88.7736399100001,24.170295067000154],[88.78233196100012,24.160778604000086],[88.7749461630001,24.153704857000037],[88.79516992100008,24.14032650000007],[88.80189384900007,24.13147731099997],[88.8211882870001,24.125581337000142],[88.83687756200015,24.126378974000147],[88.84468147800015,24.131313848000048],[88.86166908700017,24.11703583900004],[88.8731550220001,24.133781731000056],[88.8833025130001,24.132911710000087],[88.89199625900017,24.15180466400011],[88.89508677100008,24.16438012700013],[88.88254264300014,24.16307046300011],[88.87503659300006,24.16712275900005],[88.86174219000009,24.167295758000023],[88.86448403200012,24.1744502520001],[88.86969194699998,24.175527856000087],[88.87355393400009,24.184135797000124],[88.8762377380001,24.203662343000133],[88.87060874300016,24.205562355000154],[88.87344450700016,24.21339505900005],[88.87130786400019,24.22679006400017],[88.87807196500006,24.230316943000048],[88.88827079600003,24.229624146000162],[88.90044250300019,24.23427315700019],[88.89959022100004,24.24176264000016],[88.90989070500018,24.24079822500005],[88.91724261800016,24.244914627000128],[88.91687402700012,24.259361465000154],[88.90883022700018,24.261200454000118],[88.90494668600013,24.271828972000094],[88.90187820400007,24.27352270100016],[88.9041812980002,24.29214287800005],[88.88606266600016,24.295024726000122],[88.88008238700013,24.292729569000016],[88.8777720560002,24.302197100000114],[88.87229676000015,24.312686415000144],[88.8647036820002,24.31542021400014],[88.8536922890001,24.31058299900019],[88.84587713400015,24.319373881000104],[88.84969871000015,24.331723009000143],[88.84501758900018,24.342273556000123],[88.85400011000007,24.348471954000104],[88.85583347100015,24.355060128000048],[88.86174577400004,24.364135299000168],[88.8734399270001,24.361607476000188],[88.87971699200017,24.365266273000145],[88.89337105600015,24.364138382000192],[88.89622739600009,24.380342281000026],[88.89019065000008,24.385225230000174],[88.89761731900006,24.402040456000066],[88.89761654600005,24.411215638000158],[88.90138846200006,24.422079892000056],[88.89827187200012,24.42660869600013],[88.89749744700009,24.44307498800009],[88.90059439300018,24.449960836000173],[88.89201646700008,24.456183541000144],[88.89897818800011,24.463386671000023],[88.8960911910001,24.473784917000046],[88.89538961400018,24.48568416800009],[88.90429028900007,24.48798859300007],[88.90617818800007,24.49789983200003],[88.91315474600015,24.50372980900005],[88.92324809500013,24.505247044999976],[88.92819804800013,24.517419448000055],[88.90229530300002,24.513831191000065],[88.89795679700006,24.52173044600005],[88.8903395970001,24.521385639000016],[88.8848580240001,24.52968924600009],[88.89794795800015,24.530340829000068],[88.89726934500004,24.538420470000062],[88.90809910000019,24.540377676000162],[88.92199186300013,24.548205517999975],[88.93859438400006,24.539643056000102],[88.94405305300006,24.540315780000185],[88.94918071500013,24.549474804000056],[88.96321217800016,24.551953796000134],[88.96396088900002,24.57087322100017],[88.96168855500014,24.572921078000036],[88.96309838800016,24.583539707000114]]]},"properties":{"adm2_name":"Rajshahi","adm2_pcode":"BD5081","adm1_pcode":"BD50"}},
{"type":"Feature","geometry":{"type":"Polygon","coordinates":[[[89.72108423900005,24.78008968300003],[89.70041635799998,24.77826344300007],[89.68456517700002,24.782443979000107],[89.67712382300004,24.77615138400006],[89.67895598600018,24.76833875600005],[89.67470835800009,24.759772452],[89.66826719200009,24.753919600000188],[89.67105216100003,24.748294727000086],[89.65592457100013,24.745743288000085],[89.6609942500001,24.72770125600016],[89.65405701500015,24.72596720700011],[89.64189091100019,24.71515525799998],[89.64663623800016,24.701195038000094],[89.6427926880001,24.70143881900009],[89.62850697800008,24.69014545000016],[89.62609653400017,24.68560008600008],[89.61761979300019,24.688229437000132],[89.60813652700011,24.686629016000154],[89.60568305200007,24.69385894300018],[89.59732292300015,24.696523565],[89.59510905100012,24.70210573200012],[89.57201972100017,24.700212827000087],[89.56532069500014,24.69847537400011],[89.56315934700018,24.711079019000124],[89.55369962600003,24.70259565300006],[89.55729477500006,24.69497713000004],[89.55863725900014,24.68122642300017],[89.55162755400005,24.678947832000176],[89.54913465700008,24.674463102],[89.55171186600006,24.666335039000103],[89.54635393500007,24.651993854000068],[89.56249944200005,24.65300807200009],[89.56266661200016,24.649964994000015],[89.55478042100003,24.641129514000113],[89.55976609800018,24.62764005500003],[89.55629719,24.62232619000008],[89.54966613900018,24.62463658000013],[89.54906324500001,24.617899632000103],[89.5565929490001,24.61620153400014],[89.57193327400006,24.622157002000108],[89.582948842,24.620934839000142],[89.5904691140002,24.609921376000102],[89.59759906800019,24.610407987000087],[89.60457146500005,24.606158928000184],[89.6012780330002,24.59443647000012],[89.6042047470001,24.58542028500011],[89.60523706700002,24.568833695000137],[89.60147921500015,24.560587297000154],[89.59455238300006,24.55874220700008],[89.59088835200004,24.55328858300004],[89.57976945200005,24.55203874900019],[89.57076450600016,24.545422662000135],[89.56441574600012,24.546675635000156],[89.56168631400004,24.554477680000105],[89.55295191400018,24.554630401],[89.5460486090002,24.552031293000084],[89.53891023700004,24.552786332000096],[89.53296762700018,24.563086444000078],[89.52938257200015,24.56171380600017],[89.52889001300014,24.544794141000068],[89.52458673600017,24.537819653000156],[89.52157602000011,24.55183143199997],[89.50480138,24.557040317000087],[89.49427632500004,24.552751581000166],[89.48651437100011,24.55690687599997],[89.47324944500019,24.551988675000132],[89.47478665800014,24.544443798000145],[89.46660633300013,24.545792367000104],[89.45726997700018,24.542451149000044],[89.45650501000006,24.547213189000047],[89.43089648600005,24.551392200000066],[89.43025513600008,24.556481193000025],[89.42471869200011,24.560594639000044],[89.41065536400004,24.56105470199998],[89.41054841400006,24.555152323000016],[89.40279466300007,24.551308331000143],[89.3942907350002,24.5525297530001],[89.39410844600013,24.556882106000103],[89.3850684630001,24.55770572800003],[89.38169699100001,24.5541765050001],[89.36979595100013,24.557127861000083],[89.34681990600006,24.55849761999997],[89.34219537500013,24.56344694200004],[89.33762351600018,24.55924320200006],[89.33458548000016,24.555694096000025],[89.33647732600019,24.547423052000113],[89.33097761600004,24.54605309200008],[89.31594787000012,24.52007956900013],[89.30931146000006,24.514675750000038],[89.30386716600009,24.50171347700001],[89.29874849500015,24.501524970000162],[89.29295501800016,24.493444338000188],[89.28080552000011,24.481912776000115],[89.28360508200012,24.47419984000004],[89.28139185300006,24.464081092000185],[89.27543899600005,24.459284165000042],[89.2748797070002,24.453463088000035],[89.26969813300013,24.448918002000028],[89.26063055100019,24.445751379000114],[89.24842748700019,24.435569451],[89.24844101900004,24.430582004000087],[89.25637834800017,24.428119563],[89.26755426800008,24.432468449000112],[89.28494420800007,24.425130158],[89.286468695,24.41748016300005],[89.28422711100018,24.40695122000011],[89.2876969720001,24.405174861000148],[89.28692066100012,24.381283265000036],[89.2949276220001,24.36957578400012],[89.3004780070001,24.372136469000168],[89.30685807300006,24.364324480000107],[89.31936236900009,24.35787623900012],[89.32045976300014,24.350808396],[89.33625729300019,24.34906190900017],[89.34021481900004,24.35201214700004],[89.35069356000014,24.348521542000128],[89.3667831950001,24.353879770000106],[89.38238535200009,24.345216077000146],[89.38377536000013,24.341728549000038],[89.403152885,24.33424282100009],[89.39912861800019,24.325869634000128],[89.40622725500003,24.32186280400009],[89.41541397100019,24.323541546000058],[89.42666533000005,24.307902453999986],[89.42096683200003,24.285404798000172],[89.42609645700014,24.282059794000133],[89.42548852600004,24.27346085099998],[89.42953004300006,24.271509219000166],[89.42471276300006,24.25131544800007],[89.43133397400015,24.254772384000148],[89.4391284460001,24.254160072000104],[89.44224619600016,24.265111177000165],[89.44803950800019,24.269989106000082],[89.46051849100002,24.26342042800013],[89.46354485900014,24.253132715000106],[89.45607577900017,24.235961333000034],[89.44617955400014,24.235844603000146],[89.45333130800003,24.228509732000134],[89.47097867700006,24.23211026700011],[89.47832279500005,24.229247705000034],[89.47401875999998,24.21965922300018],[89.46777863400007,24.219803617000025],[89.46788772100012,24.20930345100004],[89.47174390800006,24.202701528000148],[89.47927939300013,24.204308297000125],[89.48991141200008,24.20172667000014],[89.4898827930001,24.21234904800008],[89.49259112200014,24.214991539000152],[89.50472397800019,24.213512168000022],[89.51211063400012,24.198920254000086],[89.52361602500002,24.196357416000126],[89.52729711200004,24.193424656000104],[89.52637984000017,24.18681937700012],[89.5191235050001,24.18374720100013],[89.52221035500008,24.1749504980001],[89.53767984000007,24.17064099600009],[89.53661050300013,24.163630379000097],[89.52672461900005,24.162673841000185],[89.53171400900004,24.15475232700004],[89.5236116640001,24.15249756600008],[89.52794928500009,24.14704426300017],[89.52943813200011,24.137965775000055],[89.54335356900015,24.126120367000112],[89.55020119900007,24.13072203300004],[89.5622995490001,24.126015410000093],[89.5590631730002,24.11304974100011],[89.57835432100012,24.113034200000186],[89.58351972200018,24.107494818000134],[89.58864665800019,24.107508623000115],[89.5964785500002,24.102216680000026],[89.60997756400013,24.097554406000086],[89.61359455400009,24.09860547400001],[89.62952663200008,24.083286489000045],[89.63897782100003,24.084942518000048],[89.6568332700001,24.07575656600011],[89.66897213400011,24.06424856800004],[89.68277226500004,24.055776349000098],[89.6782433350001,24.05285923200006],[89.67983193900011,24.03643867300002],[89.69333023200005,24.039775905000113],[89.70690858199998,24.019573168000022],[89.72203321200016,24.011584794000044],[89.73788037800006,24.021073947000104],[89.75418634500016,24.02468901700007],[89.76540249400011,24.02400209000018],[89.77702229500011,24.028138126999977],[89.78648474900018,24.034895028000108],[89.78610779500008,24.041358423000133],[89.79685272500006,24.04508678999997],[89.80741994100009,24.05662628300007],[89.81795024100006,24.06506571000017],[89.82417430000015,24.075520959000016],[89.82560743300013,24.09397530100017],[89.82160598600012,24.1002593180001],[89.81912278300007,24.10966336600012],[89.81916970500004,24.131193730000064],[89.82323197600016,24.141194763000044],[89.81292697400016,24.14746880700011],[89.80499363300004,24.161104568999974],[89.79323339100006,24.158058829000026],[89.7860865990001,24.160765368000057],[89.78365822900008,24.16659664900004],[89.79068515400019,24.172167936000108],[89.80323954100004,24.17412946100012],[89.79855459499998,24.19262192900004],[89.78944047800007,24.220909134000124],[89.7872268340002,24.233049552000068],[89.78645230000006,24.24971695199997],[89.79097918500008,24.260566091000157],[89.79274581300007,24.27482349900015],[89.79109139400003,24.286273360000052],[89.78674876700018,24.29416572800011],[89.7783354660001,24.30068148700019],[89.77495481900007,24.313341466000054],[89.77605374800015,24.325080000000185],[89.7724212940002,24.334208056000136],[89.75755993900003,24.344176507999975],[89.75345095500006,24.34990509200003],[89.7557500330002,24.36216949400017],[89.76495656200018,24.370757292000178],[89.76800396300018,24.37988183900012],[89.76475554400008,24.395458915],[89.774036126,24.396814257000074],[89.77243345000011,24.405624603000035],[89.76269364300009,24.41035132700017],[89.75963278100011,24.40718767600015],[89.7509108700001,24.427741066000067],[89.74983921100016,24.438121255000112],[89.75751771400019,24.454162777000136],[89.74609204800004,24.454516579000085],[89.74501728900003,24.470430085000146],[89.75203886600019,24.47243928400019],[89.75129504800009,24.487073119000172],[89.75924485200011,24.498657802000082],[89.74973337000006,24.51178561900008],[89.7387035000001,24.515268938000077],[89.73673747100008,24.519598436000024],[89.7431723540002,24.52367149100013],[89.7487660920001,24.520890142000155],[89.75119206800014,24.530300579000084],[89.74869665400007,24.53888323400014],[89.7609859640001,24.53829583600003],[89.77042824600011,24.541128364000087],[89.76864853500001,24.557459270000038],[89.77386457900013,24.56587332099997],[89.78916288300007,24.57469137200013],[89.78416562000007,24.58112199200019],[89.77958704800011,24.597083129],[89.77359450800009,24.601594520000162],[89.76723076200005,24.615127571000187],[89.76989883100009,24.625217606000035],[89.788005053,24.6282584760001],[89.78573350900018,24.636952588000042],[89.78758416300019,24.66698937000018],[89.785510209,24.67168503700009],[89.79995713900007,24.679402021000044],[89.7979695190001,24.687419276000185],[89.7918792530001,24.688291525000125],[89.79046552200015,24.69855602800004],[89.79497876200014,24.70494295800006],[89.78109677100008,24.712566170000173],[89.77579216999999,24.718925465000098],[89.77463986100014,24.726022407000073],[89.78906281500014,24.729269845000147],[89.79115065700006,24.74174058],[89.7795435760001,24.745891934000156],[89.78366874300008,24.750542314000143],[89.78495036200013,24.758475944000054],[89.78167958800009,24.768606628000157],[89.77446755,24.77459725600005],[89.76121066700011,24.76828639300004],[89.74607870200015,24.776238405000015],[89.74458962900013,24.77020747800009],[89.73909145100015,24.767429902000174],[89.72108423900005,24.78008968300003]]]},"properties":{"adm2_name":"Sirajganj","adm2_pcode":"BD5088","adm1_pcode":"BD50"}},
{"type":"Feature","geometry":{"type":"Polygon","coordinates":[[[88.62479981000018,26.057155054000134],[88.6177787260001,26.059631696999986],[88.60881271000005,26.054636526000138],[88.60623784100011,26.034797150000145],[88.59432484900009,26.031212598000025],[88.59277422600013,26.02402245600001],[88.5878882510001,26.021205413000075],[88.57374692800005,26.022260511000184],[88.56376104600014,26.02617910300006],[88.55233178200007,26.024329342000044],[88.54380879400009,26.017664530000104],[88.54131947000013,26.009288500000025],[88.54291023700006,26.00154719500017],[88.53898095200009,25.995840193000106],[88.53090549900014,25.994024999000032],[88.52859215500001,25.990399301000082],[88.52821919500008,25.979841739000165],[88.5316525,25.97046262300006],[88.53775349000017,25.963238742000158],[88.53516513100016,25.952360817000113],[88.52392261900019,25.95322850700012],[88.51641716900002,25.942961388000185],[88.51155576200006,25.942900152000107],[88.50596423000013,25.934324631000095],[88.50758462400012,25.9259723400001],[88.50250750900005,25.925701027000173],[88.50218780100005,25.915766945000144],[88.50689172200015,25.91262166500013],[88.50035511400006,25.906286600000044],[88.4940504830002,25.908220727000128],[88.48018033900013,25.90435192000001],[88.47813920700014,25.895149819999972],[88.47919219600016,25.887121420000085],[88.48291147300012,25.88395011300014],[88.48544829200017,25.869970395000053],[88.48037447400009,25.864247740000053],[88.46825137000013,25.86444530800003],[88.46617624400005,25.87255085400011],[88.46079407200006,25.869294906],[88.45843243100012,25.861443359000077],[88.44425710299998,25.862628248000135],[88.4437475470001,25.871541787000012],[88.43526424400011,25.87284088100006],[88.41872553800005,25.871257546000038],[88.41737110200006,25.868528435000087],[88.42553455200016,25.862092319000112],[88.42175444399999,25.85642609399997],[88.40820822500018,25.86947318800003],[88.40302014300005,25.865764424000133],[88.402982076,25.857693111000117],[88.3969166460002,25.84186815700008],[88.38604124200003,25.83902727400016],[88.38698725500007,25.81843625500005],[88.39032881200006,25.813564408000104],[88.38546137500015,25.80862860299999],[88.38864270300007,25.803856565000046],[88.38363035600008,25.78785545000011],[88.38784934699999,25.776797967000107],[88.38665911800018,25.763062356999967],[88.39058066000013,25.760616326],[88.38888272800017,25.754014717000132],[88.39278912000009,25.750931974000025],[88.39257531000015,25.74288571200009],[88.40205110200009,25.729253923000044],[88.40892175800013,25.727714580000168],[88.41330092800007,25.731942318],[88.42900968600009,25.729106241000125],[88.425042475,25.724093457000095],[88.43132932700007,25.715306989],[88.42385485100016,25.71477524400018],[88.42910904800016,25.70734286900006],[88.435956256,25.70998127600018],[88.43567369800007,25.69550617200008],[88.42838407400018,25.685951990000092],[88.43057736900005,25.68190922700012],[88.42623282200003,25.67685779300018],[88.42861343400017,25.66930169300008],[88.44370263500014,25.66503796300009],[88.45412844300017,25.663943508000045],[88.45594171700009,25.64398098200013],[88.45358520700017,25.627048404000163],[88.44730692600018,25.621725119000132],[88.44505959800006,25.61445605900019],[88.44799457500017,25.601184120000084],[88.45741438300007,25.598834893000173],[88.46587335200019,25.59197660500007],[88.46857418400003,25.584059979000187],[88.48395330000011,25.586267379],[88.49984579300008,25.58400711800016],[88.49871705700014,25.57276643500012],[88.49386961000005,25.564685831000133],[88.49368323800007,25.559169796000162],[88.50000686599998,25.550759274000086],[88.5072600580001,25.547222015000045],[88.51932896300008,25.544520892000094],[88.51806833100005,25.53856286000007],[88.52456702200016,25.536682823000035],[88.527065735,25.54325141000004],[88.53229681300013,25.54222924200002],[88.53264661700013,25.53543453500015],[88.53915736200014,25.534761532000175],[88.54034146600009,25.52981212800006],[88.53730697500009,25.52102413],[88.54065488400005,25.511229875000083],[88.54763970100004,25.511407600000155],[88.54765335700012,25.518023459000176],[88.55979385199998,25.5127892860001],[88.56752803500018,25.514208099000143],[88.57229203700018,25.509164663000092],[88.584115445,25.509703698000067],[88.59818075800018,25.50654565000002],[88.60285092400005,25.515492599000027],[88.61979861700019,25.503893165000022],[88.6236148970001,25.496863986000108],[88.64054063500004,25.50001044300012],[88.64486253100006,25.498283049],[88.64426678200005,25.49006351100013],[88.64643875500008,25.477971302000128],[88.66045215100013,25.481881919000102],[88.6633078640001,25.473611491999975],[88.67817255600005,25.47408699900018],[88.68459735700009,25.475842192000187],[88.69391267700007,25.474194095000144],[88.70710965100005,25.47697228600009],[88.71001916799997,25.480788446000133],[88.70815528100007,25.491371538000067],[88.71324681100015,25.49890814800017],[88.73213574200008,25.504492400000174],[88.74212724900019,25.504294050000112],[88.74620921400015,25.492620516000045],[88.76473385700018,25.49449551700019],[88.7692707830002,25.50025589500018],[88.75999713600004,25.512051070000098],[88.75960739200008,25.52576751700019],[88.77655850700012,25.516298511000116],[88.78628734100005,25.51684215000006],[88.79221995900008,25.52274884600007],[88.80389908500007,25.524934906000112],[88.81040492400007,25.52304884600005],[88.80749415600008,25.51459415200003],[88.80990425100009,25.51163635299997],[88.80916792300013,25.499659859000076],[88.81299998100013,25.489905473000192],[88.81797184700008,25.48810591100016],[88.82951781900005,25.490142063],[88.83736730900011,25.472344490000125],[88.83519361600008,25.463790015000143],[88.83827200899998,25.45439905300009],[88.83045659400005,25.449720753000065],[88.8258887720001,25.443530803000044],[88.82839111900012,25.436844232000055],[88.83311355200016,25.43587956300007],[88.83461858800013,25.427537080000036],[88.83041895800011,25.417896448000135],[88.8206485890002,25.415892859000166],[88.82466915700019,25.40084147800013],[88.83774244500006,25.401954435000107],[88.84178784400018,25.393268441000146],[88.83781081300003,25.391185127000085],[88.84041819200019,25.384006986000088],[88.8384472090001,25.36859622300011],[88.84651892700003,25.36200272500008],[88.85443196900019,25.363288016000126],[88.85749281700015,25.354275522000137],[88.86949138300008,25.35271573600005],[88.86720016400017,25.343124555000088],[88.87627918600015,25.336911781000083],[88.87812023200007,25.331781211000134],[88.8856803070002,25.325700715000096],[88.88812680800004,25.33684592300017],[88.90674167400016,25.337894988000187],[88.90759157100018,25.326302720000058],[88.91637794700011,25.312312914000017],[88.92438486800012,25.312263199000085],[88.928749449,25.305398543000024],[88.9446266720002,25.301260035999974],[88.96692110300017,25.302165129000173],[88.97471944500006,25.301413648000107],[88.97600536900006,25.305601122000155],[88.98454244200008,25.30543893400005],[88.9926850010001,25.295808036000096],[89.00868588500009,25.298164891000113],[89.00624640300003,25.274539891000074],[89.00674910800018,25.268572236000068],[89.02006010399998,25.266399946000092],[89.02692694100017,25.27060419700007],[89.03141002700005,25.276638788000128],[89.04613115100017,25.265553262000026],[89.05767318400012,25.26454687500018],[89.07181203900018,25.26946048000019],[89.08360464100014,25.25865975300013],[89.08565702700014,25.25277585500004],[89.09395119400011,25.25131670000019],[89.1006464830001,25.24240882500004],[89.1108219240001,25.241836060000026],[89.121306242,25.244336928000166],[89.12437943300017,25.25443504300017],[89.133434024,25.24652162899997],[89.14465078600011,25.248374982000144],[89.14386201100012,25.257718315000034],[89.15616220200008,25.258606356000087],[89.15825675400004,25.254249973000128],[89.177557144,25.236391739000112],[89.1910956430001,25.238917346000108],[89.2004863640002,25.233667719000152],[89.20852984900006,25.23253793600003],[89.21623579100009,25.235932909000155],[89.22261052700014,25.23020160400017],[89.23253348100013,25.23103149100018],[89.23598454800015,25.225938229000064],[89.24378510500014,25.223528874000124],[89.25596879500011,25.226834859],[89.2625705440002,25.224538968000047],[89.27786207100007,25.231290164000143],[89.28565854700014,25.22955811100013],[89.29199178100015,25.222937718000082],[89.30062167600016,25.223060082000075],[89.3030644230002,25.228178306000075],[89.29644938000007,25.23109537800019],[89.289373469,25.24257296600007],[89.29022099700018,25.249970640000186],[89.28542396400019,25.256993426],[89.27951621500011,25.258511158000033],[89.27267383400005,25.264943313000117],[89.26967171300004,25.273023303],[89.2626552070002,25.282519869999987],[89.26945094000018,25.28905406000007],[89.26546034600005,25.295465200000137],[89.26872699500007,25.299937869000075],[89.28358295500016,25.301155700000038],[89.28467289500014,25.30459216800017],[89.27231553100012,25.30799028600012],[89.26507668500017,25.314352309000128],[89.26826332100006,25.321420772000067],[89.26157266700017,25.32256895000006],[89.25778421100006,25.316450004000046],[89.24102106400011,25.31827143200013],[89.23822143400014,25.325982314000044],[89.24545520999999,25.328738466000175],[89.23956770800015,25.334729072000073],[89.23204846500016,25.338155396000047],[89.23159655700005,25.33059930500002],[89.22496036100006,25.332722756000123],[89.22852297500015,25.34493667800018],[89.23635562600009,25.34692124000003],[89.24022417200007,25.352966624000032],[89.2334617620001,25.35877859200008],[89.23929512000012,25.361778921000052],[89.23553034400004,25.37267458900004],[89.22583211900007,25.369911188000117],[89.21086791200014,25.37265388800006],[89.21684269200011,25.378011304000097],[89.20644674100015,25.388665001999982],[89.19252193000005,25.392636942000024],[89.18574908100004,25.38924521300015],[89.18194751800019,25.398669529000074],[89.17436480000003,25.40101784800015],[89.17012446000018,25.407400490000157],[89.16418365100009,25.401858546000085],[89.15727936700006,25.4038779710001],[89.15429162600003,25.411035129000027],[89.14830282100007,25.413384729000086],[89.15089624300003,25.427055273],[89.14562293900019,25.434627635000027],[89.1311092730001,25.440409956],[89.12437385300007,25.451876277999986],[89.11450540100014,25.455787708000173],[89.12305190900014,25.460376508000024],[89.11268042200004,25.470644318000154],[89.10743577400007,25.471434228000135],[89.10380087100015,25.47790703400011],[89.10166821800016,25.493391379000116],[89.102791234,25.5015399400001],[89.10871929300015,25.502203668000163],[89.10488488100015,25.510966925000048],[89.1006409200001,25.52878599700017],[89.10391793300005,25.535695767999982],[89.09867102800018,25.53877684600019],[89.09283042200008,25.54684694700012],[89.09770979900014,25.55161881200013],[89.10488867100008,25.56494784000006],[89.08710717100018,25.572522263000167],[89.07188360500004,25.58578021300002],[89.05921945500006,25.589812299000073],[89.05097823200003,25.587143854000146],[89.04596439300008,25.582743177999987],[89.04181505700012,25.58666086400018],[89.0426212380001,25.593424778999974],[89.03998978700008,25.60093592400017],[89.03442392800008,25.60403478500018],[89.01230065900006,25.602757316000066],[89.0115155540002,25.6123728070001],[89.00629566800012,25.619095982000147],[88.99620997300008,25.619239246000063],[88.99341119900015,25.625363416000027],[88.99873548300013,25.633749983000143],[88.99506214400003,25.639817374000074],[88.98933390800005,25.642222540000148],[88.99760462400008,25.65363970600015],[88.98756212100005,25.662384243000076],[88.97883720000016,25.658165434000125],[88.9702649830001,25.66218309700014],[88.97495593000019,25.670414780000044],[88.971526385,25.67364235400015],[88.962731636,25.674757293000084],[88.96159575100012,25.683657330000074],[88.95639190600019,25.68533395600008],[88.94945891000015,25.682730023000033],[88.93705250600004,25.686509197000078],[88.93634369900008,25.7010975770001],[88.92986890500009,25.707755492000047],[88.92784695300014,25.723772072000088],[88.93938297700004,25.72696932300005],[88.94117316800009,25.736068841000133],[88.92417916800014,25.738911290000033],[88.92186060600017,25.744429752000087],[88.91409046600012,25.738278279000156],[88.89254689300009,25.738189197000054],[88.88800167800014,25.74199073699998],[88.8898677630001,25.751541582000016],[88.8861929580001,25.755247004000182],[88.88327400800017,25.772406981000074],[88.86419866800014,25.772191262000092],[88.8518059220001,25.77852331300005],[88.8441791410001,25.792619668000157],[88.84220698500013,25.81230379500016],[88.82817637400018,25.812568167],[88.82539209600003,25.817713670000046],[88.82632862200006,25.833832068000163],[88.81992210900017,25.84391870600001],[88.82428159400018,25.848671240000158],[88.8243740050001,25.858715724000092],[88.81774242400019,25.86076569200003],[88.81838061300016,25.86573151600004],[88.81464420500009,25.880590532999975],[88.80954506400013,25.886543777000156],[88.8066335360001,25.895174086000054],[88.80233038700015,25.89903484600012],[88.79949774700009,25.91389681200019],[88.80278135100014,25.920067325000105],[88.79851554400005,25.92819043500009],[88.7911357980002,25.933467403000066],[88.78344640400007,25.935091400000033],[88.7753731150001,25.93993270800007],[88.75506552900009,25.94073919100009],[88.75304986300011,25.93591863300003],[88.74188333800015,25.94341737800005],[88.74899722600009,25.94869075500003],[88.74782441500014,25.960785683000154],[88.74367875200005,25.967920698000114],[88.74614220600012,25.9852994420001],[88.74298577600007,25.995040501000062],[88.73744175700011,26.00263483700013],[88.73579223700006,26.01615879100018],[88.72632791100017,26.017177027],[88.71894831300011,26.007835080000063],[88.70023395100014,26.00824063900012],[88.69968028900013,26.016325112000175],[88.66856982900015,26.01394959900017],[88.65456258199998,26.029757076000067],[88.64290434300005,26.045341391000136],[88.63042992400005,26.04963391900003],[88.62479981000018,26.057155054000134]]]},"properties":{"adm2_name":"Dinajpur","adm2_pcode":"BD5527","adm1_pcode":"BD55"}},
{"type":"Feature","geometry":{"type":"Polygon","coordinates":[[[89.74070027500005,25.375283266000167],[89.74325890100016,25.390213430000017],[89.73616286800006,25.390943640000046],[89.73754490800019,25.398421246000055],[89.71780088499997,25.39507266600009],[89.70156981400004,25.39020929600008],[89.69569883800011,25.396997260000035],[89.69880157200015,25.403081179000083],[89.70025528000019,25.418720458000053],[89.69672983100008,25.422853709000037],[89.68845299000009,25.423443695000174],[89.69496617700014,25.430810432000158],[89.70025156700012,25.44132601900003],[89.70410675700009,25.45402841700019],[89.70179028200016,25.466578319000064],[89.68018988600016,25.464580013000102],[89.68246448000002,25.471314880000023],[89.66759668999998,25.484823062000032],[89.66962855200006,25.488667829000065],[89.69118803000009,25.488455173999967],[89.69291007500004,25.49780752100014],[89.6804415470001,25.506492949000062],[89.68121346800012,25.51728818800018],[89.68907653600019,25.519747797000036],[89.69384121700017,25.527167247000023],[89.68830408100013,25.53103636900005],[89.67959201400004,25.529206989000045],[89.66364848000018,25.531467224000096],[89.65486525300008,25.538217288999988],[89.644756955,25.54218452700013],[89.6370068220001,25.548010393000084],[89.62546407700012,25.560847237000132],[89.61593469900004,25.565694379000092],[89.60573216300014,25.562003223000033],[89.59538834000006,25.555827645000136],[89.5896101730001,25.555628702000092],[89.58051549400011,25.564540621],[89.56909715200004,25.582748515],[89.55673684200019,25.583607838000148],[89.5398755560002,25.589147722000064],[89.53684891900019,25.599525134000146],[89.54257758600016,25.599590576000082],[89.5449515910002,25.60546986000014],[89.55043400300013,25.605398775000026],[89.55351350300003,25.623249556000076],[89.55069486700006,25.631187449000038],[89.53174213900007,25.643612264000183],[89.52324912900008,25.636116601000026],[89.51892897200008,25.628117655999972],[89.52102491800014,25.62350924700013],[89.51550937700006,25.618846373000167],[89.50233158800012,25.611779229000035],[89.49532770400009,25.61207864500011],[89.48965749200005,25.603863856000146],[89.49065298800019,25.591190260000133],[89.49838438400019,25.58564086100006],[89.49403138100018,25.58079237600009],[89.48575341700007,25.578720504000046],[89.48524833900018,25.583832051000115],[89.47379592400006,25.591758143000106],[89.47343235300008,25.598321735000127],[89.46381056800004,25.597729160000085],[89.45898563600014,25.59222559800014],[89.44873411100002,25.590719928000112],[89.44351851200008,25.584451347000027],[89.42852943100019,25.589522654000177],[89.41476383000014,25.589883609000083],[89.412103329,25.584716768000078],[89.41207450800005,25.57463005],[89.40762857800007,25.571049750999975],[89.40938166300009,25.559137122000095],[89.40331448800015,25.545556057000056],[89.41074653400011,25.54137811100003],[89.41674583600019,25.534349585000086],[89.42432978400007,25.535964373000127],[89.43080718800013,25.53047527800004],[89.4355873290001,25.53797675300018],[89.44081683700006,25.52772048100013],[89.44106690100017,25.512742620000154],[89.44512554700009,25.50663330700013],[89.44080683200008,25.501172061000148],[89.44510399800015,25.493726795000157],[89.44033768600013,25.48831538000013],[89.43515608000007,25.488365503000125],[89.43225237400014,25.475344001000053],[89.42792392300004,25.477133236000043],[89.42137098200004,25.46468421100002],[89.41614474400018,25.463629555000182],[89.40884043200015,25.468268942000066],[89.39862795000016,25.46422255800013],[89.39174279400015,25.443654967000043],[89.381080495,25.44154701700006],[89.3785182790001,25.434652917],[89.38407288600007,25.42924462300016],[89.37722835600005,25.415284371999974],[89.37624279600004,25.407299711000064],[89.36867553400009,25.40498953100007],[89.36483397,25.388984923000066],[89.35760463600013,25.3858268030001],[89.35193186900017,25.37954847000009],[89.35554796300005,25.37389221500007],[89.3449033030002,25.37129755400008],[89.34234333500012,25.36525843400011],[89.34617895800017,25.354213430000186],[89.34076875100004,25.34467364500017],[89.34160187100008,25.336997108000162],[89.34848834500019,25.337282828000127],[89.34689964699999,25.327979089000166],[89.34036130200019,25.32990051100012],[89.33543620800003,25.327489864000086],[89.33528843300013,25.316795051999975],[89.3468019770001,25.314932091000117],[89.342152871,25.30473423],[89.31847483500019,25.303606269000056],[89.31076572100005,25.30103743900014],[89.28358295500016,25.301155700000038],[89.26872699500007,25.299937869000075],[89.26546034600005,25.295465200000137],[89.26945094000018,25.28905406000007],[89.2626552070002,25.282519869999987],[89.26967171300004,25.273023303],[89.27267383400005,25.264943313000117],[89.27951621500011,25.258511158000033],[89.28542396400019,25.256993426],[89.29022099700018,25.249970640000186],[89.289373469,25.24257296600007],[89.29644938000007,25.23109537800019],[89.3030644230002,25.228178306000075],[89.30062167600016,25.223060082000075],[89.29199178100015,25.222937718000082],[89.28565854700014,25.22955811100013],[89.27786207100007,25.231290164000143],[89.2625705440002,25.224538968000047],[89.25596879500011,25.226834859],[89.24378510500014,25.223528874000124],[89.23598454800015,25.225938229000064],[89.23253348100013,25.23103149100018],[89.22261052700014,25.23020160400017],[89.21623579100009,25.235932909000155],[89.20852984900006,25.23253793600003],[89.20789003200014,25.22824061900019],[89.19294083500017,25.21465725200011],[89.19335217100013,25.19535955500004],[89.184542105,25.1842898000001],[89.19580193200005,25.183527410000124],[89.19705634700017,25.172505962000173],[89.20807860100018,25.169797550000055],[89.21724097000003,25.162739400000135],[89.22034312300013,25.15773715100005],[89.21569104100013,25.14763695000005],[89.2296757090001,25.146520585000133],[89.23675545300006,25.13014447000012],[89.2422820970001,25.125556026000027],[89.24843469900009,25.115051082000036],[89.25123312400007,25.10159178900011],[89.2753457410002,25.09563176900008],[89.28067370800005,25.092020660000173],[89.28349071100018,25.10153891400006],[89.28857291500003,25.105807721000076],[89.28918803800002,25.111506666000025],[89.30173035900015,25.12045906800006],[89.30888051500006,25.117638931000045],[89.31973682600011,25.11700056600006],[89.32451953400005,25.122079534000193],[89.33457894200012,25.122296614],[89.33784626200008,25.11254469100004],[89.34286318900018,25.109986528000036],[89.33947970900016,25.102333880000117],[89.34711588600004,25.101186943000187],[89.3556909720001,25.089690100000098],[89.36336830900018,25.068063258000166],[89.37253624900006,25.067325653000125],[89.3839059720001,25.06134980600018],[89.39081814700012,25.055088447000173],[89.39398112900017,25.06847810000005],[89.40399143700012,25.06760652400004],[89.3999842090002,25.07817208299997],[89.41002530100019,25.076401684000132],[89.41352070300007,25.081576577000135],[89.43062664299998,25.07150847500003],[89.45565629400016,25.07409259600007],[89.45459733300004,25.06468544300003],[89.46168537500012,25.060521041000072],[89.46482003500017,25.05470752100007],[89.47421684300014,25.055890252000154],[89.48770596000003,25.062202500000183],[89.49261191900018,25.05947172900011],[89.49565181400004,25.051623035000148],[89.50243192400006,25.050846670000112],[89.51165204200004,25.04402513300016],[89.5231327680001,25.042730379000147],[89.53219719900005,25.044235740999966],[89.55424530500017,25.038945964999982],[89.56819383800007,25.040538206],[89.57821988800009,25.043330458000128],[89.59763011500019,25.044770528000072],[89.60348533600012,25.049721658000124],[89.61267061100011,25.04954721000007],[89.63680353900008,25.03674814600015],[89.64335664800006,25.036125083000172],[89.64838320000013,25.042848890000073],[89.65550063000018,25.04666114600019],[89.65635453900018,25.06164592000016],[89.65344579300006,25.07006921500016],[89.65343185400002,25.07817371700014],[89.64469237300017,25.08227212600002],[89.63911071400014,25.090092940000034],[89.64346017899999,25.095458759000167],[89.64573749700014,25.106098050000185],[89.65041615300004,25.106307833000017],[89.64878387300013,25.120988127000032],[89.65290235200013,25.14473041300016],[89.66552507900013,25.15988379700002],[89.67423238200013,25.17288046200008],[89.67594962400011,25.183384773000114],[89.68602355100012,25.2048342490001],[89.69478665700007,25.216624181000043],[89.70104409700014,25.232093115000055],[89.7174551060001,25.235682689000043],[89.7354067010001,25.233711070000084],[89.74041674700004,25.250318681000124],[89.75162645500006,25.251732977000074],[89.75157276800019,25.26986696100016],[89.7564397880002,25.28143172800003],[89.74422611900007,25.302624125000136],[89.74292237700007,25.31937156600003],[89.73641763300009,25.321180478000088],[89.72904321100009,25.34080645500012],[89.7193692130001,25.35613810100017],[89.73056216300017,25.36263168500011],[89.73838940900015,25.36991316400014],[89.74070027500005,25.375283266000167]]]},"properties":{"adm2_name":"Gaibandha","adm2_pcode":"BD5532","adm1_pcode":"BD55"}},
{"type":"Feature","geometry":{"type":"Polygon","coordinates":[[[89.82566675100009,25.41529727600016],[89.83258180000018,25.438784397000063],[89.84456054900016,25.459529383000017],[89.85182349300015,25.46665293200016],[89.84901904800006,25.474219890000086],[89.84946432300018,25.493872930000066],[89.85466986200004,25.497883194000053],[89.86005156599998,25.51761093900012],[89.85128797900012,25.5385371000001],[89.8633568210002,25.54261931200017],[89.86649672800019,25.547636345000058],[89.86720175200008,25.560787502999972],[89.87563463200007,25.5807114160001],[89.87327795100003,25.587755332000143],[89.87927730900009,25.60218639200008],[89.88237290600017,25.61657198],[89.8812329810001,25.63242829000012],[89.87128882200005,25.66218368700015],[89.86475374500014,25.663842732000035],[89.8587552260002,25.680108435000022],[89.852352031,25.686019158000136],[89.8470336800001,25.695527023000125],[89.8523732610002,25.707195045000105],[89.84946796500014,25.71490161000014],[89.8381255340002,25.71450792900015],[89.8340366860001,25.7169776020001],[89.82717360000015,25.731932631000177],[89.82706672400019,25.740122862000078],[89.83566700400019,25.74948580400013],[89.84117800600018,25.75927607800014],[89.83860320100018,25.77576000200014],[89.83358189600011,25.78337801900011],[89.8339703330002,25.787577461000126],[89.82918310700006,25.79661330199997],[89.82961042400018,25.80144715600011],[89.82578498200019,25.811140925000018],[89.8172810440002,25.817485393000084],[89.83475990000011,25.840359115000126],[89.8321731650002,25.87043739100011],[89.84836047700014,25.88839554100008],[89.84869977000011,25.892651275000105],[89.85623525600005,25.899289195000108],[89.86060780100013,25.907000538000148],[89.87844911800005,25.92417576300005],[89.88230074800009,25.937773508000078],[89.88667614800005,25.945425339000053],[89.87746128200001,25.946670737000034],[89.861794089,25.94337652200005],[89.84835831400005,25.94278290600016],[89.82488341800018,25.94607040400001],[89.8258872720001,25.951947825000047],[89.83166343700015,25.954878079000025],[89.8412107530001,25.950712534000047],[89.84682118500018,25.956536089000053],[89.84144679800005,25.970456646000173],[89.854779006,25.96842988200018],[89.87128967000012,25.97348417900008],[89.86619500400008,25.982942864000165],[89.85084515500006,25.989833442000077],[89.84764400400013,26.0006185150001],[89.84333757200017,26.007266647],[89.83435932700007,26.013498505000143],[89.83002822600008,26.004116006000174],[89.83618580600012,25.982738179000023],[89.82171473200003,25.98611178300007],[89.81603130400015,25.994994549000126],[89.82140834400008,26.008690511000054],[89.81503481100003,26.021588358000088],[89.81881338800014,26.02633379100007],[89.81480835800005,26.03055691700007],[89.81121679400007,26.041480567000065],[89.79216326900018,26.04226483500014],[89.7812153210001,26.04146307700006],[89.77991759900004,26.0453935700001],[89.7862650190001,26.058004129000153],[89.79854313700014,26.059954148000145],[89.7957101880001,26.06497973600011],[89.7967103900001,26.075405982000177],[89.79113,26.079237904000138],[89.7954523460001,26.083912462],[89.79450546400011,26.088963242000148],[89.78154392500011,26.084251010000173],[89.78606542000006,26.097698503000174],[89.78494409400014,26.10471516700005],[89.77794966900007,26.107652759000075],[89.77108975800013,26.104091110000184],[89.76468544400012,26.109667918000127],[89.75783802600006,26.107615874000146],[89.75594658300014,26.11345939900002],[89.76589657000017,26.12472460300006],[89.76691061600019,26.130859639],[89.76304657000009,26.137036387000023],[89.75489354300004,26.138492323000037],[89.75295361800005,26.149380999000186],[89.74848551999997,26.15637347800009],[89.74335572500019,26.15871664100007],[89.71941640300008,26.15597552300011],[89.71851906600017,26.165932285000054],[89.71164529400005,26.167496600999982],[89.70793081600004,26.15398506100007],[89.70036532000006,26.15139513000014],[89.6974376120001,26.157625204999988],[89.68472243999997,26.161349719000157],[89.68435409100016,26.16983219300016],[89.69552284100001,26.16905035600007],[89.69485388100009,26.175089720000074],[89.6899139160002,26.17872710600011],[89.68176734800011,26.191380031000108],[89.6806143500001,26.197285048000083],[89.67411067500012,26.19916327699997],[89.67303304100011,26.203956633000132],[89.6797451160001,26.213983207000183],[89.68874420100013,26.222531334000166],[89.67667222100016,26.233118854999987],[89.67236718000004,26.22905938300005],[89.67180398200014,26.21993380100008],[89.65574119100006,26.219002315000125],[89.64669637200018,26.22483373299997],[89.634187779,26.228685116000065],[89.63562027700004,26.21666601700008],[89.63261741700012,26.21009394300006],[89.63866241300008,26.208809014000053],[89.63910880800012,26.199570704000053],[89.64967521900019,26.190079717000174],[89.64716643200018,26.184940412000117],[89.63791370600018,26.18670968000015],[89.6327200840002,26.195617671000093],[89.62957595400007,26.19526423300016],[89.62773056800017,26.183268285000054],[89.63448774500017,26.17962413400005],[89.6439745130001,26.182275505000177],[89.65536311200015,26.181235486000162],[89.65856005500007,26.176242998000077],[89.64973567500004,26.16975213],[89.64936590500014,26.16436510500006],[89.63869068200017,26.166896332000192],[89.63647364100012,26.17869912200007],[89.63199904700014,26.17952072600002],[89.61205382800017,26.17779562900006],[89.61109846900007,26.168271426000103],[89.61298777200017,26.161743655000066],[89.60394569600004,26.156258461999983],[89.59911583000007,26.160859187000085],[89.59583461600005,26.13942518600004],[89.5978141270001,26.132220626000105],[89.6100213410001,26.12608923900018],[89.61651017500003,26.12010875100009],[89.62116353800019,26.120658313000092],[89.62714304000002,26.127558963000126],[89.6293729790001,26.11718520000005],[89.6178087080001,26.10787032400009],[89.60005058800016,26.106666379000046],[89.59368715600016,26.100849337000113],[89.60478417400014,26.09348717900008],[89.61201070000016,26.09643916300007],[89.6164958970001,26.103699677000066],[89.62913981200006,26.106981145000134],[89.6327179490001,26.093405240000152],[89.63784301900012,26.09064835700019],[89.63261205700019,26.081582918000038],[89.63651068400009,26.07401239800015],[89.64897973400008,26.06611295300013],[89.63746982800006,26.06064187700008],[89.63070055100013,26.062399052000103],[89.62112269300007,26.05376670600009],[89.61274015300017,26.055582011000126],[89.61055631700015,26.050998095000125],[89.59762627800012,26.044133969000086],[89.59153986200016,26.04455482500009],[89.58928517800013,26.038302536000117],[89.57756148200014,26.02496991400011],[89.58014656900008,26.01038998500013],[89.57935414500008,26.002197742000078],[89.58587438200016,25.997306651000144],[89.58575395700007,25.97848383600018],[89.57709473100016,25.977223973000093],[89.57804154100018,25.969018701000095],[89.56301614700004,25.970628819000126],[89.5578929400001,25.965064491000135],[89.54995941800018,25.965884326000037],[89.53999522000015,25.970139866000068],[89.53793961300016,25.973643619000143],[89.54232966200004,25.983039433000044],[89.53624427700004,25.985232336000024],[89.5376759790002,25.99307920500013],[89.54852185200008,25.999985056000128],[89.5398294200001,26.00566893000007],[89.53033930600009,26.004186901000082],[89.51323343500019,26.006500619000064],[89.50671119600014,26.0014693170001],[89.49199766100014,26.006217635000098],[89.4870852470001,26.000213645000144],[89.48359754700004,25.98975394200005],[89.47539347700013,25.981058223000105],[89.47538279900016,25.972206867000125],[89.48401944400001,25.96176348900002],[89.49180590200018,25.96287459300015],[89.50346531800017,25.969439003000048],[89.50455087700016,25.960683922000158],[89.5082670920001,25.955775400000107],[89.50950383200006,25.946569282999974],[89.51291829700006,25.94202079600018],[89.51175689800016,25.933032298],[89.51712280500016,25.926189926000177],[89.51751761400004,25.916211102000034],[89.52830714600015,25.914756700000112],[89.53281348100006,25.898743414000137],[89.54190409900008,25.89728249400008],[89.54433180500007,25.88902786100016],[89.56047004500005,25.88465303400011],[89.57550369100016,25.886589552000146],[89.57427815699998,25.880670943999974],[89.56785483400012,25.877697401999967],[89.55783634300013,25.87684324999998],[89.55410733400004,25.871088852000128],[89.55595785300011,25.86668118700004],[89.55238902000013,25.86024096799997],[89.53416542600007,25.865240351000182],[89.53307825800005,25.857435071000054],[89.53620709600011,25.833100572000035],[89.53393042300007,25.82334100900016],[89.52955537300011,25.819570474000045],[89.5206153760002,25.819757982000056],[89.51977209500012,25.81115873900012],[89.50069025600004,25.81145963000006],[89.49740610499998,25.815778672000192],[89.48829402500013,25.818925394000132],[89.48458699000008,25.827147520999972],[89.48454850400009,25.836032749000083],[89.47760253600006,25.83629689300011],[89.47442839000013,25.83202336300019],[89.456808341,25.827479769000092],[89.46739895700017,25.815310629000066],[89.45918771300006,25.81325762700004],[89.45794858500005,25.804945550000184],[89.46083554900014,25.801850016],[89.45811096000006,25.791051009000114],[89.46291977000004,25.78870346900004],[89.47968197400013,25.764708725000105],[89.48035165600015,25.75640809800018],[89.49387805400005,25.754487221000147],[89.49815345600013,25.75192396900013],[89.49753718500017,25.7339048070001],[89.4847805350002,25.73091196900009],[89.4921718120001,25.71699562700013],[89.50707515000005,25.720726516000184],[89.51485092900009,25.708900717],[89.51305131500004,25.70174294100019],[89.51574296000013,25.688513868000143],[89.51977524600011,25.683815768000045],[89.51422904100014,25.667861610000045],[89.5186883630002,25.661024812000107],[89.52018973900005,25.649821154],[89.53072946500009,25.65121443700008],[89.53174213900007,25.643612264000183],[89.55069486700006,25.631187449000038],[89.55351350300003,25.623249556000076],[89.55043400300013,25.605398775000026],[89.5449515910002,25.60546986000014],[89.54257758600016,25.599590576000082],[89.53684891900019,25.599525134000146],[89.5398755560002,25.589147722000064],[89.55673684200019,25.583607838000148],[89.56909715200004,25.582748515],[89.58051549400011,25.564540621],[89.5896101730001,25.555628702000092],[89.59538834000006,25.555827645000136],[89.60573216300014,25.562003223000033],[89.61593469900004,25.565694379000092],[89.62546407700012,25.560847237000132],[89.6370068220001,25.548010393000084],[89.644756955,25.54218452700013],[89.65486525300008,25.538217288999988],[89.66364848000018,25.531467224000096],[89.67959201400004,25.529206989000045],[89.68830408100013,25.53103636900005],[89.69384121700017,25.527167247000023],[89.68907653600019,25.519747797000036],[89.68121346800012,25.51728818800018],[89.6804415470001,25.506492949000062],[89.69291007500004,25.49780752100014],[89.69118803000009,25.488455173999967],[89.66962855200006,25.488667829000065],[89.66759668999998,25.484823062000032],[89.68246448000002,25.471314880000023],[89.68018988600016,25.464580013000102],[89.70179028200016,25.466578319000064],[89.70410675700009,25.45402841700019],[89.70025156700012,25.44132601900003],[89.69496617700014,25.430810432000158],[89.68845299000009,25.423443695000174],[89.69672983100008,25.422853709000037],[89.70025528000019,25.418720458000053],[89.69880157200015,25.403081179000083],[89.69569883800011,25.396997260000035],[89.70156981400004,25.39020929600008],[89.71780088499997,25.39507266600009],[89.73754490800019,25.398421246000055],[89.73616286800006,25.390943640000046],[89.74325890100016,25.390213430000017],[89.74070027500005,25.375283266000167],[89.74832413000013,25.382563440000183],[89.77128186000004,25.384826958000076],[89.77691700600019,25.38758173000008],[89.78024083300011,25.408828874],[89.77764805600009,25.41501090200012],[89.769565145,25.417199645000096],[89.77236442000009,25.423909179000134],[89.76509569500007,25.429115125000123],[89.76671050000016,25.435092817000168],[89.7862936590002,25.430688620000183],[89.79540053800008,25.42389707700005],[89.82566675100009,25.41529727600016]]]},"properties":{"adm2_name":"Kurigram","adm2_pcode":"BD5549","adm1_pcode":"BD55"}},
{"type":"Feature","geometry":{"type":"MultiPolygon","coordinates":[[[[89.47539347700013,25.981058223000105],[89.47490454000013,25.984879976],[89.48208599000009,25.990946742000176],[89.47982737600012,25.997056230000112],[89.46166392000003,25.998665231000132],[89.4494102070002,26.007364269000107],[89.42875678900003,26.01279218900015],[89.4279046420001,26.01941425900003],[89.43421689000013,26.031710271000122],[89.43072302400009,26.042152756000178],[89.42566953900018,26.045577515000105],[89.41933616000011,26.042619859000183],[89.40829518100003,26.041870756000094],[89.40355225300004,26.028239258000042],[89.39131481900017,26.02316556599999],[89.39474696600001,26.012653811000064],[89.39051674300003,26.00867659000005],[89.38271302100009,26.011146920000158],[89.37189406200014,26.011120640000115],[89.35713298900009,26.008624568000187],[89.3490993470001,26.010904689000085],[89.3387026040001,26.01810591800006],[89.33800753700007,26.023933512000156],[89.33123001300004,26.027593096000032],[89.32529859400017,26.03669202499998],[89.31648738700005,26.03896665500008],[89.30787141600013,26.045810551000045],[89.29790863200003,26.04936293800006],[89.29354329000017,26.046186220000152],[89.27894440300008,26.04896250600018],[89.28237326400017,26.064611649000085],[89.27111985900012,26.06046724200013],[89.26111123300018,26.063339614000085],[89.25454726200019,26.067723458000103],[89.25722437600018,26.080353447000164],[89.2659807760001,26.087781912000082],[89.26563480800007,26.09315262700011],[89.2557632860001,26.093846953000025],[89.25188477800015,26.10139341500019],[89.24170201000015,26.10424539600018],[89.24045346100013,26.111990424000112],[89.23366099800006,26.113250175000132],[89.22738827900002,26.12342647400004],[89.20279059100017,26.128206651000028],[89.19585136400002,26.126651200000026],[89.18111074000007,26.127270218000092],[89.16555213900011,26.131650385000057],[89.15433806300007,26.14107458400008],[89.14885504199998,26.153161552000086],[89.14867452100009,26.158735925000087],[89.15532885300019,26.15905614100012],[89.1489042930001,26.169551818000173],[89.14064469100003,26.169209308000063],[89.1359257040001,26.18247627700009],[89.14020347600001,26.199164913000118],[89.147975212,26.20773904100008],[89.14161927200013,26.214870248000125],[89.14200196700006,26.220481778000078],[89.13593578500013,26.236135495000042],[89.12702696000014,26.248033678000127],[89.12036664400006,26.25181904300007],[89.12488916500007,26.263329160000183],[89.10888120100003,26.275426439000057],[89.1019709470001,26.28314140000009],[89.10373401600003,26.294176614000094],[89.10723378800009,26.300850546],[89.09967493200008,26.304209287],[89.10245725500016,26.31144524700005],[89.10822558000007,26.313025155000048],[89.10914433600004,26.304604735000055],[89.12004779300008,26.286808480000104],[89.13068780300006,26.297608640000192],[89.13071431700013,26.30488153700003],[89.1360206710001,26.30764256800012],[89.13514328200006,26.320909672000084],[89.12601584600014,26.321937783000124],[89.11636176000019,26.32018570700012],[89.10540155200016,26.32612639700011],[89.0854539410002,26.32079996700014],[89.100114088,26.33860942700005],[89.0962475450001,26.35004708400004],[89.0960619540001,26.36018292100016],[89.09043255800009,26.36061077100004],[89.08724793800002,26.365578103000132],[89.0917283490001,26.38233],[89.09176752500014,26.388975363000156],[89.08643316000013,26.392394876000026],[89.08720821800011,26.39757324700014],[89.07527104899998,26.395803731000115],[89.06630465400019,26.40001378700009],[89.05884733700003,26.398639978],[89.03756987400016,26.39980532700008],[89.02987069400012,26.407095813000012],[89.0229673450001,26.408511454],[89.01822949600006,26.415261703000112],[89.0088778760001,26.41295361400006],[88.9992968140001,26.422064369000054],[88.9921428080001,26.417675938000116],[88.98314362900004,26.419919005],[88.9808373850002,26.424301707000097],[88.98320923000006,26.437014857],[88.97519444500011,26.448540930000036],[88.96701053800001,26.44993347700006],[88.96604220400019,26.455880703000105],[88.95799265000016,26.453646378000087],[88.94675619500009,26.446889763000115],[88.95132902500006,26.432798482000123],[88.94616660400004,26.432013417000064],[88.943188346,26.424441439000077],[88.93393793600006,26.430986052000094],[88.92642418200012,26.431349641000054],[88.9251212010002,26.416578479],[88.93157986300008,26.413773908000053],[88.92585531500004,26.40599370600006],[88.91333031500005,26.40828710800008],[88.90681861900003,26.406235457000093],[88.91061201100018,26.399978400000066],[88.91766112700009,26.40249213300018],[88.91869694700017,26.394222689],[88.91630204100005,26.384440876000042],[88.90902963900015,26.379338763000078],[88.913510653,26.373761694],[88.91457697400006,26.364763942000025],[88.92749130300001,26.364633276000063],[88.93117942499998,26.359227981000174],[88.94649714300016,26.356127329000117],[88.95293214000014,26.365390345000037],[88.95825891200013,26.356671549000055],[88.95062480500007,26.35414878900002],[88.9458549410001,26.34353915000014],[88.95171089800016,26.338616430000172],[88.95178335200012,26.33245048300006],[88.96037138600013,26.32954264400007],[88.96227611100011,26.335605566000083],[88.9611415380001,26.35167940499997],[88.97401538700007,26.35026441800005],[88.97790474800013,26.345929176000027],[88.98612451200006,26.348529115000133],[88.98382954600004,26.336967581000067],[88.98777021200016,26.331535432000123],[88.99787132000012,26.33159512600008],[88.99804560400014,26.323206513000116],[88.99086907200001,26.314233657000045],[88.98654986800005,26.317453493000187],[88.98240920300003,26.310388635000038],[88.98424869100018,26.30026480400005],[88.99119466500008,26.300241587000187],[88.99993711800016,26.29084077500005],[89.00658271800006,26.304366726000126],[89.01557818000009,26.302372465000076],[89.02127133600004,26.308896265000044],[89.02684864800017,26.30590283900017],[89.02119574700009,26.297770165000145],[89.01995751700014,26.28994061500015],[89.026844526,26.28543702200011],[89.03497457400016,26.283909636000033],[89.04436625900018,26.27517397100013],[89.0463589580001,26.29556734100015],[89.06041590500013,26.29072587400003],[89.05728266100004,26.28542801800006],[89.06265934600003,26.280273956000144],[89.06000624500018,26.274523333000104],[89.06232843999999,26.258862294000096],[89.05089468500017,26.254891267000062],[89.0452896130002,26.24067893200015],[89.03708423600011,26.246892357000092],[89.0218603150002,26.247446451000087],[89.02144076500008,26.24433764600019],[89.02462985800008,26.233102728000176],[89.03671830200005,26.22855701100002],[89.03709884500017,26.22077007500019],[89.03318901100016,26.203220263000105],[89.02509410300007,26.20075347700009],[89.03257495200006,26.194070744999976],[89.03482728000006,26.186869575000117],[89.04195149600014,26.17612544700006],[89.05227497000004,26.176236679],[89.06162587900008,26.17003414600009],[89.07726823100006,26.1711013580001],[89.08635817300006,26.16294074100017],[89.08828938700015,26.155838164000045],[89.09638561500014,26.149395099000117],[89.09756091300005,26.135637769000084],[89.10196553300017,26.12069517900011],[89.09797281800013,26.115646404000074],[89.09114823700008,26.116079795000132],[89.09033131100017,26.100431081000124],[89.0913353790001,26.08902470100014],[89.10082894800018,26.07743668100005],[89.09386595100005,26.071777952],[89.09580297600019,26.064389865000066],[89.09253271100005,26.06151389700011],[89.09799713600017,26.047887112000183],[89.099166303,26.037996241000087],[89.09594193600014,26.035366684000053],[89.10406384600014,26.027699621000068],[89.10519510400013,26.017271188999985],[89.11341095900019,26.002457529000026],[89.11350423599998,25.99726857200011],[89.12400122600008,25.982795492000037],[89.14318827400007,25.967134001000147],[89.15154294200016,25.960476709000147],[89.1589742920001,25.95756296900015],[89.17195247500018,25.955640034000112],[89.18425288000014,25.956673738000177],[89.19331513400016,25.94869740600012],[89.20164255200012,25.946030222000047],[89.21338974600008,25.927534545000128],[89.23161078200008,25.911857850000047],[89.23665953500011,25.904805412000087],[89.26021540500011,25.897848368000155],[89.2662114220002,25.89054685200017],[89.28340278000007,25.896346249000146],[89.29062636500015,25.88988498800012],[89.29726404700006,25.876770223999984],[89.31329805300015,25.864496728],[89.31777362300011,25.858194830000173],[89.32935672200006,25.856993673000147],[89.33629018800013,25.850621245000127],[89.33603904600017,25.83751352200011],[89.34986968300007,25.827166334000026],[89.36152267100005,25.821986025000115],[89.37061163600004,25.82150645900009],[89.37027138900004,25.816102941999986],[89.38608499700018,25.802716228000122],[89.41696313000006,25.798019136000164],[89.42897406000014,25.800127852000173],[89.42864206400003,25.79375826],[89.44159521500018,25.79151498400006],[89.45811096000006,25.791051009000114],[89.46083554900014,25.801850016],[89.45794858500005,25.804945550000184],[89.45918771300006,25.81325762700004],[89.46739895700017,25.815310629000066],[89.456808341,25.827479769000092],[89.47442839000013,25.83202336300019],[89.47760253600006,25.83629689300011],[89.48454850400009,25.836032749000083],[89.48458699000008,25.827147520999972],[89.48829402500013,25.818925394000132],[89.49740610499998,25.815778672000192],[89.50069025600004,25.81145963000006],[89.51977209500012,25.81115873900012],[89.5206153760002,25.819757982000056],[89.52955537300011,25.819570474000045],[89.53393042300007,25.82334100900016],[89.53620709600011,25.833100572000035],[89.53307825800005,25.857435071000054],[89.53416542600007,25.865240351000182],[89.55238902000013,25.86024096799997],[89.55595785300011,25.86668118700004],[89.55410733400004,25.871088852000128],[89.55783634300013,25.87684324999998],[89.56785483400012,25.877697401999967],[89.57427815699998,25.880670943999974],[89.57550369100016,25.886589552000146],[89.56047004500005,25.88465303400011],[89.54433180500007,25.88902786100016],[89.54190409900008,25.89728249400008],[89.53281348100006,25.898743414000137],[89.52830714600015,25.914756700000112],[89.51751761400004,25.916211102000034],[89.51712280500016,25.926189926000177],[89.51175689800016,25.933032298],[89.51291829700006,25.94202079600018],[89.50950383200006,25.946569282999974],[89.5082670920001,25.955775400000107],[89.50455087700016,25.960683922000158],[89.50346531800017,25.969439003000048],[89.49180590200018,25.96287459300015],[89.48401944400001,25.96176348900002],[89.47538279900016,25.972206867000125],[89.47539347700013,25.981058223000105]]],[[[88.92731069700017,26.33172319600004],[88.92123166500011,26.335239300000183],[88.9186305880001,26.326175433000117],[88.92344334500012,26.311998559000017],[88.92808870000016,26.308060818000115],[88.92379958700013,26.301223459000028],[88.92539754000006,26.29318200500012],[88.93588175800016,26.291901348000124],[88.94273185300017,26.28675379599997],[88.95104344800018,26.275806693999982],[88.97018136100013,26.278245308000123],[88.97390467800005,26.284406921000084],[88.9806721380001,26.28335591300015],[88.98258745300006,26.300982090000048],[88.97457238700014,26.296494231000054],[88.96151578900003,26.295235628000114],[88.9615614240002,26.305571425999972],[88.95449047800008,26.309372992000135],[88.952041033,26.31718286299997],[88.94739440800004,26.317947854000124],[88.93624125900016,26.31321134400008],[88.93557574500016,26.320467586000063],[88.94028515400015,26.3219041480001],[88.94003961800007,26.332709454999986],[88.92731069700017,26.33172319600004]]]]},"properties":{"adm2_name":"Lalmonirhat","adm2_pcode":"BD5552","adm1_pcode":"BD55"}},
{"type":"Feature","geometry":{"type":"Polygon","coordinates":[[[89.02144076500008,26.24433764600019],[88.99879627300004,26.243958166000084],[88.99188314800011,26.245819393000147],[88.9791769850001,26.24453562500014],[88.97002818100003,26.23959710600019],[88.96389295800003,26.23899321700003],[88.95290360200005,26.24221577900005],[88.93969462500007,26.263507650000065],[88.93485073700003,26.267428570999982],[88.93013395899999,26.27885073800013],[88.91782487900014,26.288037521999968],[88.89490040400005,26.288483515000053],[88.87562845600013,26.28672222600005],[88.866336633,26.280857388000072],[88.86172090900004,26.27406533700008],[88.86127413100019,26.25259442800018],[88.86743733100013,26.249769848000085],[88.87764748300009,26.23344295300018],[88.8601857540001,26.23246812499997],[88.85387881100007,26.235225811000078],[88.83839746200016,26.231851266000035],[88.8382012530002,26.238277922000123],[88.82740958200014,26.240009482],[88.82728301800017,26.24912712600019],[88.82298921200015,26.253612969000187],[88.8154798020002,26.255618727000012],[88.8122624880001,26.265071919000036],[88.81533234800008,26.267559760000097],[88.81195600800015,26.27959145300008],[88.81325806400008,26.288404837000087],[88.81922708300004,26.29426831900014],[88.8018297970001,26.30758298400019],[88.79250327400018,26.30990402100008],[88.78348139700006,26.304092591000142],[88.7762676640001,26.30427950100011],[88.77126131500006,26.30096848900007],[88.76083792100002,26.300673430000074],[88.76018023200004,26.294587257000046],[88.76565810300008,26.28828532400007],[88.76438984100014,26.270653571000025],[88.75825979800015,26.259416959000077],[88.76312875000013,26.23540769500005],[88.77582282499998,26.23833548600004],[88.78813945900015,26.22929878700012],[88.79399791000003,26.22100136000006],[88.79660481000008,26.19850184800009],[88.7933387490001,26.188344633000156],[88.78192108200017,26.180838387000108],[88.77834345000008,26.16576225900002],[88.78484879300004,26.156475170000135],[88.783868804,26.132275225000058],[88.78921461600004,26.13055463500018],[88.79017085700019,26.124983624000095],[88.78324996700007,26.11410927100019],[88.77531557100014,26.10660489999998],[88.76946139100016,26.090148520000128],[88.76312566100012,26.08533826000007],[88.7654483550001,26.08121765900006],[88.77567522600015,26.074559420000128],[88.77987526600003,26.06537003900013],[88.77468757200012,26.05471836000015],[88.77103593100003,26.054399767000177],[88.75739688300007,26.038492213999973],[88.75916788200016,26.025024480000184],[88.75017332000004,26.028126133],[88.73579223700006,26.01615879100018],[88.73744175700011,26.00263483700013],[88.74298577600007,25.995040501000062],[88.74614220600012,25.9852994420001],[88.74367875200005,25.967920698000114],[88.74782441500014,25.960785683000154],[88.74899722600009,25.94869075500003],[88.74188333800015,25.94341737800005],[88.75304986300011,25.93591863300003],[88.75506552900009,25.94073919100009],[88.7753731150001,25.93993270800007],[88.78344640400007,25.935091400000033],[88.7911357980002,25.933467403000066],[88.79851554400005,25.92819043500009],[88.80278135100014,25.920067325000105],[88.79949774700009,25.91389681200019],[88.80233038700015,25.89903484600012],[88.8066335360001,25.895174086000054],[88.80954506400013,25.886543777000156],[88.81464420500009,25.880590532999975],[88.81838061300016,25.86573151600004],[88.81774242400019,25.86076569200003],[88.8243740050001,25.858715724000092],[88.82428159400018,25.848671240000158],[88.81992210900017,25.84391870600001],[88.82632862200006,25.833832068000163],[88.82539209600003,25.817713670000046],[88.82817637400018,25.812568167],[88.84220698500013,25.81230379500016],[88.8441791410001,25.792619668000157],[88.8518059220001,25.77852331300005],[88.86419866800014,25.772191262000092],[88.88327400800017,25.772406981000074],[88.8861929580001,25.755247004000182],[88.8898677630001,25.751541582000016],[88.88800167800014,25.74199073699998],[88.89254689300009,25.738189197000054],[88.91409046600012,25.738278279000156],[88.92186060600017,25.744429752000087],[88.92417916800014,25.738911290000033],[88.94117316800009,25.736068841000133],[88.94696289900014,25.742797639000173],[88.95428268300003,25.743438777000108],[88.95076731600005,25.75481890100002],[88.9429726910002,25.75508171700011],[88.94486312700013,25.762808156000176],[88.94308905100007,25.76958054800008],[88.94736525300004,25.778677693000077],[88.9567662030002,25.77948241500019],[88.9603342260001,25.787525888],[88.9521300670001,25.803625505000127],[88.94402982300011,25.803791164000074],[88.94797311900004,25.81104591400009],[88.96564816100005,25.81359266400011],[88.97143935100013,25.809469047999983],[88.98465025600012,25.808848609999984],[88.98923663400012,25.813993366999966],[89.00442391000013,25.814066578999984],[89.01470178200003,25.81905981400007],[89.04798198100019,25.819791554],[89.05580561100004,25.829840298000136],[89.05619538300016,25.83375049199998],[89.06606874600004,25.83661315800009],[89.08109848700008,25.833550995999985],[89.08200768600005,25.828498052999976],[89.09172285000011,25.829536768000025],[89.08856317700008,25.84514655800001],[89.09049325200016,25.848163399000157],[89.1018806990001,25.85151869900011],[89.09759668300018,25.86161311300009],[89.10508408100009,25.86806670100009],[89.10405660300017,25.875484729000107],[89.11663506700017,25.88203588500005],[89.11786254900011,25.88639323600006],[89.10272160000011,25.900017917000184],[89.09865075400006,25.90747272300007],[89.10386717300014,25.91416058300007],[89.10044030300008,25.917726006000123],[89.1042340100002,25.92515373500015],[89.10354169100003,25.932169475000137],[89.09708081800005,25.935416002000068],[89.102586251,25.940479502000187],[89.11098212200005,25.961562876000073],[89.1113480080001,25.96828512600007],[89.12112486400014,25.967782751000186],[89.12670624800006,25.96247798500019],[89.13340087600011,25.966619757000046],[89.14318827400007,25.967134001000147],[89.12400122600008,25.982795492000037],[89.11350423599998,25.99726857200011],[89.11341095900019,26.002457529000026],[89.10519510400013,26.017271188999985],[89.10406384600014,26.027699621000068],[89.09594193600014,26.035366684000053],[89.099166303,26.037996241000087],[89.09799713600017,26.047887112000183],[89.09253271100005,26.06151389700011],[89.09580297600019,26.064389865000066],[89.09386595100005,26.071777952],[89.10082894800018,26.07743668100005],[89.0913353790001,26.08902470100014],[89.09033131100017,26.100431081000124],[89.09114823700008,26.116079795000132],[89.09797281800013,26.115646404000074],[89.10196553300017,26.12069517900011],[89.09756091300005,26.135637769000084],[89.09638561500014,26.149395099000117],[89.08828938700015,26.155838164000045],[89.08635817300006,26.16294074100017],[89.07726823100006,26.1711013580001],[89.06162587900008,26.17003414600009],[89.05227497000004,26.176236679],[89.04195149600014,26.17612544700006],[89.03482728000006,26.186869575000117],[89.03257495200006,26.194070744999976],[89.02509410300007,26.20075347700009],[89.03318901100016,26.203220263000105],[89.03709884500017,26.22077007500019],[89.03671830200005,26.22855701100002],[89.02462985800008,26.233102728000176],[89.02144076500008,26.24433764600019]]]},"properties":{"adm2_name":"Nilphamari","adm2_pcode":"BD5573","adm1_pcode":"BD55"}},
{"type":"Feature","geometry":{"type":"Polygon","coordinates":[[[88.76083792100002,26.300673430000074],[88.75685398400003,26.310667008000053],[88.7566631320002,26.322356830000047],[88.76136488400005,26.33370981200011],[88.75386261100005,26.339208366000094],[88.75446105600008,26.343558358000166],[88.749561078,26.353938632000165],[88.73717781800019,26.353951873000085],[88.72564302200004,26.343925622000143],[88.71341615000006,26.344877145000112],[88.70977392700007,26.33467656700003],[88.70310742300018,26.33759338500016],[88.69530323900017,26.344735920000062],[88.6976164350001,26.35571244],[88.69371477200013,26.356579707000094],[88.68213994100012,26.382533954],[88.70181315900004,26.38611390000011],[88.69923054100008,26.390554774],[88.68726282800009,26.386922339000137],[88.68790021800004,26.39454775600018],[88.67834769400014,26.39341485900013],[88.67027287700006,26.397404852000136],[88.67569243399998,26.401328084000056],[88.67792806500017,26.40822124300007],[88.66749473200014,26.408104114000082],[88.65926974600012,26.416994154000065],[88.6469313400001,26.417548254000053],[88.65101956500007,26.426000796999972],[88.63477722700014,26.43205546000013],[88.62554350000005,26.43366644100007],[88.62744778000007,26.441046860000142],[88.62450593400018,26.4531134610001],[88.62218974300015,26.471069796000165],[88.59578531200009,26.471038272000044],[88.5947808620001,26.45233667800005],[88.58532032300008,26.450331712000093],[88.5824799190001,26.455887136],[88.56514175600017,26.45792353200011],[88.55944453300015,26.46178640400018],[88.55446991800005,26.478725946],[88.55599386500012,26.485266006000074],[88.52728156900014,26.48095092400007],[88.52742492300007,26.48635758400013],[88.51835364200014,26.501951090000034],[88.52211951600015,26.505580798000153],[88.5186166950001,26.51116627900018],[88.5110623160001,26.51043765300011],[88.5077175300001,26.515606973000047],[88.48973182700007,26.51151108199997],[88.489873762,26.531745032000117],[88.48272036300011,26.532373205000113],[88.48421480300016,26.54172330600005],[88.47616062900005,26.54453290600003],[88.46266473700018,26.544144229000096],[88.45517198099998,26.536279507000074],[88.44825687000008,26.535554439000123],[88.4315047020001,26.549455673000125],[88.42137996600013,26.56960967200007],[88.42239437300009,26.58200605200011],[88.41931054400015,26.590845438000144],[88.42012287200004,26.596582112000192],[88.41702272900011,26.611825900000042],[88.41817972600018,26.62147735900004],[88.41454417200009,26.622307984000145],[88.4160095630001,26.631800396000017],[88.41067568900002,26.634548266000024],[88.40659788000005,26.62977926700006],[88.39897992599998,26.626750912000034],[88.39740268100013,26.618182367000088],[88.38993703600016,26.614749063999966],[88.38765674000012,26.601792145000047],[88.3773154050001,26.59632839600016],[88.37131662600012,26.576745927],[88.37219764100013,26.566844422000088],[88.37051324700019,26.55966904900015],[88.3574554380001,26.542009107000183],[88.35821258200019,26.52878884300003],[88.3517352520002,26.52330020000005],[88.3527536900001,26.516692960000114],[88.34619669400007,26.505994618000102],[88.33776330400019,26.500437564000038],[88.33221068000012,26.493178311000065],[88.33134202400004,26.48449102500018],[88.33586602100013,26.47776686300017],[88.34080485000015,26.478268926000055],[88.34072289000011,26.468929577000097],[88.34707694000002,26.468547409999985],[88.35262453200005,26.450970471000062],[88.36149943900011,26.454392235000057],[88.36030763100007,26.465337382000143],[88.36453491300006,26.469319391],[88.36031066000004,26.481703409999966],[88.36347124000008,26.486406650000106],[88.37257782700016,26.48817175200014],[88.37729188700007,26.4835178190001],[88.38631437800012,26.482281842000077],[88.38901146800015,26.478550267000116],[88.39988889200009,26.481908826000108],[88.40500389200014,26.480519473000186],[88.41561824700005,26.469155117000128],[88.42828704500005,26.47295114300016],[88.43360717500008,26.46687109800007],[88.44032641000013,26.465003785000192],[88.46213642400011,26.46584288700012],[88.48456790700004,26.460309688],[88.47804380600019,26.451817796000114],[88.48584023300015,26.449422627000104],[88.49196536500017,26.437763072],[88.48893541800004,26.428830042000016],[88.49321656200004,26.422756896000067],[88.494679529,26.40919051800006],[88.50459523600006,26.403074607],[88.504737799,26.398162885999966],[88.51506455000015,26.384751731000108],[88.51261799700012,26.377488505000088],[88.51866155000005,26.371200292000026],[88.52249661100018,26.359788449000177],[88.51394235900011,26.35281867900011],[88.50518702100004,26.351292197000134],[88.50782771200016,26.36219115200015],[88.49608741900016,26.358897421],[88.48808236600013,26.358682235000117],[88.49126373300004,26.351340314000083],[88.48010117200005,26.350610691000043],[88.46824172200002,26.358748992000073],[88.46316901400007,26.35771065600011],[88.45717443500013,26.366585596000107],[88.44981284900012,26.365668792000122],[88.44387646600006,26.360925962000067],[88.44206455000005,26.35305470200018],[88.43537180000015,26.336409746000186],[88.41876300600012,26.336184553000123],[88.4126170990001,26.337685098],[88.40666212800005,26.332480211000018],[88.40664581500005,26.32413653300017],[88.41522464700017,26.324270002000105],[88.41432646700014,26.315562220000118],[88.40192341300008,26.31787091399997],[88.38396895,26.313767611],[88.37786664900005,26.30579082300011],[88.36911415400016,26.304978400000152],[88.36852429700014,26.300699549000058],[88.35753092800013,26.28803526900009],[88.35279248000006,26.28724748500008],[88.34894738600008,26.27849203000011],[88.34771322800009,26.269103058999974],[88.34997565700019,26.26501717800005],[88.34855796900013,26.252279242000043],[88.35941309600003,26.24248944700014],[88.35446052300017,26.237776981000138],[88.35572555500005,26.23239540600008],[88.34991924100012,26.220354157000088],[88.33083266300008,26.216184362000092],[88.3259078590001,26.20541628300009],[88.31999283600015,26.20313336700002],[88.32558752800014,26.199729906000073],[88.3347198400001,26.187044296000124],[88.34181525500014,26.18923638600012],[88.34810196000012,26.18777632600012],[88.35071885000013,26.18221843500004],[88.35737917300008,26.179900122000163],[88.36776289300019,26.179984432000026],[88.37504897500014,26.18276383500006],[88.38200888200004,26.181196433000025],[88.38585211000003,26.189962937000075],[88.38415502400011,26.200122290000024],[88.40048018100003,26.198643668999978],[88.40354304200008,26.194434794000188],[88.41066301900008,26.195827209000186],[88.40796226700007,26.2013627770001],[88.41519342800018,26.203283296999984],[88.44893052900017,26.195985365000126],[88.45472882500013,26.197449308000046],[88.45834668400005,26.19211903000007],[88.46711142500004,26.19433638000004],[88.47898038900013,26.203940648000128],[88.50357025500006,26.202718927000035],[88.51489231300019,26.198484920000112],[88.52021607900014,26.193021505000047],[88.52007117900001,26.183405435000054],[88.5229931410002,26.179391011000064],[88.54434939400005,26.186415686000146],[88.54771258300002,26.177602314000126],[88.55410929400006,26.177944333000084],[88.56054602900014,26.174086312000156],[88.55880207100012,26.167293428000164],[88.56552814500009,26.16231852100003],[88.57210344900005,26.153534186000172],[88.583281172,26.150308752000115],[88.58390037300018,26.144175817000075],[88.59279860300012,26.145012347000034],[88.60087702599998,26.14315227800006],[88.61810333300008,26.129210018000038],[88.63152359600014,26.10931816300007],[88.63566395100014,26.100798717000032],[88.63568137900018,26.095176594000122],[88.6403916380001,26.0911449190001],[88.64066295800012,26.083970071000067],[88.63531130000018,26.08115241500019],[88.6363899380001,26.071597184000154],[88.63208508000008,26.06872391899998],[88.62479981000018,26.057155054000134],[88.63042992400005,26.04963391900003],[88.64290434300005,26.045341391000136],[88.65456258199998,26.029757076000067],[88.66856982900015,26.01394959900017],[88.69968028900013,26.016325112000175],[88.70023395100014,26.00824063900012],[88.71894831300011,26.007835080000063],[88.72632791100017,26.017177027],[88.73579223700006,26.01615879100018],[88.75017332000004,26.028126133],[88.75916788200016,26.025024480000184],[88.75739688300007,26.038492213999973],[88.77103593100003,26.054399767000177],[88.77468757200012,26.05471836000015],[88.77987526600003,26.06537003900013],[88.77567522600015,26.074559420000128],[88.7654483550001,26.08121765900006],[88.76312566100012,26.08533826000007],[88.76946139100016,26.090148520000128],[88.77531557100014,26.10660489999998],[88.78324996700007,26.11410927100019],[88.79017085700019,26.124983624000095],[88.78921461600004,26.13055463500018],[88.783868804,26.132275225000058],[88.78484879300004,26.156475170000135],[88.77834345000008,26.16576225900002],[88.78192108200017,26.180838387000108],[88.7933387490001,26.188344633000156],[88.79660481000008,26.19850184800009],[88.79399791000003,26.22100136000006],[88.78813945900015,26.22929878700012],[88.77582282499998,26.23833548600004],[88.76312875000013,26.23540769500005],[88.75825979800015,26.259416959000077],[88.76438984100014,26.270653571000025],[88.76565810300008,26.28828532400007],[88.76018023200004,26.294587257000046],[88.76083792100002,26.300673430000074]]]},"properties":{"adm2_name":"Panchagarh","adm2_pcode":"BD5577","adm1_pcode":"BD55"}},
{"type":"Feature","geometry":{"type":"Polygon","coordinates":[[[89.14318827400007,25.967134001000147],[89.13340087600011,25.966619757000046],[89.12670624800006,25.96247798500019],[89.12112486400014,25.967782751000186],[89.1113480080001,25.96828512600007],[89.11098212200005,25.961562876000073],[89.102586251,25.940479502000187],[89.09708081800005,25.935416002000068],[89.10354169100003,25.932169475000137],[89.1042340100002,25.92515373500015],[89.10044030300008,25.917726006000123],[89.10386717300014,25.91416058300007],[89.09865075400006,25.90747272300007],[89.10272160000011,25.900017917000184],[89.11786254900011,25.88639323600006],[89.11663506700017,25.88203588500005],[89.10405660300017,25.875484729000107],[89.10508408100009,25.86806670100009],[89.09759668300018,25.86161311300009],[89.1018806990001,25.85151869900011],[89.09049325200016,25.848163399000157],[89.08856317700008,25.84514655800001],[89.09172285000011,25.829536768000025],[89.08200768600005,25.828498052999976],[89.08109848700008,25.833550995999985],[89.06606874600004,25.83661315800009],[89.05619538300016,25.83375049199998],[89.05580561100004,25.829840298000136],[89.04798198100019,25.819791554],[89.01470178200003,25.81905981400007],[89.00442391000013,25.814066578999984],[88.98923663400012,25.813993366999966],[88.98465025600012,25.808848609999984],[88.97143935100013,25.809469047999983],[88.96564816100005,25.81359266400011],[88.94797311900004,25.81104591400009],[88.94402982300011,25.803791164000074],[88.9521300670001,25.803625505000127],[88.9603342260001,25.787525888],[88.9567662030002,25.77948241500019],[88.94736525300004,25.778677693000077],[88.94308905100007,25.76958054800008],[88.94486312700013,25.762808156000176],[88.9429726910002,25.75508171700011],[88.95076731600005,25.75481890100002],[88.95428268300003,25.743438777000108],[88.94696289900014,25.742797639000173],[88.94117316800009,25.736068841000133],[88.93938297700004,25.72696932300005],[88.92784695300014,25.723772072000088],[88.92986890500009,25.707755492000047],[88.93634369900008,25.7010975770001],[88.93705250600004,25.686509197000078],[88.94945891000015,25.682730023000033],[88.95639190600019,25.68533395600008],[88.96159575100012,25.683657330000074],[88.962731636,25.674757293000084],[88.971526385,25.67364235400015],[88.97495593000019,25.670414780000044],[88.9702649830001,25.66218309700014],[88.97883720000016,25.658165434000125],[88.98756212100005,25.662384243000076],[88.99760462400008,25.65363970600015],[88.98933390800005,25.642222540000148],[88.99506214400003,25.639817374000074],[88.99873548300013,25.633749983000143],[88.99341119900015,25.625363416000027],[88.99620997300008,25.619239246000063],[89.00629566800012,25.619095982000147],[89.0115155540002,25.6123728070001],[89.01230065900006,25.602757316000066],[89.03442392800008,25.60403478500018],[89.03998978700008,25.60093592400017],[89.0426212380001,25.593424778999974],[89.04181505700012,25.58666086400018],[89.04596439300008,25.582743177999987],[89.05097823200003,25.587143854000146],[89.05921945500006,25.589812299000073],[89.07188360500004,25.58578021300002],[89.08710717100018,25.572522263000167],[89.10488867100008,25.56494784000006],[89.09770979900014,25.55161881200013],[89.09283042200008,25.54684694700012],[89.09867102800018,25.53877684600019],[89.10391793300005,25.535695767999982],[89.1006409200001,25.52878599700017],[89.10488488100015,25.510966925000048],[89.10871929300015,25.502203668000163],[89.102791234,25.5015399400001],[89.10166821800016,25.493391379000116],[89.10380087100015,25.47790703400011],[89.10743577400007,25.471434228000135],[89.11268042200004,25.470644318000154],[89.12305190900014,25.460376508000024],[89.11450540100014,25.455787708000173],[89.12437385300007,25.451876277999986],[89.1311092730001,25.440409956],[89.14562293900019,25.434627635000027],[89.15089624300003,25.427055273],[89.14830282100007,25.413384729000086],[89.15429162600003,25.411035129000027],[89.15727936700006,25.4038779710001],[89.16418365100009,25.401858546000085],[89.17012446000018,25.407400490000157],[89.17436480000003,25.40101784800015],[89.18194751800019,25.398669529000074],[89.18574908100004,25.38924521300015],[89.19252193000005,25.392636942000024],[89.20644674100015,25.388665001999982],[89.21684269200011,25.378011304000097],[89.21086791200014,25.37265388800006],[89.22583211900007,25.369911188000117],[89.23553034400004,25.37267458900004],[89.23929512000012,25.361778921000052],[89.2334617620001,25.35877859200008],[89.24022417200007,25.352966624000032],[89.23635562600009,25.34692124000003],[89.22852297500015,25.34493667800018],[89.22496036100006,25.332722756000123],[89.23159655700005,25.33059930500002],[89.23204846500016,25.338155396000047],[89.23956770800015,25.334729072000073],[89.24545520999999,25.328738466000175],[89.23822143400014,25.325982314000044],[89.24102106400011,25.31827143200013],[89.25778421100006,25.316450004000046],[89.26157266700017,25.32256895000006],[89.26826332100006,25.321420772000067],[89.26507668500017,25.314352309000128],[89.27231553100012,25.30799028600012],[89.28467289500014,25.30459216800017],[89.28358295500016,25.301155700000038],[89.31076572100005,25.30103743900014],[89.31847483500019,25.303606269000056],[89.342152871,25.30473423],[89.3468019770001,25.314932091000117],[89.33528843300013,25.316795051999975],[89.33543620800003,25.327489864000086],[89.34036130200019,25.32990051100012],[89.34689964699999,25.327979089000166],[89.34848834500019,25.337282828000127],[89.34160187100008,25.336997108000162],[89.34076875100004,25.34467364500017],[89.34617895800017,25.354213430000186],[89.34234333500012,25.36525843400011],[89.3449033030002,25.37129755400008],[89.35554796300005,25.37389221500007],[89.35193186900017,25.37954847000009],[89.35760463600013,25.3858268030001],[89.36483397,25.388984923000066],[89.36867553400009,25.40498953100007],[89.37624279600004,25.407299711000064],[89.37722835600005,25.415284371999974],[89.38407288600007,25.42924462300016],[89.3785182790001,25.434652917],[89.381080495,25.44154701700006],[89.39174279400015,25.443654967000043],[89.39862795000016,25.46422255800013],[89.40884043200015,25.468268942000066],[89.41614474400018,25.463629555000182],[89.42137098200004,25.46468421100002],[89.42792392300004,25.477133236000043],[89.43225237400014,25.475344001000053],[89.43515608000007,25.488365503000125],[89.44033768600013,25.48831538000013],[89.44510399800015,25.493726795000157],[89.44080683200008,25.501172061000148],[89.44512554700009,25.50663330700013],[89.44106690100017,25.512742620000154],[89.44081683700006,25.52772048100013],[89.4355873290001,25.53797675300018],[89.43080718800013,25.53047527800004],[89.42432978400007,25.535964373000127],[89.41674583600019,25.534349585000086],[89.41074653400011,25.54137811100003],[89.40331448800015,25.545556057000056],[89.40938166300009,25.559137122000095],[89.40762857800007,25.571049750999975],[89.41207450800005,25.57463005],[89.412103329,25.584716768000078],[89.41476383000014,25.589883609000083],[89.42852943100019,25.589522654000177],[89.44351851200008,25.584451347000027],[89.44873411100002,25.590719928000112],[89.45898563600014,25.59222559800014],[89.46381056800004,25.597729160000085],[89.47343235300008,25.598321735000127],[89.47379592400006,25.591758143000106],[89.48524833900018,25.583832051000115],[89.48575341700007,25.578720504000046],[89.49403138100018,25.58079237600009],[89.49838438400019,25.58564086100006],[89.49065298800019,25.591190260000133],[89.48965749200005,25.603863856000146],[89.49532770400009,25.61207864500011],[89.50233158800012,25.611779229000035],[89.51550937700006,25.618846373000167],[89.52102491800014,25.62350924700013],[89.51892897200008,25.628117655999972],[89.52324912900008,25.636116601000026],[89.53174213900007,25.643612264000183],[89.53072946500009,25.65121443700008],[89.52018973900005,25.649821154],[89.5186883630002,25.661024812000107],[89.51422904100014,25.667861610000045],[89.51977524600011,25.683815768000045],[89.51574296000013,25.688513868000143],[89.51305131500004,25.70174294100019],[89.51485092900009,25.708900717],[89.50707515000005,25.720726516000184],[89.4921718120001,25.71699562700013],[89.4847805350002,25.73091196900009],[89.49753718500017,25.7339048070001],[89.49815345600013,25.75192396900013],[89.49387805400005,25.754487221000147],[89.48035165600015,25.75640809800018],[89.47968197400013,25.764708725000105],[89.46291977000004,25.78870346900004],[89.45811096000006,25.791051009000114],[89.44159521500018,25.79151498400006],[89.42864206400003,25.79375826],[89.42897406000014,25.800127852000173],[89.41696313000006,25.798019136000164],[89.38608499700018,25.802716228000122],[89.37027138900004,25.816102941999986],[89.37061163600004,25.82150645900009],[89.36152267100005,25.821986025000115],[89.34986968300007,25.827166334000026],[89.33603904600017,25.83751352200011],[89.33629018800013,25.850621245000127],[89.32935672200006,25.856993673000147],[89.31777362300011,25.858194830000173],[89.31329805300015,25.864496728],[89.29726404700006,25.876770223999984],[89.29062636500015,25.88988498800012],[89.28340278000007,25.896346249000146],[89.2662114220002,25.89054685200017],[89.26021540500011,25.897848368000155],[89.23665953500011,25.904805412000087],[89.23161078200008,25.911857850000047],[89.21338974600008,25.927534545000128],[89.20164255200012,25.946030222000047],[89.19331513400016,25.94869740600012],[89.18425288000014,25.956673738000177],[89.17195247500018,25.955640034000112],[89.1589742920001,25.95756296900015],[89.15154294200016,25.960476709000147],[89.14318827400007,25.967134001000147]]]},"properties":{"adm2_name":"Rangpur","adm2_pcode":"BD5585","adm1_pcode":"BD55"}},
{"type":"Feature","geometry":{"type":"Polygon","coordinates":[[[88.31999283600015,26.20313336700002],[88.30850453600016,26.204093238000155],[88.29934375300007,26.19792344500007],[88.28597587500013,26.200274289000106],[88.27449233000004,26.18812865900003],[88.2601580700001,26.186735095000188],[88.2475449420001,26.190386891000173],[88.23384452300013,26.180127151000022],[88.23311746900015,26.172819893999986],[88.22814801100003,26.17290097200015],[88.22301606300016,26.16617352800006],[88.21492710400008,26.161984226000186],[88.19630573400019,26.15909142900017],[88.1831120510002,26.152685697000038],[88.17721931700004,26.147452368000017],[88.17973269900017,26.13821581500008],[88.174086515,26.130205222000143],[88.17831060200018,26.123138737000147],[88.1735388840001,26.119023010000035],[88.17252741400006,26.110626469000124],[88.1650823380001,26.108503102000043],[88.16300629000011,26.100397617000056],[88.15826947900013,26.095880178000073],[88.16494672700014,26.086647298000173],[88.16058482900002,26.084271831000024],[88.16042769700016,26.07749966500012],[88.16910869999998,26.079821681000055],[88.17253145200004,26.076094080000075],[88.1818592800002,26.073621188000118],[88.18176279500011,26.066400658000077],[88.18535052000004,26.06279891200012],[88.17550273500012,26.05770768300016],[88.177713756,26.052206593000108],[88.169134874,26.04503672800007],[88.17436050100014,26.04080605000013],[88.17153202400016,26.031100123000044],[88.18097422700004,26.03037078900013],[88.1819567880001,26.02583806100006],[88.17611450100014,26.02124641400019],[88.16404347800011,26.021337276000054],[88.14183864500006,26.01447282999999],[88.14380667100005,26.00092539700006],[88.13995752600016,25.99720724399998],[88.12967165300006,25.99687145300004],[88.13080966500007,25.98942093200003],[88.12735514400015,25.983547129000158],[88.12717875400011,25.976224037000122],[88.11992796100014,25.973162408000064],[88.12362912000003,25.965659456000083],[88.11500125900017,25.962622624000176],[88.11431696200015,25.957883627],[88.1222186810001,25.948237292999977],[88.11229328700011,25.943572217000167],[88.11088255700008,25.933493354000177],[88.09928214600012,25.935216915000012],[88.09084440600009,25.926950196],[88.0856713330001,25.914625759000046],[88.09053803600017,25.914660629000082],[88.08980269400007,25.898000906000163],[88.09886167100007,25.89361781499997],[88.102814712,25.889185474000158],[88.09369303600005,25.87408797800009],[88.10123734900014,25.87230254399998],[88.10671990000003,25.86759442300007],[88.11369476600015,25.85262148700008],[88.10644123800006,25.84522648600006],[88.10780127600015,25.83559437100007],[88.10105175900009,25.828948177000086],[88.11121794200005,25.821728224000026],[88.10705810000013,25.815416108000193],[88.1199844520001,25.812283410000134],[88.11458278200007,25.798459596000157],[88.12390649200006,25.796364065999967],[88.12781122700011,25.798217564000026],[88.13864302700017,25.7968558930001],[88.1444003630001,25.793745159000082],[88.14206625800017,25.782639031000087],[88.14643619100019,25.77642767400016],[88.15499359100016,25.777382761000013],[88.15959698800009,25.78788330600014],[88.16576849500012,25.789545558000157],[88.172753333,25.787051701000166],[88.18414883700018,25.801712557000087],[88.19337721700009,25.80170341300004],[88.19976288700013,25.79018251800011],[88.20905733100017,25.78823001900014],[88.21151485500013,25.797393703000182],[88.21503756600003,25.800989264000066],[88.22400113300012,25.797632526000143],[88.23154869800015,25.79749658600008],[88.23111211800006,25.802826477999986],[88.23523157900013,25.808139537000045],[88.24886007400005,25.812111704000188],[88.26941049300012,25.807634216000054],[88.27190960200005,25.791872526000134],[88.268438753,25.78071832700016],[88.27874460700008,25.774117350000097],[88.29037318100018,25.773774872000047],[88.29158421699998,25.76720908100009],[88.299263839,25.76049895600005],[88.31328926900017,25.75509207800019],[88.32040323700011,25.745047471000134],[88.320099643,25.738483052000106],[88.32834833500004,25.740360957000178],[88.33775743900014,25.73779868800017],[88.3440782630002,25.729653118000158],[88.34773448200008,25.73079247300018],[88.35907573300011,25.72658859700016],[88.3569375510001,25.721400554000127],[88.36462792800006,25.71959121700013],[88.37485282100005,25.712469727999974],[88.37023634600013,25.701194201000078],[88.39154464100005,25.693145407000088],[88.39036092600008,25.68407951000006],[88.4014745840002,25.68595091900005],[88.4050892910002,25.683437811000147],[88.40173916900011,25.67244559700015],[88.415431958,25.669726272000105],[88.42861343400017,25.66930169300008],[88.42623282200003,25.67685779300018],[88.43057736900005,25.68190922700012],[88.42838407400018,25.685951990000092],[88.43567369800007,25.69550617200008],[88.435956256,25.70998127600018],[88.42910904800016,25.70734286900006],[88.42385485100016,25.71477524400018],[88.43132932700007,25.715306989],[88.425042475,25.724093457000095],[88.42900968600009,25.729106241000125],[88.41330092800007,25.731942318],[88.40892175800013,25.727714580000168],[88.40205110200009,25.729253923000044],[88.39257531000015,25.74288571200009],[88.39278912000009,25.750931974000025],[88.38888272800017,25.754014717000132],[88.39058066000013,25.760616326],[88.38665911800018,25.763062356999967],[88.38784934699999,25.776797967000107],[88.38363035600008,25.78785545000011],[88.38864270300007,25.803856565000046],[88.38546137500015,25.80862860299999],[88.39032881200006,25.813564408000104],[88.38698725500007,25.81843625500005],[88.38604124200003,25.83902727400016],[88.3969166460002,25.84186815700008],[88.402982076,25.857693111000117],[88.40302014300005,25.865764424000133],[88.40820822500018,25.86947318800003],[88.42175444399999,25.85642609399997],[88.42553455200016,25.862092319000112],[88.41737110200006,25.868528435000087],[88.41872553800005,25.871257546000038],[88.43526424400011,25.87284088100006],[88.4437475470001,25.871541787000012],[88.44425710299998,25.862628248000135],[88.45843243100012,25.861443359000077],[88.46079407200006,25.869294906],[88.46617624400005,25.87255085400011],[88.46825137000013,25.86444530800003],[88.48037447400009,25.864247740000053],[88.48544829200017,25.869970395000053],[88.48291147300012,25.88395011300014],[88.47919219600016,25.887121420000085],[88.47813920700014,25.895149819999972],[88.48018033900013,25.90435192000001],[88.4940504830002,25.908220727000128],[88.50035511400006,25.906286600000044],[88.50689172200015,25.91262166500013],[88.50218780100005,25.915766945000144],[88.50250750900005,25.925701027000173],[88.50758462400012,25.9259723400001],[88.50596423000013,25.934324631000095],[88.51155576200006,25.942900152000107],[88.51641716900002,25.942961388000185],[88.52392261900019,25.95322850700012],[88.53516513100016,25.952360817000113],[88.53775349000017,25.963238742000158],[88.5316525,25.97046262300006],[88.52821919500008,25.979841739000165],[88.52859215500001,25.990399301000082],[88.53090549900014,25.994024999000032],[88.53898095200009,25.995840193000106],[88.54291023700006,26.00154719500017],[88.54131947000013,26.009288500000025],[88.54380879400009,26.017664530000104],[88.55233178200007,26.024329342000044],[88.56376104600014,26.02617910300006],[88.57374692800005,26.022260511000184],[88.5878882510001,26.021205413000075],[88.59277422600013,26.02402245600001],[88.59432484900009,26.031212598000025],[88.60623784100011,26.034797150000145],[88.60881271000005,26.054636526000138],[88.6177787260001,26.059631696999986],[88.62479981000018,26.057155054000134],[88.63208508000008,26.06872391899998],[88.6363899380001,26.071597184000154],[88.63531130000018,26.08115241500019],[88.64066295800012,26.083970071000067],[88.6403916380001,26.0911449190001],[88.63568137900018,26.095176594000122],[88.63566395100014,26.100798717000032],[88.63152359600014,26.10931816300007],[88.61810333300008,26.129210018000038],[88.60087702599998,26.14315227800006],[88.59279860300012,26.145012347000034],[88.58390037300018,26.144175817000075],[88.583281172,26.150308752000115],[88.57210344900005,26.153534186000172],[88.56552814500009,26.16231852100003],[88.55880207100012,26.167293428000164],[88.56054602900014,26.174086312000156],[88.55410929400006,26.177944333000084],[88.54771258300002,26.177602314000126],[88.54434939400005,26.186415686000146],[88.5229931410002,26.179391011000064],[88.52007117900001,26.183405435000054],[88.52021607900014,26.193021505000047],[88.51489231300019,26.198484920000112],[88.50357025500006,26.202718927000035],[88.47898038900013,26.203940648000128],[88.46711142500004,26.19433638000004],[88.45834668400005,26.19211903000007],[88.45472882500013,26.197449308000046],[88.44893052900017,26.195985365000126],[88.41519342800018,26.203283296999984],[88.40796226700007,26.2013627770001],[88.41066301900008,26.195827209000186],[88.40354304200008,26.194434794000188],[88.40048018100003,26.198643668999978],[88.38415502400011,26.200122290000024],[88.38585211000003,26.189962937000075],[88.38200888200004,26.181196433000025],[88.37504897500014,26.18276383500006],[88.36776289300019,26.179984432000026],[88.35737917300008,26.179900122000163],[88.35071885000013,26.18221843500004],[88.34810196000012,26.18777632600012],[88.34181525500014,26.18923638600012],[88.3347198400001,26.187044296000124],[88.32558752800014,26.199729906000073],[88.31999283600015,26.20313336700002]]]},"properties":{"adm2_name":"Thakurgaon","adm2_pcode":"BD5594","adm1_pcode":"BD55"}},
{"type":"Feature","geometry":{"type":"Polygon","coordinates":[[[91.65005852900003,24.679523580000023],[91.62770620600008,24.67407157300005],[91.62435257200002,24.66833828600005],[91.62524630600012,24.657672004000176],[91.61851794400008,24.658577578000177],[91.60762590500013,24.674251773000037],[91.60433334499999,24.670278038000163],[91.58958801700015,24.670552210999972],[91.5841780340001,24.664975140000138],[91.57809742900014,24.66672310100006],[91.578934602,24.672639743000047],[91.5743508180002,24.677159602000188],[91.56284652900018,24.66902701800018],[91.57008058400004,24.66388389000008],[91.56789381400012,24.657209261],[91.55895860600009,24.661349629000085],[91.55002511600009,24.660480448000044],[91.54544141000008,24.671274842],[91.54185707200014,24.66746744200009],[91.53910952200005,24.656545263000112],[91.53094523700014,24.653396152000084],[91.53242199900012,24.662119287],[91.51985635400007,24.669265054000164],[91.515651391,24.6667725370001],[91.50643236200011,24.668729862000134],[91.49524470400007,24.673997487000122],[91.47828741199999,24.673874170000147],[91.46610322400016,24.66225519800014],[91.46593186200016,24.669363132000115],[91.45342995100003,24.66850943700007],[91.44250420800012,24.659113350000098],[91.43839870400006,24.670417175000182],[91.43086186100004,24.67504913600004],[91.426081398,24.682374763000155],[91.41755217300016,24.680961127000046],[91.41454388200003,24.674474588000066],[91.39884975799998,24.67351094100019],[91.39709705600012,24.678010514999983],[91.38973758700001,24.68367273100006],[91.39209534800017,24.688019016000055],[91.37444995700008,24.696890822000114],[91.37044084200011,24.689326677000167],[91.35186834600012,24.69214082800005],[91.3581627010002,24.686363623000148],[91.3623747580001,24.678295703000117],[91.34704361500013,24.669465124],[91.3423358660001,24.674974852000105],[91.33319750800018,24.65942551900008],[91.32382152800017,24.656605306000017],[91.31673438000013,24.649235934000103],[91.30287240799998,24.65525106300015],[91.30507520200018,24.642420667000124],[91.3034793450002,24.63269566499997],[91.3071328480001,24.624636282000097],[91.29775267900015,24.621044551000182],[91.2994330470001,24.61189165600001],[91.29529441100016,24.60014086900003],[91.28530140800012,24.600395850000098],[91.2759940580001,24.603807151000183],[91.26727937200002,24.601146918000097],[91.2684177390002,24.58431194500008],[91.25602494100008,24.578008918000023],[91.24251803500005,24.57632168400005],[91.23393475700004,24.570234943000116],[91.22583965800004,24.561644493000017],[91.22692384900012,24.55459636300003],[91.21514241699998,24.525632222000127],[91.18749962400017,24.49733661199997],[91.18199727200016,24.49371343000007],[91.17537388600016,24.501585281000075],[91.17052833000014,24.500442414000076],[91.15703986600005,24.489113800000155],[91.15083580700013,24.480580553000095],[91.15682085300011,24.476865409000027],[91.16308026300004,24.48316578100014],[91.17089469400008,24.483954271000187],[91.19384410900011,24.480137623000076],[91.18618325100005,24.474138547],[91.18482923500011,24.46961588500011],[91.19020872800013,24.464475923000066],[91.19926178800011,24.465354809000132],[91.2035914020002,24.476922212000034],[91.2233801480001,24.484366821000037],[91.22860030200019,24.480831965000164],[91.23354112600009,24.472332532000053],[91.23841666500016,24.458232407000025],[91.23897762000013,24.44201380500016],[91.24315572500007,24.430255850000094],[91.24024153900018,24.427399079000054],[91.23185085400019,24.433337380000182],[91.21833035200007,24.43301793200004],[91.22054295200019,24.419477233000123],[91.21630706800016,24.41125299400005],[91.21600818000013,24.403150561000132],[91.23240407800012,24.409662126000057],[91.23924501700014,24.407766340000023],[91.24553069600017,24.393966622999983],[91.25640133600007,24.382127652],[91.25306150900002,24.37788618600007],[91.2443411270001,24.380980983000086],[91.23756066400011,24.372159592],[91.23130533500012,24.367268621999983],[91.21996558100011,24.36777571300013],[91.21412057600008,24.363953070000093],[91.21550153000015,24.35957472800004],[91.22333215200001,24.352349762000188],[91.2351674470001,24.336958444000174],[91.23902728400014,24.32466582300009],[91.2346909310001,24.316198932000077],[91.20419006000003,24.32142429000004],[91.18603278400013,24.32280444100013],[91.1729462190001,24.319704770000044],[91.16940637400006,24.31492776900012],[91.15884226000014,24.29065297200009],[91.16345397800012,24.284914835000052],[91.17981282200009,24.28929727500008],[91.18704134000006,24.29279002100003],[91.19755993800015,24.293396056],[91.19814375600015,24.28670878900016],[91.19339513000017,24.277701964000187],[91.17527979,24.26551884900016],[91.18162704800011,24.25613335500003],[91.19610531400008,24.240277454000022],[91.23029130800012,24.23400632000005],[91.23392749200008,24.235385655000186],[91.24687138700017,24.22972409700003],[91.25836110900013,24.2266404290001],[91.27445999700006,24.225165473000118],[91.288458274,24.22812930000015],[91.28164688900017,24.232559824000077],[91.2863768810002,24.241062762000183],[91.28483942800011,24.244877589000055],[91.29280544900007,24.253479350000077],[91.29413437300008,24.259121107000112],[91.30748738200009,24.269012586000088],[91.32154678900014,24.265628805000176],[91.32554587900012,24.260746944000118],[91.32788553100005,24.242516787000113],[91.32369439400009,24.23686867200007],[91.32400938400008,24.231142915000135],[91.314748157,24.232033674000036],[91.30762332200015,24.227338265000128],[91.30656638900018,24.222073551999983],[91.29946839200011,24.223274395000146],[91.29760919700016,24.214413288000173],[91.28505245300005,24.219012444000043],[91.28317877300009,24.21197766900019],[91.27677548900016,24.20431036700012],[91.27700827400014,24.200375610000094],[91.2866970120001,24.196474180000052],[91.29807547300004,24.19999664700009],[91.30028840800009,24.203533533000154],[91.3133161500001,24.20523012900003],[91.31507262100001,24.189118174000157],[91.30803244900017,24.192422960000044],[91.2971014150001,24.18771215800018],[91.28506002600005,24.187547757000175],[91.28407055600007,24.182128735000106],[91.2775466290002,24.182774429000062],[91.27737500700005,24.168925838000064],[91.27519339800011,24.158071256000085],[91.26854402200007,24.159655125000143],[91.26821536700015,24.14942953800005],[91.26186772000011,24.148058715000047],[91.26208930800016,24.14293876200003],[91.27096500100009,24.142854579000073],[91.27230862300007,24.12429144200007],[91.284725955,24.118477873000188],[91.28408394600012,24.112006051000094],[91.27125023000013,24.114206238000122],[91.26989620200004,24.097939709000116],[91.28137809700013,24.094192415],[91.29254300400015,24.094638815],[91.28886175700012,24.086808721000182],[91.28851143300005,24.078948230000037],[91.28472523100015,24.07408320100012],[91.28563856300002,24.063028748000193],[91.2924087290001,24.06260597],[91.30420777500007,24.057286142],[91.30413523300012,24.045300824000094],[91.31269696600003,24.041233847000115],[91.3135802290002,24.031577025000104],[91.30993325800017,24.026812977000134],[91.30886960100014,24.017473063000068],[91.29590992900006,24.00740725300011],[91.29612663900008,24.000712002000114],[91.30347730600016,23.9961569030001],[91.31702684300006,23.989981516000114],[91.32438342400008,23.993704272000116],[91.33448126100006,23.989340712],[91.34087264100009,23.981864037000037],[91.35857608700007,23.983539216000167],[91.3670457610001,23.980323580000174],[91.37423009300016,23.974687532000132],[91.38011367900009,23.97800537200004],[91.37642461400014,23.98640306600015],[91.378645532,23.991038360000175],[91.37321385200005,24.002517506000117],[91.39092037800009,24.024981477000097],[91.39653544900011,24.04214241500017],[91.39640080800007,24.04941088200019],[91.37731671300014,24.079158542000187],[91.3742366840001,24.106864535000113],[91.38409381600013,24.10681394100004],[91.39968452200014,24.11065881700017],[91.42819003100016,24.107496280000078],[91.43171000100006,24.09902228800007],[91.4382219090001,24.10124805999999],[91.44326304700013,24.095879459000173],[91.45077029800018,24.099682355000027],[91.46295031000005,24.094619953000063],[91.47692938500018,24.098833539000168],[91.48827981500017,24.09396229200007],[91.49919741800011,24.085624659000075],[91.50759123200004,24.085309597000105],[91.54660501299998,24.0735444],[91.55977876600014,24.076275372],[91.57358621200018,24.073621351999975],[91.57621628200019,24.078486217999966],[91.58697483700013,24.071498698000028],[91.59285052500007,24.073645424],[91.59506391500008,24.081340616999967],[91.59418354400015,24.088537549000023],[91.6008648740002,24.095880078000107],[91.61025930200014,24.091157009000028],[91.6243856170002,24.095386971000096],[91.63000286,24.099374740000087],[91.63749689000014,24.100175018000073],[91.64244033800003,24.11312921000001],[91.63992078300004,24.127657922000083],[91.63605980100016,24.1368509080001],[91.64825142799998,24.15621016400013],[91.64616822900001,24.16911563700006],[91.64735389900011,24.178310002000103],[91.64647307400014,24.191336400000182],[91.64100120200015,24.199217301999965],[91.63526687000018,24.19964917400017],[91.63424183600011,24.21142121400004],[91.62877187000015,24.214251902000115],[91.6252895660001,24.228208238000093],[91.61943431800006,24.232519076000074],[91.62081261000009,24.267460172000085],[91.61272418500005,24.287348051000095],[91.62370703900018,24.297804649],[91.629634721,24.312928775000103],[91.62919940600017,24.336489091000146],[91.6272698640002,24.346141981000187],[91.62249976800007,24.350737166000158],[91.61685527100013,24.36258718900018],[91.60176940200006,24.363806565000175],[91.60101564800004,24.374988548000147],[91.60285365200008,24.38300988000003],[91.60092861400011,24.39840068000018],[91.60132565500004,24.41736964500018],[91.61864339599998,24.416751994000094],[91.61492372200007,24.429665414999988],[91.6181732450001,24.43357201700013],[91.61554608100016,24.44024347600015],[91.61018550700015,24.441600883000092],[91.61635379500018,24.46397984200013],[91.612815925,24.47967455400004],[91.61669484400005,24.49983621300015],[91.62494089600006,24.51319905700018],[91.63699816300016,24.521971563000022],[91.642468925,24.535131991000185],[91.639066125,24.53791051200011],[91.64119721800006,24.545614069000067],[91.64804947400017,24.5409254],[91.65197678700014,24.549873210000158],[91.64471903800012,24.557412941000052],[91.64533258600011,24.566081015000123],[91.6390416210001,24.564978055000154],[91.63411165700006,24.57664991900009],[91.62698724299997,24.578372625000156],[91.63169984500018,24.586430600000142],[91.62664066399998,24.589568062000012],[91.61082185700008,24.58362310000018],[91.60951068300011,24.58885602400011],[91.623777921,24.601357234999966],[91.63492879000012,24.593859682000186],[91.64165257200005,24.592026947000193],[91.65211199400005,24.59518895700012],[91.66396172500004,24.59115335000007],[91.66956147700006,24.60972505100011],[91.666727944,24.61924599800011],[91.66123230800008,24.627482600000064],[91.65366459100017,24.629525323000053],[91.655052942,24.635831736],[91.64678624400011,24.641498014000092],[91.64421297700011,24.653300970000032],[91.63924500700006,24.658519886000192],[91.65094570200017,24.66506196500012],[91.65005852900003,24.679523580000023]]]},"properties":{"adm2_name":"Habiganj","adm2_pcode":"BD6036","adm1_pcode":"BD60"}},
{"type":"Feature","geometry":{"type":"Polygon","coordinates":[[[91.64735389900011,24.178310002000103],[91.65433894000012,24.175657173000047],[91.65769480400013,24.17857789700014],[91.65968256200011,24.190285635],[91.65321970700012,24.196015156000044],[91.65283973700014,24.20600594700005],[91.64891506400005,24.215495642],[91.65791932600001,24.22594658300011],[91.66886625500013,24.230362007000053],[91.66810350700007,24.209180456000126],[91.6768184770001,24.199849869],[91.68001873900005,24.193439812000122],[91.68117290600009,24.17551035800011],[91.68549697600008,24.16550310700012],[91.692899721,24.15986348000007],[91.70359704900017,24.163114606000136],[91.70630844900012,24.154745628000114],[91.72092792400014,24.152220227000157],[91.7283170890002,24.143827425999973],[91.74865180900014,24.141458081000167],[91.75941856700013,24.142395276000173],[91.75541198200017,24.172402769000087],[91.75538368500008,24.17838271000005],[91.7507648240001,24.216597894000074],[91.74614865000007,24.24731411500005],[91.7760833540001,24.22992961400007],[91.79306848100009,24.220827790000158],[91.80773773500005,24.221017722000056],[91.81370888400016,24.213235928000074],[91.82410644200019,24.21089658300008],[91.8327993210001,24.21923054400014],[91.83924204100009,24.22057941300011],[91.84432651600002,24.226689151000073],[91.85540032600005,24.212966122000182],[91.84519500100004,24.19988308799998],[91.84543747500004,24.190273374000185],[91.85110161000017,24.183125999000026],[91.86110530900004,24.183354039000108],[91.866571443,24.17726493800012],[91.87333930400018,24.175017249000064],[91.87449582400012,24.163024001000167],[91.87876813300005,24.151899800000024],[91.87831213900012,24.147043375000067],[91.88409963100008,24.13949838900004],[91.89091717800011,24.137231351000025],[91.89679809500007,24.139806076000184],[91.90552119400019,24.139541660000134],[91.91303930600014,24.155735455000183],[91.91164802000014,24.168487922999986],[91.91785943100007,24.19181002900001],[91.92623157899999,24.219002494999984],[91.93994896400017,24.269022510000013],[91.92911909800011,24.306570087000182],[91.92591948100011,24.314497124000127],[91.91970041900015,24.336738691],[91.940314462,24.342945284999985],[91.942525676,24.348686144000112],[91.94965425900017,24.351052634000155],[91.95603821500009,24.356610884000133],[91.97127625700006,24.343166693],[91.9765284450001,24.329828965000104],[91.98508387600003,24.32365250600003],[91.99584648300015,24.32332850800003],[91.99631764800012,24.339600244000053],[91.97804452400004,24.35851921000011],[91.98002922800015,24.36465735500002],[91.97625712700005,24.373272175000125],[91.97065091000007,24.375238880999973],[91.97558604900013,24.382769644],[91.98778997400012,24.379621638000174],[91.98817243000013,24.38457537000005],[91.99502596200017,24.38921828400015],[92.00428922600014,24.388719044000027],[92.00911351700006,24.3826559150001],[92.02343911800011,24.386882216000117],[92.02878457200006,24.380881512000144],[92.0494113950001,24.376647322000053],[92.08465186600012,24.376200345000143],[92.09064107900014,24.37299643200015],[92.09658100500008,24.37451679200018],[92.10296612100012,24.383537347000015],[92.11028319900015,24.38125311000016],[92.12209397500004,24.385170889],[92.11890307000004,24.390873695000096],[92.12675708800015,24.39868539200006],[92.13127945800005,24.40716647700009],[92.13323201700018,24.41760878900004],[92.13811988900017,24.42627853],[92.14728682000003,24.422544411000047],[92.15387321700007,24.426616997000053],[92.16368409400013,24.420419505999973],[92.16736224400017,24.42604290100013],[92.16349568800018,24.441192248000107],[92.16110250900016,24.457085542000073],[92.15436623300019,24.47245854],[92.15166261400009,24.49055435000014],[92.15202274500012,24.501892259000044],[92.15873233600007,24.506452339000077],[92.15558703200003,24.51921474000011],[92.16022037200008,24.527832842000123],[92.16793415700016,24.532036505],[92.17503000100004,24.525394709000068],[92.19050163800017,24.517359886000065],[92.20213187900015,24.507404973],[92.22250926800012,24.500207151000097],[92.22944814500005,24.50079086900007],[92.23346186300017,24.579527011000096],[92.23868961000005,24.6046777090001],[92.24461704400005,24.617929040000035],[92.24421378800008,24.62834995300011],[92.24843648200005,24.638230061000115],[92.24969781900006,24.649783735000028],[92.24640753700015,24.65605931000016],[92.2511753870001,24.660605205000138],[92.25795121900012,24.674161180000112],[92.26018070700019,24.68699543500003],[92.2662669980001,24.691311],[92.28042045500013,24.71453681600019],[92.29032313100004,24.7263936600001],[92.29626020600017,24.73691593200016],[92.2830481220002,24.74192003200011],[92.28057301500013,24.748465996000107],[92.28961943100006,24.761107507000077],[92.28331591000011,24.764442087000134],[92.28358973100012,24.773193797000033],[92.286765769,24.776798849000045],[92.28892219700009,24.787464723000028],[92.2819736080001,24.790066741000032],[92.2797417650001,24.79667670000009],[92.27383637300017,24.79931437300013],[92.27658755300007,24.815428014000133],[92.27361128000007,24.82741108300013],[92.26909795900013,24.82975440600012],[92.25367406200019,24.832054945000152],[92.25089012400002,24.836149921000015],[92.24491326100014,24.83105847400003],[92.24167955600018,24.818469504000063],[92.2319012800001,24.820312867000098],[92.21513360500012,24.81402680700012],[92.21243696900012,24.80475094400009],[92.19801990000019,24.805974563000177],[92.19349977400009,24.79863878300017],[92.19295588900013,24.787958761000084],[92.19723179200014,24.783707493000065],[92.1961878940001,24.77159049100004],[92.19304180800003,24.768098012],[92.17978085500016,24.769627689000174],[92.17612076600011,24.773257030000025],[92.16237430100006,24.76962736700017],[92.15876875800006,24.771195969000075],[92.15132004200012,24.76581465600009],[92.14021510600003,24.76442337300017],[92.12746289700016,24.76055861700013],[92.11866230300012,24.766280340000094],[92.113946301,24.76569703100006],[92.10410622000006,24.756736017000037],[92.09545649400008,24.757362824000154],[92.0915240060001,24.76583137800003],[92.07741474000011,24.765903676000164],[92.07725776600012,24.74933586700007],[92.08415436400014,24.74804844600004],[92.07991966000009,24.722800909000114],[92.0749222180001,24.716986449000103],[92.06240176000017,24.717448064000166],[92.06002967100005,24.710161533000075],[92.05281955499999,24.701792462000128],[92.04408101600006,24.700406417000124],[92.03966588500003,24.707016107000072],[92.03032144000002,24.698715494000112],[92.03624036500014,24.687226488000192],[92.03364064700014,24.680922005000184],[92.0334901010001,24.660218881000162],[92.02966281500017,24.652326192000032],[92.016133523,24.65056511600011],[91.99465701100013,24.653034269000045],[91.98531884800013,24.642963136000162],[91.97864370600007,24.64227476500014],[91.97311496300011,24.63761451700003],[91.96445414700008,24.642564733000142],[91.96372890500015,24.646442729],[91.94691103700006,24.65316855800006],[91.92876812200018,24.65804981100007],[91.92213696100015,24.653826115000015],[91.91108922100017,24.65709306800005],[91.9132018840001,24.662221279000107],[91.90366839700005,24.663328745000058],[91.9021434350002,24.650719057000174],[91.89103352800015,24.64602765900014],[91.88713102399998,24.656457001000092],[91.87704936300008,24.655831697000053],[91.86531454000004,24.658090497000103],[91.86419173500013,24.651671721000127],[91.84647269800018,24.645360701000186],[91.84082859300008,24.652946133000057],[91.83159443200014,24.65432364800006],[91.82535516500019,24.65257063399997],[91.80093222800014,24.63732038300003],[91.79438432300003,24.64556281600011],[91.78362610600016,24.641659591],[91.78047013100007,24.636530358000073],[91.78321919100011,24.62748039600001],[91.77282927000016,24.626664269000116],[91.77119672600008,24.620200893000174],[91.76011590700011,24.61403794100005],[91.75220484700014,24.606710895000106],[91.75149679300017,24.600143918000015],[91.74391990400005,24.596769400000085],[91.74066054500008,24.600211096000066],[91.72903515500008,24.59542424000017],[91.71990467,24.596373055000072],[91.7015152240001,24.604003874],[91.68729149300015,24.608297058000176],[91.68200088100008,24.627520337000078],[91.67725802400014,24.634053876],[91.66123230800008,24.627482600000064],[91.666727944,24.61924599800011],[91.66956147700006,24.60972505100011],[91.66396172500004,24.59115335000007],[91.65211199400005,24.59518895700012],[91.64165257200005,24.592026947000193],[91.63492879000012,24.593859682000186],[91.623777921,24.601357234999966],[91.60951068300011,24.58885602400011],[91.61082185700008,24.58362310000018],[91.62664066399998,24.589568062000012],[91.63169984500018,24.586430600000142],[91.62698724299997,24.578372625000156],[91.63411165700006,24.57664991900009],[91.6390416210001,24.564978055000154],[91.64533258600011,24.566081015000123],[91.64471903800012,24.557412941000052],[91.65197678700014,24.549873210000158],[91.64804947400017,24.5409254],[91.64119721800006,24.545614069000067],[91.639066125,24.53791051200011],[91.642468925,24.535131991000185],[91.63699816300016,24.521971563000022],[91.62494089600006,24.51319905700018],[91.61669484400005,24.49983621300015],[91.612815925,24.47967455400004],[91.61635379500018,24.46397984200013],[91.61018550700015,24.441600883000092],[91.61554608100016,24.44024347600015],[91.6181732450001,24.43357201700013],[91.61492372200007,24.429665414999988],[91.61864339599998,24.416751994000094],[91.60132565500004,24.41736964500018],[91.60092861400011,24.39840068000018],[91.60285365200008,24.38300988000003],[91.60101564800004,24.374988548000147],[91.60176940200006,24.363806565000175],[91.61685527100013,24.36258718900018],[91.62249976800007,24.350737166000158],[91.6272698640002,24.346141981000187],[91.62919940600017,24.336489091000146],[91.629634721,24.312928775000103],[91.62370703900018,24.297804649],[91.61272418500005,24.287348051000095],[91.62081261000009,24.267460172000085],[91.61943431800006,24.232519076000074],[91.6252895660001,24.228208238000093],[91.62877187000015,24.214251902000115],[91.63424183600011,24.21142121400004],[91.63526687000018,24.19964917400017],[91.64100120200015,24.199217301999965],[91.64647307400014,24.191336400000182],[91.64735389900011,24.178310002000103]]]},"properties":{"adm2_name":"Moulvibazar","adm2_pcode":"BD6058","adm1_pcode":"BD60"}},
{"type":"Feature","geometry":{"type":"Polygon","coordinates":[[[91.70273508100007,25.149349694000023],[91.69479743200009,25.145721067000068],[91.69183420700017,25.137313406000146],[91.68058534600016,25.135288177000177],[91.6760741220001,25.138210330000106],[91.66406845300014,25.135449805],[91.65179016600007,25.127454787000033],[91.64547802200002,25.127062305000095],[91.63779479900018,25.122996544000046],[91.62288120200014,25.128293379000127],[91.6209828710002,25.143617638000023],[91.61128458800005,25.14615893400014],[91.60218043100002,25.142197075000183],[91.5996146220001,25.15152206000016],[91.60374957800013,25.159183267000174],[91.60449395400008,25.167975847000093],[91.61545361200007,25.170578745000114],[91.6108061920001,25.17706339700004],[91.60579920200007,25.17417788400013],[91.59130329000004,25.174311909000096],[91.57759974100014,25.172228554000128],[91.56703414100008,25.159373315000096],[91.56297814100009,25.160553813000035],[91.55445989000003,25.14912957000007],[91.52649012200004,25.144617188000154],[91.51656288100014,25.14788378900016],[91.50901265800007,25.1474101500001],[91.50221657500009,25.143766101000153],[91.50024208200006,25.13575713700004],[91.48238906100016,25.13702936300018],[91.47049925100015,25.13400125200019],[91.46631761700019,25.15177117000019],[91.44977765900018,25.149548102999972],[91.44072261000014,25.14975272500004],[91.43280635600007,25.15685077400019],[91.42523564700014,25.156946419000178],[91.41423732000004,25.170424016000027],[91.4106010380001,25.163903569000126],[91.39952117400014,25.16516898300017],[91.38435657000002,25.169841983000083],[91.3748929100002,25.168162730000176],[91.36084212600008,25.176990002000082],[91.3378242330001,25.173362443000087],[91.32748904000005,25.176216228000044],[91.31894203799999,25.183231696000178],[91.30559724400001,25.182273311000188],[91.2930678670001,25.183403663999968],[91.28859041600009,25.18608608500017],[91.28932181000005,25.19382015900004],[91.2772881190001,25.197292541000138],[91.26776885400005,25.205696196000076],[91.26051674600006,25.20408888200018],[91.25955876200004,25.199785486000053],[91.24718547500004,25.197107019000043],[91.2314588960001,25.19694760200008],[91.22590611600003,25.199781599],[91.19808238900015,25.201779430000045],[91.16476154300005,25.196336641000073],[91.15070497000005,25.19680560500018],[91.13225971500009,25.193783048000114],[91.10877948600017,25.194940656000142],[91.09346095900008,25.196720692000156],[91.08648666300013,25.196042933000115],[91.07510704200018,25.198383547000162],[91.07155687500011,25.19190895700001],[91.05701221800012,25.19211405900012],[91.0379658870001,25.18623231900017],[91.0262931920002,25.18527235900018],[91.00246931200002,25.181258205],[90.98403619800007,25.175593698000057],[90.97268814100016,25.17577707700019],[90.9624543320001,25.17202139400007],[90.96794442400017,25.160791188000076],[90.95971737700006,25.149148522000075],[90.95177801300008,25.149854439000137],[90.94956542100016,25.13852906799997],[90.95760208900003,25.127733759000023],[90.95658627700016,25.12004890300011],[90.9480429100002,25.111649308000153],[90.96507298100016,25.095741209000096],[90.97148878600018,25.094453169000076],[90.96946843300003,25.080390636000175],[90.97371732600016,25.07233952300004],[90.96682226900015,25.069580727000016],[90.962380064,25.072609868000143],[90.95631958400003,25.069888055000092],[90.94404616600008,25.08106925200019],[90.93361544800018,25.073604037000052],[90.93552955000007,25.06453692200006],[90.93074146800006,25.06378727400005],[90.92950706500017,25.05235003900009],[90.93885162300006,25.04382540300014],[90.95188518900005,25.043166789000168],[90.95638155500012,25.03675579600008],[90.94505050300012,25.028524971000024],[90.93885359500007,25.02797050600003],[90.93539821900015,25.023303316000067],[90.93679999400007,25.00942847700003],[90.94129885100006,25.004449214000033],[90.94803953100018,25.005076892000147],[90.94769039800013,24.99557248100001],[90.94138083200016,24.990174034],[90.9454385630001,24.98203908500011],[90.94435537400011,24.975205494000193],[90.94868765700016,24.971092160000183],[90.95979360400008,24.97250150600007],[90.97255472000006,24.960293267999987],[90.96997838200008,24.947701503000076],[90.9631903340001,24.941227903000026],[90.95524970600019,24.94185594300012],[90.95446627000018,24.918204686000138],[90.96325552800016,24.910508477000064],[90.96870771800008,24.914394596000022],[90.98092964900013,24.916754132],[90.99445484500012,24.913433951],[90.99669860400007,24.91034516700006],[90.99877389700009,24.89400221000011],[91.00606535500015,24.89184238600012],[91.01519456800008,24.89388462100004],[91.02341982900003,24.88809645600014],[91.03024307300007,24.89008132100014],[91.03927594000004,24.89973072500004],[91.03770807600017,24.905153015000167],[91.0460553440002,24.907787974000144],[91.05443422900004,24.900777966000135],[91.05796797500005,24.90350942100008],[91.07447344900004,24.902921874000015],[91.08770638500016,24.889897039000175],[91.09182037000011,24.890526199000192],[91.10128278400003,24.885846779000076],[91.10797777700003,24.874243164000177],[91.10250352300005,24.86665094500006],[91.10886517000017,24.862111339000137],[91.11399228900012,24.848663401000124],[91.12396485800002,24.846947484],[91.11781025300019,24.83527927500012],[91.11321944600019,24.818824409000058],[91.1185190990002,24.807769314000097],[91.13104878100006,24.80081671199997],[91.13293368400014,24.79348279900006],[91.14194046400019,24.797940713000173],[91.14320508700013,24.80276381600015],[91.15272271100014,24.811734465000143],[91.14949709600012,24.81987512],[91.14290132100018,24.82458522600018],[91.14558972500004,24.831258231000106],[91.15471264500013,24.840288115000135],[91.16386528600003,24.831111008000107],[91.17059068100008,24.82880928100019],[91.17255260900004,24.814454149000085],[91.17082045000018,24.806541555000024],[91.16111545299998,24.797591594000153],[91.16077065800016,24.792964069000163],[91.16943833600004,24.791955201000178],[91.17121556600017,24.780671712000128],[91.16823801600003,24.77620925800005],[91.14577685799998,24.762399574000142],[91.15913366300015,24.752571309000075],[91.158848653,24.74389775700007],[91.1514235790001,24.749565000000132],[91.14676157200012,24.742736166000157],[91.15213557100003,24.733138093000093],[91.15031654600011,24.726100087000077],[91.16037697500019,24.723518314000046],[91.16389096600005,24.71912949],[91.16986824500015,24.730084017000024],[91.17710000000017,24.729562362000138],[91.18563486400006,24.72584241900006],[91.19321565700017,24.718090863000157],[91.21328709500017,24.716223142000047],[91.22155208900011,24.723423025000102],[91.22977556400008,24.72680530000008],[91.22649508100017,24.706254870000066],[91.22154880700003,24.70384129400003],[91.23587036600009,24.695111582000152],[91.24250965600015,24.694018306000146],[91.24341259100015,24.683102497000107],[91.23385774600018,24.675663762000056],[91.2244031800002,24.67894909600011],[91.2262175350001,24.671204503000126],[91.23301425199998,24.670410643000025],[91.23158251000018,24.65857712200011],[91.22490087200015,24.655532140000048],[91.21247551000005,24.655213011000058],[91.20887695500011,24.651171645000147],[91.20762280100007,24.639494388],[91.19461677700008,24.632192949000114],[91.19334813400019,24.625672922000035],[91.17973718800005,24.631874572000186],[91.17997689600014,24.617165305000185],[91.19340275000008,24.613883001000033],[91.20094792100008,24.610046059000183],[91.20012697400011,24.602941276000024],[91.20528716000018,24.595814271],[91.204147192,24.588652629000023],[91.20666625600006,24.57839603000008],[91.217180015,24.57855360400015],[91.23016851500017,24.574684729000012],[91.23393475700004,24.570234943000116],[91.24251803500005,24.57632168400005],[91.25602494100008,24.578008918000023],[91.2684177390002,24.58431194500008],[91.26727937200002,24.601146918000097],[91.2759940580001,24.603807151000183],[91.28530140800012,24.600395850000098],[91.29529441100016,24.60014086900003],[91.2994330470001,24.61189165600001],[91.29775267900015,24.621044551000182],[91.3071328480001,24.624636282000097],[91.3034793450002,24.63269566499997],[91.30507520200018,24.642420667000124],[91.30287240799998,24.65525106300015],[91.31673438000013,24.649235934000103],[91.32382152800017,24.656605306000017],[91.33319750800018,24.65942551900008],[91.3423358660001,24.674974852000105],[91.34704361500013,24.669465124],[91.3623747580001,24.678295703000117],[91.3581627010002,24.686363623000148],[91.35186834600012,24.69214082800005],[91.37044084200011,24.689326677000167],[91.37444995700008,24.696890822000114],[91.39209534800017,24.688019016000055],[91.38973758700001,24.68367273100006],[91.39709705600012,24.678010514999983],[91.39884975799998,24.67351094100019],[91.41454388200003,24.674474588000066],[91.41755217300016,24.680961127000046],[91.426081398,24.682374763000155],[91.43086186100004,24.67504913600004],[91.43839870400006,24.670417175000182],[91.44250420800012,24.659113350000098],[91.45342995100003,24.66850943700007],[91.46593186200016,24.669363132000115],[91.46610322400016,24.66225519800014],[91.47828741199999,24.673874170000147],[91.49524470400007,24.673997487000122],[91.50643236200011,24.668729862000134],[91.515651391,24.6667725370001],[91.51985635400007,24.669265054000164],[91.53242199900012,24.662119287],[91.53094523700014,24.653396152000084],[91.53910952200005,24.656545263000112],[91.54185707200014,24.66746744200009],[91.54544141000008,24.671274842],[91.55002511600009,24.660480448000044],[91.55895860600009,24.661349629000085],[91.56789381400012,24.657209261],[91.57008058400004,24.66388389000008],[91.56284652900018,24.66902701800018],[91.5743508180002,24.677159602000188],[91.578934602,24.672639743000047],[91.57809742900014,24.66672310100006],[91.5841780340001,24.664975140000138],[91.58958801700015,24.670552210999972],[91.60433334499999,24.670278038000163],[91.60762590500013,24.674251773000037],[91.61851794400008,24.658577578000177],[91.62524630600012,24.657672004000176],[91.62435257200002,24.66833828600005],[91.62770620600008,24.67407157300005],[91.65005852900003,24.679523580000023],[91.65082819800006,24.687326573000064],[91.65427870600007,24.691703766000103],[91.65563613400013,24.701081204000104],[91.66168076000002,24.705388913000093],[91.65626119900008,24.70943513600014],[91.65451932899998,24.71772038400013],[91.65810513600013,24.724443466000082],[91.67261396600014,24.725033970000084],[91.67156575900003,24.731246262000184],[91.66239903800016,24.738016060000064],[91.66222318600018,24.747976906000133],[91.67223268200001,24.750109206],[91.6762966300002,24.759020420000127],[91.67069694500009,24.768947024000113],[91.66042262500014,24.774478639999984],[91.64723346000017,24.77231744500017],[91.64781972500009,24.788535961000036],[91.65783685800017,24.792497351000065],[91.66506230200008,24.788543744000094],[91.6715242800002,24.788769657000046],[91.67492505100012,24.794780947],[91.67281285700017,24.804876228000126],[91.66751484200012,24.80978386700002],[91.65911423100005,24.81192910100009],[91.66030600600016,24.828515393000032],[91.66375357400011,24.83034376700016],[91.66365092100006,24.841768610000145],[91.65611001700017,24.85067297700016],[91.66300163200009,24.85819019000013],[91.673874824,24.861052720000032],[91.680497107,24.874546259000113],[91.68386426300009,24.866535961000125],[91.68940528200017,24.864326794000192],[91.6967502780002,24.870771243999968],[91.69762638400005,24.88251208500003],[91.68617336700004,24.882269498000085],[91.68464801600004,24.89417750800004],[91.69061712600006,24.89696755700004],[91.69524842400011,24.90674041600016],[91.69391649500011,24.917806601000166],[91.68884622299998,24.9209406330001],[91.691407685,24.932522403000064],[91.68989438500006,24.940945218000024],[91.69817380600006,24.939535157000137],[91.70257908700012,24.945075824000185],[91.70548682900017,24.959682364000116],[91.71043930400003,24.965546011000015],[91.70925564900011,24.97131754999998],[91.70341614900008,24.973111204000077],[91.69908964900003,24.98789072300019],[91.69155484000004,24.988161671000057],[91.67384127500014,24.9925377510001],[91.6666345540001,24.99774467100019],[91.66696472600006,25.002894056000173],[91.67974284900015,24.997940293],[91.69355566500013,24.99863084800006],[91.69467349400014,25.00202561499998],[91.68597689500012,25.00643108700018],[91.68320355100013,25.01148464300013],[91.67088880600005,25.01859814300002],[91.66739279500007,25.02392336100013],[91.67920830200006,25.024740867000048],[91.67768533800017,25.03429899100007],[91.66945529499998,25.04126018000005],[91.68415465500016,25.04291801100004],[91.68664508200004,25.048968196000146],[91.68268714100003,25.05651804400003],[91.68873218800007,25.061548251000147],[91.70373315600011,25.063861929999973],[91.71204927600002,25.06942029200019],[91.71978148400012,25.066344760000106],[91.73176334600015,25.068399342000077],[91.73003357100009,25.073333191000188],[91.73408724800004,25.078915044000098],[91.72317385000014,25.086914916000126],[91.71818064900009,25.09297218],[91.71988415600009,25.113087905000043],[91.72693552900012,25.121275851],[91.72671594700006,25.128361109000082],[91.71778396900015,25.1289660060001],[91.719168212,25.13685649900009],[91.71381942100004,25.13766331300002],[91.71092162600019,25.146921508],[91.70273508100007,25.149349694000023]]]},"properties":{"adm2_name":"Sunamganj","adm2_pcode":"BD6090","adm1_pcode":"BD60"}},
{"type":"Feature","geometry":{"type":"Polygon","coordinates":[[[92.25089012400002,24.836149921000015],[92.24299580600001,24.840296846000058],[92.24016052700017,24.857837801000016],[92.2360244090001,24.86385296600008],[92.23884345500011,24.868272193000053],[92.24568928200011,24.866946232000032],[92.24739542200007,24.88495594799997],[92.23597811800005,24.893120691999968],[92.2365924180001,24.90423104900009],[92.24689824600017,24.908800704999976],[92.2730265190001,24.905087360000152],[92.2824791880002,24.906714415000067],[92.2856215380001,24.91204834800004],[92.29464792900012,24.915141160000132],[92.30181699000008,24.91380302099998],[92.30614362700004,24.908685848000175],[92.30669176600014,24.900628029000075],[92.31568253600011,24.894558318000122],[92.32668304600008,24.894477377000044],[92.32777136500016,24.88882567900015],[92.33967036700005,24.87800423500005],[92.3487928420002,24.88915958700005],[92.35405924399998,24.87912058600017],[92.36024523100014,24.877912630000026],[92.36284224200017,24.87220755900006],[92.37389432700007,24.872742978000076],[92.3770485080002,24.863199471000087],[92.38232514200018,24.85957483600015],[92.38591971400007,24.851795542000048],[92.40226019700015,24.850746035000157],[92.40574756500007,24.85913379500016],[92.41688349800012,24.857588747000023],[92.42614369500012,24.852963911000188],[92.43774064600012,24.85694050800015],[92.44429428500013,24.872394025000062],[92.46461583400014,24.8723531280001],[92.47525386300009,24.868374953000057],[92.48028401600016,24.87302093300002],[92.48654419200017,24.87178402000012],[92.49281466800011,24.875657480000143],[92.49099185000006,24.891318151000178],[92.49672359800002,24.902628467],[92.49309338200004,24.90569250300007],[92.49435697700005,24.916481827000155],[92.48784946700005,24.92032496900015],[92.48402998100005,24.931724931000133],[92.48802657500016,24.944386647999977],[92.4852005030001,24.94757025100006],[92.47635252500004,24.942457947000037],[92.46403429100008,24.94193795600006],[92.4524853160001,24.938678478000043],[92.44796534000005,24.943913350000116],[92.45158918700014,24.95234813600007],[92.46706631500012,24.958034781000094],[92.46893972400017,24.962175853000076],[92.46152990700017,24.969593634000034],[92.44996957500007,24.96651708100012],[92.42419708200003,24.96557622400013],[92.41976671000015,24.96968065200008],[92.42258049100013,24.987639266000087],[92.41662931700017,24.992100107000113],[92.42285248700011,25.005889657000125],[92.42554992300018,25.019637155000055],[92.42548985100018,25.02775913100004],[92.4131526340002,25.02892581700013],[92.39856363000013,25.032819859000085],[92.3919283670001,25.039833977000114],[92.37912568300004,25.039367196000114],[92.37606486400017,25.04275469900017],[92.36732196300005,25.04251862900003],[92.36060798100016,25.046775254000067],[92.33948594400016,25.05322254100014],[92.34738629000014,25.059361961000093],[92.34832938600005,25.073348806000126],[92.33209160000013,25.079057869999986],[92.32208581000003,25.078101228000094],[92.31111182800015,25.069286957000088],[92.30058377900008,25.071260333999987],[92.28616245800009,25.077242059000127],[92.2785334580002,25.077910038000084],[92.26676070600007,25.083276082000168],[92.25454237600007,25.08583626400008],[92.23948759300009,25.093136637000043],[92.22741448300019,25.094349768000143],[92.22259032200009,25.10388653700005],[92.20726844000012,25.108678437000094],[92.19628869300004,25.10815099700011],[92.20041457300016,25.119905711000172],[92.1929922270001,25.134241793000115],[92.1887745370002,25.129637382000055],[92.18323173800013,25.117997981000087],[92.17911147500001,25.12407043700017],[92.17180434400018,25.12773653199997],[92.16414931800011,25.125544472000172],[92.15887788300012,25.132971461000125],[92.14285257000012,25.135720404000153],[92.1344222410001,25.143440520000127],[92.13625015300016,25.152770515000157],[92.13017536300009,25.16135912600015],[92.12088269499998,25.163920825000105],[92.10232090400012,25.175042873],[92.09215884800005,25.177477532000125],[92.08175804000012,25.18256205199998],[92.06237037200003,25.187047052000025],[92.04053480300018,25.186129004000065],[92.02537879900007,25.179338957000027],[92.0163633210002,25.187451258000067],[92.00261785900011,25.18603792800019],[91.99468179800016,25.181836864000047],[91.98457697300012,25.17299503400011],[91.97802253100008,25.17266077],[91.97155909100019,25.17586150300008],[91.9564308730001,25.178242467000075],[91.94779440600001,25.177616172000057],[91.92111924300013,25.181682091000084],[91.907018058,25.179822041000023],[91.89853280700004,25.180432214000177],[91.89499849700019,25.176785204000055],[91.88478838700007,25.17747534400013],[91.88087410800011,25.17348072900006],[91.87516058700015,25.176925117000167],[91.86134611200015,25.172892598000033],[91.84790165900017,25.174058690000038],[91.83286407300011,25.17817286899998],[91.8233651290002,25.176990219],[91.81721692700006,25.171615232000192],[91.80537077500014,25.17179408800007],[91.79686187600015,25.168694964000167],[91.78118649400005,25.166261800000086],[91.77533979400005,25.163479171000176],[91.76632549100015,25.167685789000075],[91.75873577000004,25.16837429300017],[91.75481984900011,25.173885073000122],[91.74803607300015,25.174380666000047],[91.74458109200003,25.168020451000018],[91.74920046400013,25.160863002000156],[91.74366547700004,25.15105030900014],[91.74283596000004,25.142123258000026],[91.73637210200008,25.143884078000042],[91.73249855800003,25.150552798999968],[91.7167497160001,25.152869164000094],[91.71550694900003,25.156964363000043],[91.70303001200006,25.1586251760001],[91.70273508100007,25.149349694000023],[91.71092162600019,25.146921508],[91.71381942100004,25.13766331300002],[91.719168212,25.13685649900009],[91.71778396900015,25.1289660060001],[91.72671594700006,25.128361109000082],[91.72693552900012,25.121275851],[91.71988415600009,25.113087905000043],[91.71818064900009,25.09297218],[91.72317385000014,25.086914916000126],[91.73408724800004,25.078915044000098],[91.73003357100009,25.073333191000188],[91.73176334600015,25.068399342000077],[91.71978148400012,25.066344760000106],[91.71204927600002,25.06942029200019],[91.70373315600011,25.063861929999973],[91.68873218800007,25.061548251000147],[91.68268714100003,25.05651804400003],[91.68664508200004,25.048968196000146],[91.68415465500016,25.04291801100004],[91.66945529499998,25.04126018000005],[91.67768533800017,25.03429899100007],[91.67920830200006,25.024740867000048],[91.66739279500007,25.02392336100013],[91.67088880600005,25.01859814300002],[91.68320355100013,25.01148464300013],[91.68597689500012,25.00643108700018],[91.69467349400014,25.00202561499998],[91.69355566500013,24.99863084800006],[91.67974284900015,24.997940293],[91.66696472600006,25.002894056000173],[91.6666345540001,24.99774467100019],[91.67384127500014,24.9925377510001],[91.69155484000004,24.988161671000057],[91.69908964900003,24.98789072300019],[91.70341614900008,24.973111204000077],[91.70925564900011,24.97131754999998],[91.71043930400003,24.965546011000015],[91.70548682900017,24.959682364000116],[91.70257908700012,24.945075824000185],[91.69817380600006,24.939535157000137],[91.68989438500006,24.940945218000024],[91.691407685,24.932522403000064],[91.68884622299998,24.9209406330001],[91.69391649500011,24.917806601000166],[91.69524842400011,24.90674041600016],[91.69061712600006,24.89696755700004],[91.68464801600004,24.89417750800004],[91.68617336700004,24.882269498000085],[91.69762638400005,24.88251208500003],[91.6967502780002,24.870771243999968],[91.68940528200017,24.864326794000192],[91.68386426300009,24.866535961000125],[91.680497107,24.874546259000113],[91.673874824,24.861052720000032],[91.66300163200009,24.85819019000013],[91.65611001700017,24.85067297700016],[91.66365092100006,24.841768610000145],[91.66375357400011,24.83034376700016],[91.66030600600016,24.828515393000032],[91.65911423100005,24.81192910100009],[91.66751484200012,24.80978386700002],[91.67281285700017,24.804876228000126],[91.67492505100012,24.794780947],[91.6715242800002,24.788769657000046],[91.66506230200008,24.788543744000094],[91.65783685800017,24.792497351000065],[91.64781972500009,24.788535961000036],[91.64723346000017,24.77231744500017],[91.66042262500014,24.774478639999984],[91.67069694500009,24.768947024000113],[91.6762966300002,24.759020420000127],[91.67223268200001,24.750109206],[91.66222318600018,24.747976906000133],[91.66239903800016,24.738016060000064],[91.67156575900003,24.731246262000184],[91.67261396600014,24.725033970000084],[91.65810513600013,24.724443466000082],[91.65451932899998,24.71772038400013],[91.65626119900008,24.70943513600014],[91.66168076000002,24.705388913000093],[91.65563613400013,24.701081204000104],[91.65427870600007,24.691703766000103],[91.65082819800006,24.687326573000064],[91.65005852900003,24.679523580000023],[91.65094570200017,24.66506196500012],[91.63924500700006,24.658519886000192],[91.64421297700011,24.653300970000032],[91.64678624400011,24.641498014000092],[91.655052942,24.635831736],[91.65366459100017,24.629525323000053],[91.66123230800008,24.627482600000064],[91.67725802400014,24.634053876],[91.68200088100008,24.627520337000078],[91.68729149300015,24.608297058000176],[91.7015152240001,24.604003874],[91.71990467,24.596373055000072],[91.72903515500008,24.59542424000017],[91.74066054500008,24.600211096000066],[91.74391990400005,24.596769400000085],[91.75149679300017,24.600143918000015],[91.75220484700014,24.606710895000106],[91.76011590700011,24.61403794100005],[91.77119672600008,24.620200893000174],[91.77282927000016,24.626664269000116],[91.78321919100011,24.62748039600001],[91.78047013100007,24.636530358000073],[91.78362610600016,24.641659591],[91.79438432300003,24.64556281600011],[91.80093222800014,24.63732038300003],[91.82535516500019,24.65257063399997],[91.83159443200014,24.65432364800006],[91.84082859300008,24.652946133000057],[91.84647269800018,24.645360701000186],[91.86419173500013,24.651671721000127],[91.86531454000004,24.658090497000103],[91.87704936300008,24.655831697000053],[91.88713102399998,24.656457001000092],[91.89103352800015,24.64602765900014],[91.9021434350002,24.650719057000174],[91.90366839700005,24.663328745000058],[91.9132018840001,24.662221279000107],[91.91108922100017,24.65709306800005],[91.92213696100015,24.653826115000015],[91.92876812200018,24.65804981100007],[91.94691103700006,24.65316855800006],[91.96372890500015,24.646442729],[91.96445414700008,24.642564733000142],[91.97311496300011,24.63761451700003],[91.97864370600007,24.64227476500014],[91.98531884800013,24.642963136000162],[91.99465701100013,24.653034269000045],[92.016133523,24.65056511600011],[92.02966281500017,24.652326192000032],[92.0334901010001,24.660218881000162],[92.03364064700014,24.680922005000184],[92.03624036500014,24.687226488000192],[92.03032144000002,24.698715494000112],[92.03966588500003,24.707016107000072],[92.04408101600006,24.700406417000124],[92.05281955499999,24.701792462000128],[92.06002967100005,24.710161533000075],[92.06240176000017,24.717448064000166],[92.0749222180001,24.716986449000103],[92.07991966000009,24.722800909000114],[92.08415436400014,24.74804844600004],[92.07725776600012,24.74933586700007],[92.07741474000011,24.765903676000164],[92.0915240060001,24.76583137800003],[92.09545649400008,24.757362824000154],[92.10410622000006,24.756736017000037],[92.113946301,24.76569703100006],[92.11866230300012,24.766280340000094],[92.12746289700016,24.76055861700013],[92.14021510600003,24.76442337300017],[92.15132004200012,24.76581465600009],[92.15876875800006,24.771195969000075],[92.16237430100006,24.76962736700017],[92.17612076600011,24.773257030000025],[92.17978085500016,24.769627689000174],[92.19304180800003,24.768098012],[92.1961878940001,24.77159049100004],[92.19723179200014,24.783707493000065],[92.19295588900013,24.787958761000084],[92.19349977400009,24.79863878300017],[92.19801990000019,24.805974563000177],[92.21243696900012,24.80475094400009],[92.21513360500012,24.81402680700012],[92.2319012800001,24.820312867000098],[92.24167955600018,24.818469504000063],[92.24491326100014,24.83105847400003],[92.25089012400002,24.836149921000015]]]},"properties":{"adm2_name":"Sylhet","adm2_pcode":"BD6091","adm1_pcode":"BD60"}}
]}